GRAPH_ID,BASIN_ID,NODE_INDEX,STATION_ID,OUTLET_ID,ROLE,IS_OUTLET,STATIC_QC,log_incremental_area,log_upstream_area,mean_hillslope_flow_distance_m,mean_slope_deg,elevation_std_m,drainage_density_km_per_km2,soil_log_ksat_0_30cm,soil_profile_depth_cm,forest_fraction,impervious_fraction
B001,B001,0,61105000,61105000,outlet,1,ACCEPT,4.085710152,4.085051061,967.9697207,28.60056127,214.2609403,0.5425846138,1.417719662,95.89109039,0.9328358209,0.004647798452
B002,B002,0,611H0397,61106450,upstream,0,ACCEPT,1.87728373,1.876755816,1159.535652,21.31603075,163.0551153,0.4564799514,1.661103129,91.90499878,0.62,0.01219908913
B002,B002,1,611H0393,61106450,upstream,0,ACCEPT,3.327854117,3.327254836,913.7061761,21.97372736,148.8704114,0.530570933,1.620019694,92.4328537,0.2897959184,0.009641781051
B002,B002,2,611H0394,61106450,upstream,0,ACCEPT,3.48536327,3.484758204,1013.672066,22.84860507,178.4662119,0.4716813183,1.594771961,90.64976501,0.4861111111,0.01189426059
B002,B002,3,611H0395,61106450,upstream,0,ACCEPT,3.839448894,4.704834954,1022.69113,20.37655314,200.6340091,0.5862157562,1.600194931,93.10678101,0.2945368171,0.02317992128
B002,B002,4,611H0398,61106450,upstream,0,ACCEPT,0.1168956063,4.705956014,230.1999467,9.431964566,16.61728191,1.019060281,1.466474275,101,0,0.05147058824
B002,B002,5,611H0396,61106450,upstream,0,ACCEPT,3.903244346,5.069763028,1002.216275,23.55640616,283.8954134,0.5417927405,1.608469208,92.6279068,0.2946428571,0.01791570171
B002,B002,6,611H0399,61106450,upstream,0,ACCEPT,0.6929948413,5.076021463,1595.81702,13.6218204,68.75699857,0.1911033742,1.671102266,92.67500305,0.1,0.1167557932
B002,B002,7,611H0361,61106450,upstream,0,ACCEPT,0.2933851495,5.078147048,185.4933247,12.13039474,27.54674041,2.066556292,1.466474275,101,0,0.09840425532
B002,B002,8,61106450,61106450,outlet,1,ACCEPT,4.910781679,5.687440667,1080.31804,21.31564798,264.7193383,0.5723334927,1.558005492,95.09282684,0.2142279709,0.05402029351
B003,B003,0,611H0534,61109600,upstream,0,ACCEPT,3.624936495,3.624312246,882.1559988,23.53857016,186.7048082,0.4974061371,1.454792698,91.83795929,0.3595166163,0.008573117856
B003,B003,1,611H0547,61109600,upstream,0,ACCEPT,4.209702634,4.20907004,954.4827889,16.77015974,298.991559,0.6261307392,1.144957364,95.30548096,0.1468189233,0.04022801303
B003,B003,2,611E1500,61109600,upstream,0,ACCEPT,4.65298283,4.951094463,937.8195203,15.46892721,195.4980564,0.5437275748,1.197719951,97.28295135,0.05362776025,0.07899865737
B003,B003,3,611H0522,61109600,upstream,0,ACCEPT,4.499719217,5.69224245,988.5731181,15.91578251,240.327191,0.6258150874,1.1453378,97.22830963,0.1366384522,0.06969078003
B003,B003,4,61109600,61109600,outlet,1,ACCEPT,4.190203653,5.890405713,1018.519225,11.5884225,111.8410322,0.569882821,1.067882299,99.15940857,0.02006688963,0.4258518836
B004,B004,0,611H1651,61110900,upstream,0,ACCEPT,1.199675862,1.199202682,1649.514834,28.39875988,252.8302812,0.05137409541,1.618983726,91.51999664,0.5833333333,0
B004,B004,1,611K1658,61110900,upstream,0,ACCEPT,2.549916096,2.549293406,967.9704834,18.80231024,107.1533905,0.44469253,1.488842249,85.22285461,0.9174311927,0.001448281119
B004,B004,2,611E1810,61110900,upstream,0,ACCEPT,4.380867638,4.380195621,918.2345712,20.49923126,258.6752162,0.5273035002,1.513856133,93.21553802,0.6834924966,0.02182295232
B004,B004,3,611K1656,61110900,upstream,0,ACCEPT,4.680525458,4.679860743,923.6593407,23.73753359,279.2498156,0.4984089656,1.451115568,88.24385834,0.6737160121,0.004380127698
B004,B004,4,611H1655,61110900,upstream,0,ACCEPT,4.319531878,5.036669383,1080.323316,18.89641196,177.7044781,0.5851775213,1.3768122,95.63516998,0.4562682216,0.09156904401
B004,B004,5,611E1800,61110900,upstream,0,ACCEPT,5.078956151,5.588199966,911.2546149,25.70465152,332.1692267,0.5661243046,1.556699912,91.07325745,0.8135135135,0.005678454017
B004,B004,6,611H1650,61110900,upstream,0,ACCEPT,5.407060622,6.220977177,965.6011901,25.17297384,389.8446357,0.5549537194,1.586324513,87.9369278,0.7325524646,0.007918263091
B004,B004,7,61110900,61110900,outlet,1,ACCEPT,5.014019986,6.691535487,931.5136963,24.30725206,255.7695566,0.616492359,1.479845107,93.89970398,0.6770231214,0.01588534142
B005,B005,0,611H7703,61113300,upstream,0,ACCEPT,3.413266005,3.412551844,976.2900846,13.28715222,75.00610116,0.4507491116,1.406420052,96.54946899,0,0.1346560765
B005,B005,1,61113300,61113300,outlet,1,ACCEPT,4.8860699,5.085605626,880.1960035,16.0715196,96.78675806,0.5792003959,1.372446179,95.28765106,0.05109489051,0.09167785051
B006,B006,0,611H1845,61116100,upstream,0,ACCEPT,1.10003763,1.099517234,1512.468074,15.0999216,21.40326638,0.02101596879,1.016928365,98.66999817,0.4736842105,0.001796138303
B006,B006,1,611H1856,61116100,upstream,0,ACCEPT,1.207276252,1.20673129,1351.433338,23.09219476,83.86154319,0.02540959484,1.010115435,98.66999817,0.652173913,0.002686108979
B006,B006,2,611H1860,61116100,upstream,0,ACCEPT,1.245985797,1.245425177,1090.524417,23.83269096,61.02902257,0.2675254839,1.007844498,98.6700058,0.7916666667,0.0003632401017
B006,B006,3,611H1843,61116100,upstream,0,ACCEPT,1.256835698,1.256274899,1116.702137,20.13608321,53.14793693,0.1883482856,1.007844498,98.66999817,0.375,0.004661168878
B006,B006,4,611H1857,61116100,upstream,0,ACCEPT,1.469897098,1.469290981,1580.969537,22.36396435,43.15488048,0.1466227523,0.9896767338,98.66999817,0.9032258065,0.003496503497
B006,B006,5,611H1844,61116100,upstream,0,ACCEPT,1.514479321,1.513868419,1144.355476,18.59107764,53.36887845,0.2788917725,0.9987605711,98.66999817,0.6060606061,0.0128983308
B006,B006,6,611H1899,61116100,upstream,0,ACCEPT,3.859961242,3.959171066,957.763602,10.43654207,44.8887288,0.573837453,1.147163093,98.82827759,0.07126436782,0.09891131688
B006,B006,7,61116100,61116100,outlet,1,ACCEPT,5.582742202,5.793751619,1092.44602,12.36668093,64.20873784,0.5693399117,1.140728315,100.0421753,0.1804391218,0.06399964654
B007,B007,0,611K0151,611E0470,upstream,0,ACCEPT,3.626838249,3.626203821,875.1756263,28.14451367,157.6064364,0.5391304986,1.558534185,93.20574188,0.9139465875,0.001082118
B007,B007,1,611E0470,611E0470,outlet,1,ACCEPT,4.723583803,5.004401713,942.2335509,24.70897549,185.4909493,0.542560372,1.331505974,95.81570435,0.6373307544,0.01749701526
B008,B008,0,611K0501,611E1460,upstream,0,ACCEPT,4.222496506,4.221857712,833.645072,31.34962685,315.5471534,0.5314602558,1.581361691,88.69944,0.9003215434,1.339423244e-05
B008,B008,1,611H4513,611E1460,upstream,0,ACCEPT,4.155453249,4.874432927,815.143621,27.92412536,296.1250275,0.6252046856,1.470996161,93.24138641,0.5069444444,0.003856354383
B008,B008,2,611E1460,611E1460,outlet,1,ACCEPT,0.7245335978,4.882521445,1444.398525,3.954762332,9.087186831,0.4123699689,1.005597293,101.1900024,0,0.213740458
B009,B009,0,61111950,611E1998,upstream,0,ACCEPT,5.130089668,5.129415283,1031.007698,22.43005636,209.8525418,0.5132461906,1.456981043,92.75919342,0.5137908916,0.01742358102
B009,B009,1,611E1998,611E1998,outlet,1,ACCEPT,3.976771655,5.399190174,1041.247438,10.20954385,24.75472942,0.5628023462,1.526660442,83.24390411,0.01229508197,0.05612297534
B010,B010,0,611H7406,611E2360,upstream,0,ACCEPT,3.660367243,3.659656192,1047.887678,14.37841198,113.0990094,0.4795917388,1.054227074,102.6271439,0.06406685237,0.04980997625
B010,B010,1,611T2300,611E2360,upstream,0,ACCEPT,4.943270493,5.181643297,1000.403346,14.35894683,120.814642,0.5472632074,1.215026359,97.56621552,0.008520526723,0.0298857708
B010,B010,2,611E2360,611E2360,outlet,1,ACCEPT,4.045558261,5.455651212,1058.620703,17.2965082,79.70885396,0.5924387123,1.103609105,98.7230072,0.05323193916,0.0140389115
B011,B011,0,61114260,611E2536,upstream,0,ACCEPT,1.108568029,1.108077629,1418.461994,9.396449652,21.0968975,0,1.072136243,91.34667206,0,0.02559576346
B011,B011,1,611H7405,611E2536,upstream,0,ACCEPT,5.357431099,5.356701141,944.9438619,11.83916357,65.51795955,0.5660342369,1.328909556,98.07735443,0,0.0951427098
B011,B011,2,611E2536,611E2536,outlet,1,ACCEPT,4.585489654,5.739898786,970.2587667,9.422409155,35.69865655,0.5748540668,1.221829275,98.21247101,0.005530973451,0.1384916439
B012,B012,0,611H2656,611E2590,upstream,0,ACCEPT,2.274141756,2.273467974,977.0229411,19.97141542,84.17656813,0.3984220981,0.933720847,101.1900101,0.3536585366,0.04493337465
B012,B012,1,611H2657,611E2590,upstream,0,ACCEPT,2.004690243,2.78080452,1016.841119,15.73111237,69.17227466,0.4447055414,1.191223582,96.7157135,0.1475409836,0.09090909091
B012,B012,2,611E2590,611E2590,outlet,1,ACCEPT,1.014253168,2.884128631,1025.606815,16.64432667,43.35962422,0.6634227814,1.286385636,95.97000122,0,0.000512295082
B013,B013,0,611F2000,611E2820,upstream,0,ACCEPT,5.747324071,5.746576742,981.1312223,20.60379467,167.1941583,0.5810088933,1.123104294,96.04297638,0.5292915531,0.01948693715
B013,B013,1,611F2023,611E2820,upstream,0,ACCEPT,3.786240476,5.875421806,1125.458506,9.938535141,24.8506285,0.4834024532,1.134998461,97.22560883,0,0.08644811025
B013,B013,2,611F2025,611E2820,upstream,0,ACCEPT,4.466620908,6.091699285,988.4468933,9.659676871,25.65528459,0.5673357673,1.153790951,96.86753082,0.002487562189,0.05416143873
B013,B013,3,611E2820,611E2820,outlet,1,ACCEPT,0.4350037965,6.092930074,195.9820006,3.176244051,6.237012787,3.172199375,1.460161308,93.36000061,0,0.4645799012
B014,B014,0,611K2634,611E2920,upstream,0,ACCEPT,1.291154307,1.290610486,1095.900045,18.12517238,72.41196987,0.03194702219,1.544249773,93.83000183,0.04,0.004099760847
B014,B014,1,61116750,611E2920,upstream,0,ACCEPT,1.302536873,1.30198497,1888.585685,16.61463475,48.29052557,0,1.423395932,85.21499634,0,0.02102803738
B014,B014,2,611H2605,611E2920,upstream,0,ACCEPT,1.918404588,1.917763554,1009.813284,16.1942021,83.91317037,0.2858954809,1.536992033,10.77999973,0,0.01039404282
B014,B014,3,611H1952,611E2920,upstream,0,ACCEPT,2.228006193,2.227331924,978.2507236,7.292056517,12.36930628,0.3499362447,1.39741383,89.17182159,0,0.04236827811
B014,B014,4,611K2623,611E2920,upstream,0,ACCEPT,2.311695754,2.311019576,1047.350481,14.81957656,65.96154233,0.3442623386,1.057231983,107.8390884,0,0.01504354711
B014,B014,5,611E2920,611E2920,outlet,1,ACCEPT,5.43027138,5.54719523,957.2244044,9.326969262,52.63851782,0.5486304941,1.331531962,83.78239441,0.002346316283,0.06203405139
B015,B015,0,611E2950,611E2950,outlet,1,ACCEPT,2.21858251,2.217893584,1014.930965,3.483455834,11.17400959,0.6627637636,1.242210507,96.62249756,0,0.1893881138
B016,B016,0,611G3130,611G3160,upstream,0,ACCEPT,1.417279749,1.416799013,1664.500966,14.14311206,99.92895776,0.1015427903,1.50766023,98.13999939,0.1034482759,0.08737024221
B016,B016,1,611H0751,611G3160,upstream,0,ACCEPT,1.982876999,1.982326789,949.4192141,12.02203948,186.2237161,0.850817055,1.538817247,99.04888916,0.2459016393,0.1933486899
B016,B016,2,611G3150,611G3160,upstream,0,ACCEPT,2.39246232,2.391880952,1258.254558,13.30489521,50.26452443,0.4563295461,1.659920812,100.3999939,0,0.2386466437
B016,B016,3,611G3140,611G3160,upstream,0,ACCEPT,5.555241457,5.56662519,1081.239466,15.80358243,190.5336678,0.5628954744,1.535166045,103.3918533,0.2869198312,0.0588091411
B016,B016,4,61108780,611G3160,upstream,0,ACCEPT,4.001033717,5.803217234,1036.763944,11.65833378,135.4512992,0.615572662,1.569169044,98.22750092,0.1428571429,0.1787193374
B016,B016,5,611G3160,611G3160,outlet,1,ACCEPT,3.388959405,5.886050455,1052.545034,16.4457777,65.76587411,0.4942316305,1.675313314,104.0899963,0.1434108527,0.04651601345
B017,B017,0,611H1651,611H1650,upstream,0,ACCEPT,1.199675862,1.199202682,1649.514834,28.39875988,252.8302812,0.05137409541,1.618983726,91.51999664,0.5833333333,0
B017,B017,1,611K1658,611H1650,upstream,0,ACCEPT,2.549916096,2.549293406,967.9704834,18.80231024,107.1533905,0.44469253,1.488842249,85.22285461,0.9174311927,0.001448281119
B017,B017,2,611K1656,611H1650,upstream,0,ACCEPT,4.680525458,4.679860743,923.6593407,23.73753359,279.2498156,0.4984089656,1.451115568,88.24385834,0.6737160121,0.004380127698
B017,B017,3,611E1800,611H1650,upstream,0,ACCEPT,5.078956151,5.588199966,911.2546149,25.70465152,332.1692267,0.5661243046,1.556699912,91.07325745,0.8135135135,0.005678454017
B017,B017,4,611H1650,611H1650,outlet,1,ACCEPT,5.407060622,6.220977177,965.6011901,25.17297384,389.8446357,0.5549537194,1.586324513,87.9369278,0.7325524646,0.007918263091
B018,B018,0,611H2032,611H2032,outlet,1,ACCEPT,0.07995642746,0.07989797712,2155.739063,2.893623978,7.039853781,0,1.460161308,93.36000061,0,0.03260869565
B019,B019,0,612H0511,612E1060,upstream,0,ACCEPT,1.467058736,1.466503746,1226.737912,25.68016296,145.8684202,0.2817041338,1.634150724,93.83000183,0.7741935484,0.004585918533
B019,B019,1,612H0510,612E1060,upstream,0,ACCEPT,1.810689648,1.810089109,1252.976092,30.01098087,148.4701626,0.1929994539,1.586574713,93.06000519,0.5319148936,0.003336259877
B019,B019,2,612K0504,612E1060,upstream,0,ACCEPT,1.866187178,1.865579351,1251.82392,15.34390859,25.5816341,0.2318340278,1.107468208,94.24499512,0,0.01072430292
B019,B019,3,612H0500,612E1060,upstream,0,ACCEPT,5.197684598,5.196966525,932.9275293,24.66333566,290.3128962,0.5696456978,1.570931236,93.06156158,0.4787806336,0.01269193041
B019,B019,4,612E1060,612E1060,outlet,1,ACCEPT,5.284353711,5.967975026,1040.344772,13.71084949,219.2587842,0.6588197504,1.410807351,95.87034607,0.193231441,0.09663484027
B020,B020,0,612E1940,612E1940,outlet,1,ACCEPT,4.850528346,4.849773053,912.6165263,19.66598127,127.8962449,0.5694451638,1.30820471,94.02217102,0.2760067114,0.03354671133
B021,B021,0,612H1255,612E2390,upstream,0,ACCEPT,4.824251308,4.823485572,884.8488547,28.1232007,169.6491226,0.5333827495,1.636880914,91.55828094,0.8313253012,0.00434506842
B021,B021,1,612E2390,612E2390,outlet,1,ACCEPT,2.148439739,4.88252607,1164.172829,23.73965437,102.5875787,0.52475686,1.650479933,93.62000275,0.2857142857,0.04519505233
B022,B022,0,612E2790,612E2800,upstream,0,ACCEPT,5.253763033,5.25299225,939.2695238,21.12252753,163.8008656,0.5465976598,1.299844066,95.7747879,0.1903171953,0.02244587168
B022,B022,1,612E2800,612E2800,outlet,1,ACCEPT,3.972106223,5.493855401,1131.610716,14.33621507,95.7915641,0.5264618109,1.171414018,96.77468872,0.07739307536,0.05391682785
B023,B023,0,613H0213,613E1450,upstream,0,ACCEPT,2.960944111,2.960231348,902.4852791,18.25386581,65.53585729,0.572132977,0.8927803536,80.31306458,0,0.0561593312
B023,B023,1,613H0215,613E1450,upstream,0,ACCEPT,2.963261487,2.962552853,947.5089322,17.50663074,48.59807244,0.5654286774,0.9487998188,82.95500946,0,0.03312588818
B023,B023,2,613H0214,613E1450,upstream,0,ACCEPT,2.577567175,3.450091264,848.0271313,20.70665162,66.14853677,0.5996233303,0.9054848651,93.29999542,0.05309734513,0.03533934644
B023,B023,3,613E0900,613E1450,upstream,0,ACCEPT,3.992800458,4.438759974,913.3823469,16.08326883,63.86483029,0.6213211924,0.921133558,84.30646515,0.01204819277,0.03579705977
B023,B023,4,613H0212,613E1450,upstream,0,ACCEPT,2.624579165,4.579432321,1033.270284,17.85874349,60.18153569,0.6172762242,0.9172470371,89.67500305,0,0.03067958439
B023,B023,5,61310550,613E1450,upstream,0,ACCEPT,5.75891239,6.067332716,921.6917959,21.34905037,101.7195402,0.6128091949,1.245313148,89.66520691,0.1265141319,0.02575676884
B023,B023,6,613E1450,613E1450,outlet,1,ACCEPT,3.128215503,6.116653428,898.8668546,19.88794792,55.5317956,0.6033465643,1.256598075,83.34625244,0,0.01926488181
B024,B024,0,613K0001,613E1540,upstream,0,ACCEPT,3.645737427,3.644992207,948.0791837,24.68033123,162.1563417,0.5152192622,1.382957598,88.50687408,0.04545454545,0.03341294541
B024,B024,1,613E1630,613E1540,upstream,0,ACCEPT,3.878373781,3.877631027,861.3934799,17.38430069,76.38992253,0.651856736,1.131206055,90.89789581,0.04474272931,0.05706516572
B024,B024,2,613H0207,613E1540,upstream,0,ACCEPT,5.405161625,5.597284476,943.5596537,24.30441708,189.4311798,0.5570219491,1.253518085,91.3837204,0.07306590258,0.02959779337
B024,B024,3,613E1540,613E1540,outlet,1,ACCEPT,4.377632961,5.95470861,809.7211347,25.77415765,180.499612,0.6550995992,1.116699636,90.82442474,0.04365620737,0.1077209962
B025,B025,0,613H2404,613E2580,upstream,0,ACCEPT,4.430636936,4.429839577,813.9228857,22.57619155,171.1066187,0.5186622784,1.46691678,83.23381042,0.1304347826,0.006021024768
B025,B025,1,613E2580,613E2580,outlet,1,ACCEPT,3.797694608,4.847969032,779.2468747,26.53533382,114.368041,0.567176233,1.577249487,80.42518616,0.3036144578,0.004993809327
B026,B026,0,613H2228,613E2680,upstream,0,ACCEPT,4.568623323,4.567849272,924.7253052,27.10111545,200.902274,0.4977673413,1.749751925,92.32208252,0.7464008859,0.004526892571
B026,B026,1,613E2680,613E2680,outlet,1,ACCEPT,6.132567997,6.32003868,945.9107336,22.57395858,188.2410886,0.5930415018,1.534579058,93.48104095,0.3750866651,0.01527287112
B027,B027,0,613K2251,613E2810,upstream,0,ACCEPT,3.62809064,3.627305589,1076.618877,14.87578037,53.12449159,0.57823461,1.295577486,88.47468567,0.1358381503,0.01326227374
B027,B027,1,613E2810,613E2810,outlet,1,ACCEPT,5.028922013,5.243109689,1048.542862,9.26315466,36.02775716,0.5955080601,1.282825132,94.1746521,0.02494802495,0.03608192405
B028,B028,0,613H0107,613G1535,upstream,0,ACCEPT,3.322235765,3.321504945,890.7171286,21.19193611,66.32367874,0.5334016758,1.564048628,82.1958847,0.04724409449,0.008719657947
B028,B028,1,613G1535,613G1535,outlet,1,ACCEPT,4.662087477,4.886427627,999.206918,18.42009242,108.8389974,0.6803566595,1.485504131,81.70014954,0.07381193124,0.01981532019
B029,B029,0,613E0590,613H1300,upstream,0,ACCEPT,5.136204485,5.135502642,1040.96483,18.03169783,108.9021596,0.552198333,1.388826887,95.19718933,0.1201525747,0.03556771546
B029,B029,1,613H1300,613H1300,outlet,1,ACCEPT,4.601253465,5.592811928,1050.479342,18.96650926,120.5963201,0.522891683,1.406188965,95.16453552,0.06318082789,0.08918028598
B030,B030,0,613H1902,613H9508,upstream,0,ACCEPT,3.092316123,3.091638496,793.0440221,22.37350238,202.5267729,0.4874792048,1.568498572,91.6296463,0.1288659794,0.002309863975
B030,B030,1,613E1060,613H9508,upstream,0,ACCEPT,6.00070791,6.000001762,928.5078683,24.40210335,248.436969,0.5339872666,1.522338808,92.11506653,0.4886817577,0.005397492345
B030,B030,2,613H9504,613H9508,upstream,0,ACCEPT,4.120388068,6.184113024,838.903558,20.4321212,127.1083948,0.5979358831,1.397865653,95.42350769,0.003496503497,0.01184144058
B030,B030,3,613H9508,613H9508,outlet,1,ACCEPT,1.142723411,6.188503034,786.2613366,9.033853135,18.93758088,0.7408546334,1.416603883,95.13000488,0,0.08453085376
B031,B031,0,614E1950,61402050,upstream,0,ACCEPT,3.55443049,3.553633248,974.34772,25.36367887,140.6800235,0.4467167597,1.525596817,89.55063629,0.8159509202,0.01242153773
B031,B031,1,614G2040,61402050,upstream,0,ACCEPT,4.060924739,4.520930234,919.065493,27.69753161,199.7018925,0.5489420741,1.540700773,88.45973969,0.9060773481,0.003045845498
B031,B031,2,61402050,61402050,outlet,1,ACCEPT,3.892372288,4.940990333,932.380611,24.5704169,177.2296187,0.5659266271,1.598597288,78.69158936,0.5505376344,0.04581053736
B032,B032,0,614H0033,614E1550,upstream,0,ACCEPT,2.140963895,2.140239549,1104.83799,27.00016072,197.9647724,0.607367857,1.569687068,91.50100708,0.3648648649,0.01751019429
B032,B032,1,614E1550,614E1550,outlet,1,ACCEPT,4.839440993,4.896324046,965.0128195,22.77394404,178.0003859,0.5632461297,1.600643476,92.10720825,0.17003367,0.04591917307
B033,B033,0,61510100,61510100,outlet,1,ACCEPT,3.384724801,3.383962538,1015.664118,21.61597111,67.20328205,0.6333777632,1.131702244,97.27263641,0.4375,0.01360179253
B034,B034,0,617E2950,61711890,upstream,0,ACCEPT,4.506149369,4.505331894,1092.307214,13.59876264,74.52162804,0.5531100015,1.227713625,94.42443085,0.1010452962,0.07622980468
B034,B034,1,61711890,61711890,outlet,1,ACCEPT,4.994230241,5.467790211,1093.910914,12.56876672,64.38206919,0.5206610462,1.259452085,96.25106812,0.04816678648,0.1252387181
B035,B035,0,810G0060,810G0060,outlet,1,ACCEPT,5.291848451,5.291225091,965.5001321,18.20873007,269.4277112,0.6153707883,1.339236816,88.29663086,0.2719249862,0.04931128975
