EVENT_ID,GRAPH_ID,OUTLET_ID,EVENT_YEAR,EVENT_TYPE,EVENT_GRADE,SPLIT,SPLIT_REASON
B022_F0001,B022,612E2800,2021,HYDRO_FLOOD,A,TRAIN,GLOBAL_CHRONOLOGICAL_EVENT_SPLIT
B021_F0001,B021,612E2390,2021,HYDRO_FLOOD,B,TRAIN,GLOBAL_CHRONOLOGICAL_EVENT_SPLIT
B024_F0001,B024,613E1540,2021,HYDRO_FLOOD,A,TRAIN,GLOBAL_CHRONOLOGICAL_EVENT_SPLIT
B017_F0001,B017,611H1650,2021,HYDRO_FLOOD,A,TRAIN,GLOBAL_CHRONOLOGICAL_EVENT_SPLIT
B011_F0001,B011,611E2536,2021,HYDRO_FLOOD,A,TRAIN,GLOBAL_CHRONOLOGICAL_EVENT_SPLIT
B017_F0002,B017,611H1650,2021,HYDRO_FLOOD,A,TRAIN,GLOBAL_CHRONOLOGICAL_EVENT_SPLIT
B025_F0001,B025,613E2580,2021,HYDRO_FLOOD,A,TRAIN,GLOBAL_CHRONOLOGICAL_EVENT_SPLIT
B034_F0001,B034,61711890,2021,HYDRO_FLOOD,A,TRAIN,GLOBAL_CHRONOLOGICAL_EVENT_SPLIT
B006_F0001,B006,61116100,2021,HYDRO_FLOOD,A,TRAIN,GLOBAL_CHRONOLOGICAL_EVENT_SPLIT
B019_F0001,B019,612E1060,2021,HYDRO_FLOOD,A,TRAIN,GLOBAL_CHRONOLOGICAL_EVENT_SPLIT
B025_F0002,B025,613E2580,2021,HYDRO_FLOOD,A,TRAIN,GLOBAL_CHRONOLOGICAL_EVENT_SPLIT
B032_F0001,B032,614E1550,2021,HYDRO_FLOOD,A,TRAIN,GLOBAL_CHRONOLOGICAL_EVENT_SPLIT
B031_F0001,B031,61402050,2021,HYDRO_FLOOD,A,TRAIN,GLOBAL_CHRONOLOGICAL_EVENT_SPLIT
B034_F0002,B034,61711890,2021,HYDRO_FLOOD,A,TRAIN,GLOBAL_CHRONOLOGICAL_EVENT_SPLIT
B006_F0002,B006,61116100,2021,HYDRO_FLOOD,A,TRAIN,GLOBAL_CHRONOLOGICAL_EVENT_SPLIT
B013_F0001,B013,611E2820,2021,HYDRO_FLOOD,A,TRAIN,GLOBAL_CHRONOLOGICAL_EVENT_SPLIT
B018_F0001,B018,611H2032,2021,HYDRO_FLOOD,A,TRAIN,GLOBAL_CHRONOLOGICAL_EVENT_SPLIT
B005_F0001,B005,61113300,2021,HYDRO_FLOOD,A,TRAIN,GLOBAL_CHRONOLOGICAL_EVENT_SPLIT
B018_F0002,B018,611H2032,2021,HYDRO_FLOOD,A,TRAIN,GLOBAL_CHRONOLOGICAL_EVENT_SPLIT
B020_F0001,B020,612E1940,2021,HYDRO_FLOOD,A,TRAIN,GLOBAL_CHRONOLOGICAL_EVENT_SPLIT
B034_F0003,B034,61711890,2021,HYDRO_FLOOD,A,TRAIN,GLOBAL_CHRONOLOGICAL_EVENT_SPLIT
B022_F0002,B022,612E2800,2021,HYDRO_FLOOD,A,TRAIN,GLOBAL_CHRONOLOGICAL_EVENT_SPLIT
B006_F0003,B006,61116100,2021,HYDRO_FLOOD,A,TRAIN,GLOBAL_CHRONOLOGICAL_EVENT_SPLIT
B010_F0001,B010,611E2360,2021,HYDRO_FLOOD,A,TRAIN,GLOBAL_CHRONOLOGICAL_EVENT_SPLIT
B003_F0001,B003,61109600,2021,HYDRO_FLOOD,A,TRAIN,GLOBAL_CHRONOLOGICAL_EVENT_SPLIT
B019_F0002,B019,612E1060,2021,HYDRO_FLOOD,A,TRAIN,GLOBAL_CHRONOLOGICAL_EVENT_SPLIT
B021_F0002,B021,612E2390,2021,HYDRO_FLOOD,B,TRAIN,GLOBAL_CHRONOLOGICAL_EVENT_SPLIT
B031_F0002,B031,61402050,2021,HYDRO_FLOOD,A,TRAIN,GLOBAL_CHRONOLOGICAL_EVENT_SPLIT
B019_F0003,B019,612E1060,2021,HYDRO_FLOOD,B,TRAIN,GLOBAL_CHRONOLOGICAL_EVENT_SPLIT
B016_F0001,B016,611G3160,2021,HYDRO_FLOOD,A,TRAIN,GLOBAL_CHRONOLOGICAL_EVENT_SPLIT
B008_F0001,B008,611E1460,2021,HYDRO_FLOOD,B,TRAIN,GLOBAL_CHRONOLOGICAL_EVENT_SPLIT
B032_F0002,B032,614E1550,2021,HYDRO_FLOOD,B,TRAIN,GLOBAL_CHRONOLOGICAL_EVENT_SPLIT
B022_F0003,B022,612E2800,2021,HYDRO_FLOOD,B,TRAIN,GLOBAL_CHRONOLOGICAL_EVENT_SPLIT
B019_F0004,B019,612E1060,2021,HYDRO_FLOOD,A,TRAIN,GLOBAL_CHRONOLOGICAL_EVENT_SPLIT
B033_F0001,B033,61510100,2021,HYDRO_FLOOD,A,TRAIN,GLOBAL_CHRONOLOGICAL_EVENT_SPLIT
B031_F0003,B031,61402050,2021,HYDRO_FLOOD,B,TRAIN,GLOBAL_CHRONOLOGICAL_EVENT_SPLIT
B033_F0002,B033,61510100,2021,HYDRO_FLOOD,A,TRAIN,GLOBAL_CHRONOLOGICAL_EVENT_SPLIT
B034_F0004,B034,61711890,2021,HYDRO_FLOOD,A,TRAIN,GLOBAL_CHRONOLOGICAL_EVENT_SPLIT
B022_F0004,B022,612E2800,2021,HYDRO_FLOOD,B,TRAIN,GLOBAL_CHRONOLOGICAL_EVENT_SPLIT
B014_F0001,B014,611E2920,2021,HYDRO_FLOOD,A,TRAIN,GLOBAL_CHRONOLOGICAL_EVENT_SPLIT
B020_F0002,B020,612E1940,2021,HYDRO_FLOOD,B,TRAIN,GLOBAL_CHRONOLOGICAL_EVENT_SPLIT
B018_F0003,B018,611H2032,2021,HYDRO_FLOOD,B,TRAIN,GLOBAL_CHRONOLOGICAL_EVENT_SPLIT
B019_F0005,B019,612E1060,2021,HYDRO_FLOOD,A,TRAIN,GLOBAL_CHRONOLOGICAL_EVENT_SPLIT
B006_F0004,B006,61116100,2021,HYDRO_FLOOD,A,TRAIN,GLOBAL_CHRONOLOGICAL_EVENT_SPLIT
B033_F0003,B033,61510100,2021,HYDRO_FLOOD,B,TRAIN,GLOBAL_CHRONOLOGICAL_EVENT_SPLIT
B011_F0002,B011,611E2536,2021,HYDRO_FLOOD,A,TRAIN,GLOBAL_CHRONOLOGICAL_EVENT_SPLIT
B021_F0003,B021,612E2390,2021,HYDRO_FLOOD,B,TRAIN,GLOBAL_CHRONOLOGICAL_EVENT_SPLIT
B020_F0003,B020,612E1940,2021,HYDRO_FLOOD,A,TRAIN,GLOBAL_CHRONOLOGICAL_EVENT_SPLIT
B023_F0001,B023,613E1450,2021,HYDRO_FLOOD,A,TRAIN,GLOBAL_CHRONOLOGICAL_EVENT_SPLIT
B024_F0002,B024,613E1540,2021,HYDRO_FLOOD,A,TRAIN,GLOBAL_CHRONOLOGICAL_EVENT_SPLIT
B005_F0002,B005,61113300,2021,HYDRO_FLOOD,A,TRAIN,GLOBAL_CHRONOLOGICAL_EVENT_SPLIT
B019_F0006,B019,612E1060,2021,HYDRO_FLOOD,A,TRAIN,GLOBAL_CHRONOLOGICAL_EVENT_SPLIT
B006_F0005,B006,61116100,2021,HYDRO_FLOOD,A,TRAIN,GLOBAL_CHRONOLOGICAL_EVENT_SPLIT
B010_F0002,B010,611E2360,2021,HYDRO_FLOOD,A,TRAIN,GLOBAL_CHRONOLOGICAL_EVENT_SPLIT
B033_F0004,B033,61510100,2021,HYDRO_FLOOD,B,TRAIN,GLOBAL_CHRONOLOGICAL_EVENT_SPLIT
B003_F0002,B003,61109600,2021,HYDRO_FLOOD,A,TRAIN,GLOBAL_CHRONOLOGICAL_EVENT_SPLIT
B033_F0005,B033,61510100,2021,HYDRO_FLOOD,A,TRAIN,GLOBAL_CHRONOLOGICAL_EVENT_SPLIT
B010_F0003,B010,611E2360,2021,HYDRO_FLOOD,A,TRAIN,GLOBAL_CHRONOLOGICAL_EVENT_SPLIT
B019_F0007,B019,612E1060,2021,HYDRO_FLOOD,B,TRAIN,GLOBAL_CHRONOLOGICAL_EVENT_SPLIT
B010_F0004,B010,611E2360,2021,HYDRO_FLOOD,A,TRAIN,GLOBAL_CHRONOLOGICAL_EVENT_SPLIT
B030_F0001,B030,613H9508,2021,HYDRO_FLOOD,A,TRAIN,GLOBAL_CHRONOLOGICAL_EVENT_SPLIT
B021_F0004,B021,612E2390,2021,HYDRO_FLOOD,B,TRAIN,GLOBAL_CHRONOLOGICAL_EVENT_SPLIT
B003_F0003,B003,61109600,2021,HYDRO_FLOOD,A,TRAIN,GLOBAL_CHRONOLOGICAL_EVENT_SPLIT
B008_F0003,B008,611E1460,2021,HYDRO_FLOOD,A,TRAIN,GLOBAL_CHRONOLOGICAL_EVENT_SPLIT
B001_F0001,B001,61105000,2021,HYDRO_FLOOD,A,TRAIN,GLOBAL_CHRONOLOGICAL_EVENT_SPLIT
B016_F0002,B016,611G3160,2021,HYDRO_FLOOD,A,TRAIN,GLOBAL_CHRONOLOGICAL_EVENT_SPLIT
B023_F0002,B023,613E1450,2021,HYDRO_FLOOD,A,TRAIN,GLOBAL_CHRONOLOGICAL_EVENT_SPLIT
B011_F0003,B011,611E2536,2021,HYDRO_FLOOD,A,TRAIN,GLOBAL_CHRONOLOGICAL_EVENT_SPLIT
B013_F0002,B013,611E2820,2021,HYDRO_FLOOD,A,TRAIN,GLOBAL_CHRONOLOGICAL_EVENT_SPLIT
B011_F0004,B011,611E2536,2021,HYDRO_FLOOD,A,TRAIN,GLOBAL_CHRONOLOGICAL_EVENT_SPLIT
B017_F0003,B017,611H1650,2021,HYDRO_FLOOD,A,TRAIN,GLOBAL_CHRONOLOGICAL_EVENT_SPLIT
B011_F0005,B011,611E2536,2021,HYDRO_FLOOD,A,TRAIN,GLOBAL_CHRONOLOGICAL_EVENT_SPLIT
B023_F0003,B023,613E1450,2021,HYDRO_FLOOD,A,TRAIN,GLOBAL_CHRONOLOGICAL_EVENT_SPLIT
B024_F0003,B024,613E1540,2021,HYDRO_FLOOD,B,TRAIN,GLOBAL_CHRONOLOGICAL_EVENT_SPLIT
B004_F0001,B004,61110900,2021,HYDRO_FLOOD,A,TRAIN,GLOBAL_CHRONOLOGICAL_EVENT_SPLIT
B016_F0003,B016,611G3160,2021,HYDRO_FLOOD,A,TRAIN,GLOBAL_CHRONOLOGICAL_EVENT_SPLIT
B030_F0002,B030,613H9508,2021,HYDRO_FLOOD,A,TRAIN,GLOBAL_CHRONOLOGICAL_EVENT_SPLIT
B013_F0003,B013,611E2820,2021,HYDRO_FLOOD,A,TRAIN,GLOBAL_CHRONOLOGICAL_EVENT_SPLIT
B003_F0004,B003,61109600,2021,HYDRO_FLOOD,A,TRAIN,GLOBAL_CHRONOLOGICAL_EVENT_SPLIT
B016_F0004,B016,611G3160,2021,HYDRO_FLOOD,A,TRAIN,GLOBAL_CHRONOLOGICAL_EVENT_SPLIT
B002_F0001,B002,61106450,2021,HYDRO_FLOOD,A,TRAIN,GLOBAL_CHRONOLOGICAL_EVENT_SPLIT
B017_F0004,B017,611H1650,2021,HYDRO_FLOOD,A,TRAIN,GLOBAL_CHRONOLOGICAL_EVENT_SPLIT
B021_F0006,B021,612E2390,2021,HYDRO_FLOOD,A,TRAIN,GLOBAL_CHRONOLOGICAL_EVENT_SPLIT
B020_F0004,B020,612E1940,2021,HYDRO_FLOOD,A,TRAIN,GLOBAL_CHRONOLOGICAL_EVENT_SPLIT
B001_F0002,B001,61105000,2021,HYDRO_FLOOD,B,TRAIN,GLOBAL_CHRONOLOGICAL_EVENT_SPLIT
B029_F0001,B029,613H1300,2021,HYDRO_FLOOD,A,TRAIN,GLOBAL_CHRONOLOGICAL_EVENT_SPLIT
B032_F0003,B032,614E1550,2021,HYDRO_FLOOD,A,TRAIN,GLOBAL_CHRONOLOGICAL_EVENT_SPLIT
B028_F0001,B028,613G1535,2021,HYDRO_FLOOD,A,TRAIN,GLOBAL_CHRONOLOGICAL_EVENT_SPLIT
B030_F0003,B030,613H9508,2021,HYDRO_FLOOD,A,TRAIN,GLOBAL_CHRONOLOGICAL_EVENT_SPLIT
B010_F0005,B010,611E2360,2021,HYDRO_FLOOD,A,TRAIN,GLOBAL_CHRONOLOGICAL_EVENT_SPLIT
B002_F0002,B002,61106450,2021,HYDRO_FLOOD,A,TRAIN,GLOBAL_CHRONOLOGICAL_EVENT_SPLIT
B031_F0004,B031,61402050,2021,HYDRO_FLOOD,A,TRAIN,GLOBAL_CHRONOLOGICAL_EVENT_SPLIT
B032_F0004,B032,614E1550,2021,HYDRO_FLOOD,A,TRAIN,GLOBAL_CHRONOLOGICAL_EVENT_SPLIT
B032_F0005,B032,614E1550,2021,HYDRO_FLOOD,A,TRAIN,GLOBAL_CHRONOLOGICAL_EVENT_SPLIT
B004_F0002,B004,61110900,2021,HYDRO_FLOOD,A,TRAIN,GLOBAL_CHRONOLOGICAL_EVENT_SPLIT
B003_F0005,B003,61109600,2021,HYDRO_FLOOD,A,TRAIN,GLOBAL_CHRONOLOGICAL_EVENT_SPLIT
B021_F0007,B021,612E2390,2021,HYDRO_FLOOD,B,TRAIN,GLOBAL_CHRONOLOGICAL_EVENT_SPLIT
B028_F0002,B028,613G1535,2021,HYDRO_FLOOD,B,TRAIN,GLOBAL_CHRONOLOGICAL_EVENT_SPLIT
B024_F0004,B024,613E1540,2021,HYDRO_FLOOD,A,TRAIN,GLOBAL_CHRONOLOGICAL_EVENT_SPLIT
B005_F0003,B005,61113300,2021,HYDRO_FLOOD,A,TRAIN,GLOBAL_CHRONOLOGICAL_EVENT_SPLIT
B003_F0006,B003,61109600,2021,HYDRO_FLOOD,A,TRAIN,GLOBAL_CHRONOLOGICAL_EVENT_SPLIT
B032_F0006,B032,614E1550,2021,HYDRO_FLOOD,A,TRAIN,GLOBAL_CHRONOLOGICAL_EVENT_SPLIT
B033_F0006,B033,61510100,2021,HYDRO_FLOOD,B,TRAIN,GLOBAL_CHRONOLOGICAL_EVENT_SPLIT
B031_F0005,B031,61402050,2021,HYDRO_FLOOD,B,TRAIN,GLOBAL_CHRONOLOGICAL_EVENT_SPLIT
B005_F0004,B005,61113300,2021,HYDRO_FLOOD,A,TRAIN,GLOBAL_CHRONOLOGICAL_EVENT_SPLIT
B030_F0004,B030,613H9508,2021,HYDRO_FLOOD,A,TRAIN,GLOBAL_CHRONOLOGICAL_EVENT_SPLIT
B025_F0003,B025,613E2580,2021,HYDRO_FLOOD,A,TRAIN,GLOBAL_CHRONOLOGICAL_EVENT_SPLIT
B031_F0006,B031,61402050,2021,HYDRO_FLOOD,A,TRAIN,GLOBAL_CHRONOLOGICAL_EVENT_SPLIT
B031_F0007,B031,61402050,2021,HYDRO_FLOOD,A,TRAIN,GLOBAL_CHRONOLOGICAL_EVENT_SPLIT
B031_F0008,B031,61402050,2021,HYDRO_FLOOD,B,TRAIN,GLOBAL_CHRONOLOGICAL_EVENT_SPLIT
B003_F0007,B003,61109600,2021,HYDRO_FLOOD,A,TRAIN,GLOBAL_CHRONOLOGICAL_EVENT_SPLIT
B003_F0008,B003,61109600,2021,HYDRO_FLOOD,A,TRAIN,GLOBAL_CHRONOLOGICAL_EVENT_SPLIT
B010_F0006,B010,611E2360,2021,HYDRO_FLOOD,B,TRAIN,GLOBAL_CHRONOLOGICAL_EVENT_SPLIT
B022_F0005,B022,612E2800,2021,HYDRO_FLOOD,A,TRAIN,GLOBAL_CHRONOLOGICAL_EVENT_SPLIT
B003_F0009,B003,61109600,2021,HYDRO_FLOOD,A,TRAIN,GLOBAL_CHRONOLOGICAL_EVENT_SPLIT
B016_F0005,B016,611G3160,2021,HYDRO_FLOOD,A,TRAIN,GLOBAL_CHRONOLOGICAL_EVENT_SPLIT
B007_F0001,B007,611E0470,2021,HYDRO_FLOOD,A,TRAIN,GLOBAL_CHRONOLOGICAL_EVENT_SPLIT
B022_F0006,B022,612E2800,2021,HYDRO_FLOOD,A,TRAIN,GLOBAL_CHRONOLOGICAL_EVENT_SPLIT
B006_F0006,B006,61116100,2021,HYDRO_FLOOD,A,TRAIN,GLOBAL_CHRONOLOGICAL_EVENT_SPLIT
B032_F0007,B032,614E1550,2021,HYDRO_FLOOD,A,TRAIN,GLOBAL_CHRONOLOGICAL_EVENT_SPLIT
B028_F0003,B028,613G1535,2021,HYDRO_FLOOD,B,TRAIN,GLOBAL_CHRONOLOGICAL_EVENT_SPLIT
B021_F0008,B021,612E2390,2021,HYDRO_FLOOD,A,TRAIN,GLOBAL_CHRONOLOGICAL_EVENT_SPLIT
B004_F0003,B004,61110900,2021,HYDRO_FLOOD,B,TRAIN,GLOBAL_CHRONOLOGICAL_EVENT_SPLIT
B010_F0007,B010,611E2360,2021,HYDRO_FLOOD,A,TRAIN,GLOBAL_CHRONOLOGICAL_EVENT_SPLIT
B024_F0005,B024,613E1540,2021,HYDRO_FLOOD,B,TRAIN,GLOBAL_CHRONOLOGICAL_EVENT_SPLIT
B020_F0005,B020,612E1940,2021,HYDRO_FLOOD,A,TRAIN,GLOBAL_CHRONOLOGICAL_EVENT_SPLIT
B031_F0009,B031,61402050,2021,HYDRO_FLOOD,A,TRAIN,GLOBAL_CHRONOLOGICAL_EVENT_SPLIT
B032_F0008,B032,614E1550,2021,HYDRO_FLOOD,A,TRAIN,GLOBAL_CHRONOLOGICAL_EVENT_SPLIT
B003_F0010,B003,61109600,2021,HYDRO_FLOOD,A,TRAIN,GLOBAL_CHRONOLOGICAL_EVENT_SPLIT
B001_F0003,B001,61105000,2021,HYDRO_FLOOD,A,TRAIN,GLOBAL_CHRONOLOGICAL_EVENT_SPLIT
B006_F0007,B006,61116100,2021,HYDRO_FLOOD,A,TRAIN,GLOBAL_CHRONOLOGICAL_EVENT_SPLIT
B032_F0009,B032,614E1550,2021,HYDRO_FLOOD,B,TRAIN,GLOBAL_CHRONOLOGICAL_EVENT_SPLIT
B025_F0004,B025,613E2580,2021,HYDRO_FLOOD,A,TRAIN,GLOBAL_CHRONOLOGICAL_EVENT_SPLIT
B023_F0004,B023,613E1450,2021,HYDRO_FLOOD,A,TRAIN,GLOBAL_CHRONOLOGICAL_EVENT_SPLIT
B014_F0002,B014,611E2920,2021,HYDRO_FLOOD,A,TRAIN,GLOBAL_CHRONOLOGICAL_EVENT_SPLIT
B003_F0011,B003,61109600,2021,HYDRO_FLOOD,A,TRAIN,GLOBAL_CHRONOLOGICAL_EVENT_SPLIT
B007_F0002,B007,611E0470,2021,HYDRO_FLOOD,A,TRAIN,GLOBAL_CHRONOLOGICAL_EVENT_SPLIT
B008_F0004,B008,611E1460,2021,HYDRO_FLOOD,A,TRAIN,GLOBAL_CHRONOLOGICAL_EVENT_SPLIT
B019_F0008,B019,612E1060,2021,HYDRO_FLOOD,A,TRAIN,GLOBAL_CHRONOLOGICAL_EVENT_SPLIT
B007_F0003,B007,611E0470,2021,HYDRO_FLOOD,A,TRAIN,GLOBAL_CHRONOLOGICAL_EVENT_SPLIT
B022_F0007,B022,612E2800,2021,HYDRO_FLOOD,A,TRAIN,GLOBAL_CHRONOLOGICAL_EVENT_SPLIT
B019_F0009,B019,612E1060,2021,HYDRO_FLOOD,A,TRAIN,GLOBAL_CHRONOLOGICAL_EVENT_SPLIT
B007_F0004,B007,611E0470,2021,HYDRO_FLOOD,A,TRAIN,GLOBAL_CHRONOLOGICAL_EVENT_SPLIT
B031_F0010,B031,61402050,2021,HYDRO_FLOOD,A,TRAIN,GLOBAL_CHRONOLOGICAL_EVENT_SPLIT
B025_F0005,B025,613E2580,2021,HYDRO_FLOOD,A,TRAIN,GLOBAL_CHRONOLOGICAL_EVENT_SPLIT
B008_F0005,B008,611E1460,2021,HYDRO_FLOOD,A,TRAIN,GLOBAL_CHRONOLOGICAL_EVENT_SPLIT
B007_F0005,B007,611E0470,2021,HYDRO_FLOOD,A,TRAIN,GLOBAL_CHRONOLOGICAL_EVENT_SPLIT
B008_F0006,B008,611E1460,2021,HYDRO_FLOOD,A,TRAIN,GLOBAL_CHRONOLOGICAL_EVENT_SPLIT
B019_F0010,B019,612E1060,2021,HYDRO_FLOOD,B,TRAIN,GLOBAL_CHRONOLOGICAL_EVENT_SPLIT
B020_F0006,B020,612E1940,2021,HYDRO_FLOOD,A,TRAIN,GLOBAL_CHRONOLOGICAL_EVENT_SPLIT
B016_F0006,B016,611G3160,2021,HYDRO_FLOOD,A,TRAIN,GLOBAL_CHRONOLOGICAL_EVENT_SPLIT
B034_F0005,B034,61711890,2021,HYDRO_FLOOD,B,TRAIN,GLOBAL_CHRONOLOGICAL_EVENT_SPLIT
B003_F0012,B003,61109600,2021,HYDRO_FLOOD,A,TRAIN,GLOBAL_CHRONOLOGICAL_EVENT_SPLIT
B008_F0007,B008,611E1460,2021,HYDRO_FLOOD,A,TRAIN,GLOBAL_CHRONOLOGICAL_EVENT_SPLIT
B019_F0011,B019,612E1060,2021,HYDRO_FLOOD,A,TRAIN,GLOBAL_CHRONOLOGICAL_EVENT_SPLIT
B017_F0005,B017,611H1650,2021,HYDRO_FLOOD,A,TRAIN,GLOBAL_CHRONOLOGICAL_EVENT_SPLIT
B005_F0005,B005,61113300,2022,HYDRO_FLOOD,A,TRAIN,GLOBAL_CHRONOLOGICAL_EVENT_SPLIT
B019_F0012,B019,612E1060,2022,HYDRO_FLOOD,B,TRAIN,GLOBAL_CHRONOLOGICAL_EVENT_SPLIT
B028_F0004,B028,613G1535,2022,HYDRO_FLOOD,B,TRAIN,GLOBAL_CHRONOLOGICAL_EVENT_SPLIT
B017_F0006,B017,611H1650,2022,HYDRO_FLOOD,A,TRAIN,GLOBAL_CHRONOLOGICAL_EVENT_SPLIT
B006_F0008,B006,61116100,2022,HYDRO_FLOOD,B,TRAIN,GLOBAL_CHRONOLOGICAL_EVENT_SPLIT
B024_F0006,B024,613E1540,2022,HYDRO_FLOOD,B,TRAIN,GLOBAL_CHRONOLOGICAL_EVENT_SPLIT
B017_F0007,B017,611H1650,2022,HYDRO_FLOOD,A,TRAIN,GLOBAL_CHRONOLOGICAL_EVENT_SPLIT
B006_F0009,B006,61116100,2022,HYDRO_FLOOD,B,TRAIN,GLOBAL_CHRONOLOGICAL_EVENT_SPLIT
B018_F0004,B018,611H2032,2022,HYDRO_FLOOD,A,TRAIN,GLOBAL_CHRONOLOGICAL_EVENT_SPLIT
B010_F0008,B010,611E2360,2022,HYDRO_FLOOD,B,TRAIN,GLOBAL_CHRONOLOGICAL_EVENT_SPLIT
B031_F0011,B031,61402050,2022,HYDRO_FLOOD,B,TRAIN,GLOBAL_CHRONOLOGICAL_EVENT_SPLIT
B006_F0010,B006,61116100,2022,HYDRO_FLOOD,A,TRAIN,GLOBAL_CHRONOLOGICAL_EVENT_SPLIT
B004_F0004,B004,61110900,2022,HYDRO_FLOOD,A,TRAIN,GLOBAL_CHRONOLOGICAL_EVENT_SPLIT
B008_F0008,B008,611E1460,2022,HYDRO_FLOOD,A,TRAIN,GLOBAL_CHRONOLOGICAL_EVENT_SPLIT
B008_F0009,B008,611E1460,2022,HYDRO_FLOOD,A,TRAIN,GLOBAL_CHRONOLOGICAL_EVENT_SPLIT
B031_F0012,B031,61402050,2022,HYDRO_FLOOD,A,TRAIN,GLOBAL_CHRONOLOGICAL_EVENT_SPLIT
B010_F0009,B010,611E2360,2022,HYDRO_FLOOD,B,TRAIN,GLOBAL_CHRONOLOGICAL_EVENT_SPLIT
B023_F0005,B023,613E1450,2022,HYDRO_FLOOD,A,TRAIN,GLOBAL_CHRONOLOGICAL_EVENT_SPLIT
B024_F0007,B024,613E1540,2022,HYDRO_FLOOD,B,TRAIN,GLOBAL_CHRONOLOGICAL_EVENT_SPLIT
B033_F0007,B033,61510100,2022,HYDRO_FLOOD,A,TRAIN,GLOBAL_CHRONOLOGICAL_EVENT_SPLIT
B032_F0010,B032,614E1550,2022,HYDRO_FLOOD,B,TRAIN,GLOBAL_CHRONOLOGICAL_EVENT_SPLIT
B022_F0008,B022,612E2800,2022,HYDRO_FLOOD,B,TRAIN,GLOBAL_CHRONOLOGICAL_EVENT_SPLIT
B013_F0004,B013,611E2820,2022,HYDRO_FLOOD,A,TRAIN,GLOBAL_CHRONOLOGICAL_EVENT_SPLIT
B005_F0006,B005,61113300,2022,HYDRO_FLOOD,A,TRAIN,GLOBAL_CHRONOLOGICAL_EVENT_SPLIT
B007_F0006,B007,611E0470,2022,HYDRO_FLOOD,A,TRAIN,GLOBAL_CHRONOLOGICAL_EVENT_SPLIT
B004_F0005,B004,61110900,2022,HYDRO_FLOOD,A,TRAIN,GLOBAL_CHRONOLOGICAL_EVENT_SPLIT
B008_F0010,B008,611E1460,2022,HYDRO_FLOOD,B,TRAIN,GLOBAL_CHRONOLOGICAL_EVENT_SPLIT
B025_F0006,B025,613E2580,2022,HYDRO_FLOOD,A,TRAIN,GLOBAL_CHRONOLOGICAL_EVENT_SPLIT
B031_F0013,B031,61402050,2022,HYDRO_FLOOD,B,TRAIN,GLOBAL_CHRONOLOGICAL_EVENT_SPLIT
B006_F0011,B006,61116100,2022,HYDRO_FLOOD,A,TRAIN,GLOBAL_CHRONOLOGICAL_EVENT_SPLIT
B034_F0006,B034,61711890,2022,HYDRO_FLOOD,A,TRAIN,GLOBAL_CHRONOLOGICAL_EVENT_SPLIT
B002_F0004,B002,61106450,2022,HYDRO_FLOOD,A,TRAIN,GLOBAL_CHRONOLOGICAL_EVENT_SPLIT
B032_F0011,B032,614E1550,2022,HYDRO_FLOOD,A,TRAIN,GLOBAL_CHRONOLOGICAL_EVENT_SPLIT
B005_F0007,B005,61113300,2022,HYDRO_FLOOD,A,TRAIN,GLOBAL_CHRONOLOGICAL_EVENT_SPLIT
B022_F0009,B022,612E2800,2022,HYDRO_FLOOD,A,TRAIN,GLOBAL_CHRONOLOGICAL_EVENT_SPLIT
B035_F0001,B035,810G0060,2022,HYDRO_FLOOD,A,TRAIN,GLOBAL_CHRONOLOGICAL_EVENT_SPLIT
B025_F0007,B025,613E2580,2022,HYDRO_FLOOD,A,TRAIN,GLOBAL_CHRONOLOGICAL_EVENT_SPLIT
B010_F0010,B010,611E2360,2022,HYDRO_FLOOD,B,TRAIN,GLOBAL_CHRONOLOGICAL_EVENT_SPLIT
B028_F0005,B028,613G1535,2022,HYDRO_FLOOD,A,TRAIN,GLOBAL_CHRONOLOGICAL_EVENT_SPLIT
B033_F0008,B033,61510100,2022,HYDRO_FLOOD,A,TRAIN,GLOBAL_CHRONOLOGICAL_EVENT_SPLIT
B003_F0013,B003,61109600,2022,HYDRO_FLOOD,A,TRAIN,GLOBAL_CHRONOLOGICAL_EVENT_SPLIT
B029_F0002,B029,613H1300,2022,HYDRO_FLOOD,A,TRAIN,GLOBAL_CHRONOLOGICAL_EVENT_SPLIT
B016_F0007,B016,611G3160,2022,HYDRO_FLOOD,A,TRAIN,GLOBAL_CHRONOLOGICAL_EVENT_SPLIT
B024_F0008,B024,613E1540,2022,HYDRO_FLOOD,A,TRAIN,GLOBAL_CHRONOLOGICAL_EVENT_SPLIT
B032_F0012,B032,614E1550,2022,HYDRO_FLOOD,A,TRAIN,GLOBAL_CHRONOLOGICAL_EVENT_SPLIT
B025_F0008,B025,613E2580,2022,HYDRO_FLOOD,A,TRAIN,GLOBAL_CHRONOLOGICAL_EVENT_SPLIT
B031_F0014,B031,61402050,2022,HYDRO_FLOOD,A,TRAIN,GLOBAL_CHRONOLOGICAL_EVENT_SPLIT
B028_F0006,B028,613G1535,2022,HYDRO_FLOOD,A,TRAIN,GLOBAL_CHRONOLOGICAL_EVENT_SPLIT
B020_F0007,B020,612E1940,2022,HYDRO_FLOOD,A,TRAIN,GLOBAL_CHRONOLOGICAL_EVENT_SPLIT
B024_F0009,B024,613E1540,2022,HYDRO_FLOOD,B,TRAIN,GLOBAL_CHRONOLOGICAL_EVENT_SPLIT
B008_F0011,B008,611E1460,2022,HYDRO_FLOOD,A,TRAIN,GLOBAL_CHRONOLOGICAL_EVENT_SPLIT
B002_F0005,B002,61106450,2022,HYDRO_FLOOD,A,TRAIN,GLOBAL_CHRONOLOGICAL_EVENT_SPLIT
B010_F0011,B010,611E2360,2022,HYDRO_FLOOD,B,TRAIN,GLOBAL_CHRONOLOGICAL_EVENT_SPLIT
B021_F0009,B021,612E2390,2022,HYDRO_FLOOD,B,TRAIN,GLOBAL_CHRONOLOGICAL_EVENT_SPLIT
B024_F0010,B024,613E1540,2022,HYDRO_FLOOD,B,TRAIN,GLOBAL_CHRONOLOGICAL_EVENT_SPLIT
B020_F0008,B020,612E1940,2022,HYDRO_FLOOD,B,TRAIN,GLOBAL_CHRONOLOGICAL_EVENT_SPLIT
B025_F0009,B025,613E2580,2022,HYDRO_FLOOD,B,TRAIN,GLOBAL_CHRONOLOGICAL_EVENT_SPLIT
B022_F0010,B022,612E2800,2022,HYDRO_FLOOD,B,TRAIN,GLOBAL_CHRONOLOGICAL_EVENT_SPLIT
B005_F0008,B005,61113300,2022,HYDRO_FLOOD,A,TRAIN,GLOBAL_CHRONOLOGICAL_EVENT_SPLIT
B007_F0007,B007,611E0470,2022,HYDRO_FLOOD,A,TRAIN,GLOBAL_CHRONOLOGICAL_EVENT_SPLIT
B024_F0011,B024,613E1540,2022,HYDRO_FLOOD,B,TRAIN,GLOBAL_CHRONOLOGICAL_EVENT_SPLIT
B010_F0013,B010,611E2360,2022,HYDRO_FLOOD,A,TRAIN,GLOBAL_CHRONOLOGICAL_EVENT_SPLIT
B029_F0003,B029,613H1300,2022,HYDRO_FLOOD,A,TRAIN,GLOBAL_CHRONOLOGICAL_EVENT_SPLIT
B020_F0010,B020,612E1940,2022,HYDRO_FLOOD,A,TRAIN,GLOBAL_CHRONOLOGICAL_EVENT_SPLIT
B003_F0014,B003,61109600,2022,HYDRO_FLOOD,A,TRAIN,GLOBAL_CHRONOLOGICAL_EVENT_SPLIT
B006_F0012,B006,61116100,2022,HYDRO_FLOOD,A,TRAIN,GLOBAL_CHRONOLOGICAL_EVENT_SPLIT
B003_F0015,B003,61109600,2022,HYDRO_FLOOD,A,TRAIN,GLOBAL_CHRONOLOGICAL_EVENT_SPLIT
B025_F0010,B025,613E2580,2022,HYDRO_FLOOD,A,TRAIN,GLOBAL_CHRONOLOGICAL_EVENT_SPLIT
B016_F0008,B016,611G3160,2022,HYDRO_FLOOD,A,TRAIN,GLOBAL_CHRONOLOGICAL_EVENT_SPLIT
B028_F0007,B028,613G1535,2022,HYDRO_FLOOD,A,TRAIN,GLOBAL_CHRONOLOGICAL_EVENT_SPLIT
B032_F0013,B032,614E1550,2022,HYDRO_FLOOD,A,TRAIN,GLOBAL_CHRONOLOGICAL_EVENT_SPLIT
B031_F0015,B031,61402050,2022,HYDRO_FLOOD,B,TRAIN,GLOBAL_CHRONOLOGICAL_EVENT_SPLIT
B030_F0005,B030,613H9508,2022,HYDRO_FLOOD,A,TRAIN,GLOBAL_CHRONOLOGICAL_EVENT_SPLIT
B010_F0014,B010,611E2360,2022,HYDRO_FLOOD,A,TRAIN,GLOBAL_CHRONOLOGICAL_EVENT_SPLIT
B003_F0016,B003,61109600,2022,HYDRO_FLOOD,A,TRAIN,GLOBAL_CHRONOLOGICAL_EVENT_SPLIT
B032_F0014,B032,614E1550,2022,HYDRO_FLOOD,A,TRAIN,GLOBAL_CHRONOLOGICAL_EVENT_SPLIT
B034_F0007,B034,61711890,2022,HYDRO_FLOOD,B,TRAIN,GLOBAL_CHRONOLOGICAL_EVENT_SPLIT
B010_F0015,B010,611E2360,2022,HYDRO_FLOOD,A,TRAIN,GLOBAL_CHRONOLOGICAL_EVENT_SPLIT
B033_F0009,B033,61510100,2022,HYDRO_FLOOD,B,TRAIN,GLOBAL_CHRONOLOGICAL_EVENT_SPLIT
B025_F0011,B025,613E2580,2022,HYDRO_FLOOD,A,TRAIN,GLOBAL_CHRONOLOGICAL_EVENT_SPLIT
B005_F0009,B005,61113300,2022,HYDRO_FLOOD,B,TRAIN,GLOBAL_CHRONOLOGICAL_EVENT_SPLIT
B014_F0003,B014,611E2920,2022,HYDRO_FLOOD,A,TRAIN,GLOBAL_CHRONOLOGICAL_EVENT_SPLIT
B025_F0012,B025,613E2580,2022,HYDRO_FLOOD,A,TRAIN,GLOBAL_CHRONOLOGICAL_EVENT_SPLIT
B020_F0011,B020,612E1940,2022,HYDRO_FLOOD,A,TRAIN,GLOBAL_CHRONOLOGICAL_EVENT_SPLIT
B005_F0010,B005,61113300,2022,HYDRO_FLOOD,A,TRAIN,GLOBAL_CHRONOLOGICAL_EVENT_SPLIT
B033_F0010,B033,61510100,2022,HYDRO_FLOOD,A,TRAIN,GLOBAL_CHRONOLOGICAL_EVENT_SPLIT
B006_F0013,B006,61116100,2022,HYDRO_FLOOD,A,TRAIN,GLOBAL_CHRONOLOGICAL_EVENT_SPLIT
B022_F0011,B022,612E2800,2022,HYDRO_FLOOD,A,TRAIN,GLOBAL_CHRONOLOGICAL_EVENT_SPLIT
B019_F0013,B019,612E1060,2022,HYDRO_FLOOD,A,TRAIN,GLOBAL_CHRONOLOGICAL_EVENT_SPLIT
B020_F0012,B020,612E1940,2022,HYDRO_FLOOD,A,TRAIN,GLOBAL_CHRONOLOGICAL_EVENT_SPLIT
B032_F0015,B032,614E1550,2022,HYDRO_FLOOD,A,TRAIN,GLOBAL_CHRONOLOGICAL_EVENT_SPLIT
B013_F0005,B013,611E2820,2022,HYDRO_FLOOD,A,TRAIN,GLOBAL_CHRONOLOGICAL_EVENT_SPLIT
B006_F0014,B006,61116100,2022,HYDRO_FLOOD,B,TRAIN,GLOBAL_CHRONOLOGICAL_EVENT_SPLIT
B033_F0011,B033,61510100,2022,HYDRO_FLOOD,B,TRAIN,GLOBAL_CHRONOLOGICAL_EVENT_SPLIT
B033_F0012,B033,61510100,2022,HYDRO_FLOOD,A,TRAIN,GLOBAL_CHRONOLOGICAL_EVENT_SPLIT
B022_F0012,B022,612E2800,2022,HYDRO_FLOOD,A,TRAIN,GLOBAL_CHRONOLOGICAL_EVENT_SPLIT
B014_F0004,B014,611E2920,2022,HYDRO_FLOOD,A,TRAIN,GLOBAL_CHRONOLOGICAL_EVENT_SPLIT
B006_F0015,B006,61116100,2022,HYDRO_FLOOD,A,TRAIN,GLOBAL_CHRONOLOGICAL_EVENT_SPLIT
B017_F0008,B017,611H1650,2022,HYDRO_FLOOD,A,TRAIN,GLOBAL_CHRONOLOGICAL_EVENT_SPLIT
B004_F0006,B004,61110900,2022,HYDRO_FLOOD,B,TRAIN,GLOBAL_CHRONOLOGICAL_EVENT_SPLIT
B033_F0013,B033,61510100,2022,HYDRO_FLOOD,A,TRAIN,GLOBAL_CHRONOLOGICAL_EVENT_SPLIT
B003_F0017,B003,61109600,2022,HYDRO_FLOOD,A,TRAIN,GLOBAL_CHRONOLOGICAL_EVENT_SPLIT
B033_F0014,B033,61510100,2022,HYDRO_FLOOD,A,TRAIN,GLOBAL_CHRONOLOGICAL_EVENT_SPLIT
B003_F0018,B003,61109600,2023,HYDRO_FLOOD,A,TRAIN,GLOBAL_CHRONOLOGICAL_EVENT_SPLIT
B006_F0016,B006,61116100,2023,HYDRO_FLOOD,B,TRAIN,GLOBAL_CHRONOLOGICAL_EVENT_SPLIT
B017_F0009,B017,611H1650,2023,HYDRO_FLOOD,A,TRAIN,GLOBAL_CHRONOLOGICAL_EVENT_SPLIT
B024_F0012,B024,613E1540,2023,HYDRO_FLOOD,B,TRAIN,GLOBAL_CHRONOLOGICAL_EVENT_SPLIT
B031_F0016,B031,61402050,2023,HYDRO_FLOOD,B,TRAIN,GLOBAL_CHRONOLOGICAL_EVENT_SPLIT
B032_F0016,B032,614E1550,2023,HYDRO_FLOOD,B,TRAIN,GLOBAL_CHRONOLOGICAL_EVENT_SPLIT
B031_F0018,B031,61402050,2023,HYDRO_FLOOD,B,TRAIN,GLOBAL_CHRONOLOGICAL_EVENT_SPLIT
B032_F0017,B032,614E1550,2023,HYDRO_FLOOD,B,TRAIN,GLOBAL_CHRONOLOGICAL_EVENT_SPLIT
B014_F0005,B014,611E2920,2023,HYDRO_FLOOD,A,TRAIN,GLOBAL_CHRONOLOGICAL_EVENT_SPLIT
B026_F0001,B026,613E2680,2023,HYDRO_FLOOD,A,TRAIN,GLOBAL_CHRONOLOGICAL_EVENT_SPLIT
B001_F0004,B001,61105000,2023,HYDRO_FLOOD,A,TRAIN,GLOBAL_CHRONOLOGICAL_EVENT_SPLIT
B025_F0013,B025,613E2580,2023,HYDRO_FLOOD,B,TRAIN,GLOBAL_CHRONOLOGICAL_EVENT_SPLIT
B034_F0008,B034,61711890,2023,HYDRO_FLOOD,A,TRAIN,GLOBAL_CHRONOLOGICAL_EVENT_SPLIT
B026_F0002,B026,613E2680,2023,HYDRO_FLOOD,A,TRAIN,GLOBAL_CHRONOLOGICAL_EVENT_SPLIT
B033_F0015,B033,61510100,2023,HYDRO_FLOOD,B,TRAIN,GLOBAL_CHRONOLOGICAL_EVENT_SPLIT
B025_F0015,B025,613E2580,2023,HYDRO_FLOOD,A,TRAIN,GLOBAL_CHRONOLOGICAL_EVENT_SPLIT
B020_F0013,B020,612E1940,2023,HYDRO_FLOOD,A,TRAIN,GLOBAL_CHRONOLOGICAL_EVENT_SPLIT
B033_F0016,B033,61510100,2023,HYDRO_FLOOD,A,TRAIN,GLOBAL_CHRONOLOGICAL_EVENT_SPLIT
B019_F0014,B019,612E1060,2023,HYDRO_FLOOD,A,TRAIN,GLOBAL_CHRONOLOGICAL_EVENT_SPLIT
B022_F0013,B022,612E2800,2023,HYDRO_FLOOD,B,TRAIN,GLOBAL_CHRONOLOGICAL_EVENT_SPLIT
B007_F0008,B007,611E0470,2023,HYDRO_FLOOD,B,TRAIN,GLOBAL_CHRONOLOGICAL_EVENT_SPLIT
B013_F0006,B013,611E2820,2023,HYDRO_FLOOD,B,TRAIN,GLOBAL_CHRONOLOGICAL_EVENT_SPLIT
B018_F0005,B018,611H2032,2023,HYDRO_FLOOD,B,TRAIN,GLOBAL_CHRONOLOGICAL_EVENT_SPLIT
B020_F0014,B020,612E1940,2023,HYDRO_FLOOD,A,TRAIN,GLOBAL_CHRONOLOGICAL_EVENT_SPLIT
B013_F0007,B013,611E2820,2023,HYDRO_FLOOD,A,TRAIN,GLOBAL_CHRONOLOGICAL_EVENT_SPLIT
B011_F0006,B011,611E2536,2023,HYDRO_FLOOD,A,TRAIN,GLOBAL_CHRONOLOGICAL_EVENT_SPLIT
B023_F0006,B023,613E1450,2023,HYDRO_FLOOD,A,TRAIN,GLOBAL_CHRONOLOGICAL_EVENT_SPLIT
B007_F0010,B007,611E0470,2023,HYDRO_FLOOD,A,TRAIN,GLOBAL_CHRONOLOGICAL_EVENT_SPLIT
B028_F0008,B028,613G1535,2023,HYDRO_FLOOD,B,TRAIN,GLOBAL_CHRONOLOGICAL_EVENT_SPLIT
B003_F0019,B003,61109600,2023,HYDRO_FLOOD,A,TRAIN,GLOBAL_CHRONOLOGICAL_EVENT_SPLIT
B032_F0018,B032,614E1550,2023,HYDRO_FLOOD,B,TRAIN,GLOBAL_CHRONOLOGICAL_EVENT_SPLIT
B024_F0013,B024,613E1540,2023,HYDRO_FLOOD,B,TRAIN,GLOBAL_CHRONOLOGICAL_EVENT_SPLIT
B010_F0016,B010,611E2360,2023,HYDRO_FLOOD,A,TRAIN,GLOBAL_CHRONOLOGICAL_EVENT_SPLIT
B020_F0015,B020,612E1940,2023,HYDRO_FLOOD,A,TRAIN,GLOBAL_CHRONOLOGICAL_EVENT_SPLIT
B010_F0017,B010,611E2360,2023,HYDRO_FLOOD,A,TRAIN,GLOBAL_CHRONOLOGICAL_EVENT_SPLIT
B005_F0011,B005,61113300,2023,HYDRO_FLOOD,A,TRAIN,GLOBAL_CHRONOLOGICAL_EVENT_SPLIT
B011_F0007,B011,611E2536,2023,HYDRO_FLOOD,A,TRAIN,GLOBAL_CHRONOLOGICAL_EVENT_SPLIT
B033_F0017,B033,61510100,2023,HYDRO_FLOOD,A,TRAIN,GLOBAL_CHRONOLOGICAL_EVENT_SPLIT
B013_F0008,B013,611E2820,2023,HYDRO_FLOOD,A,TRAIN,GLOBAL_CHRONOLOGICAL_EVENT_SPLIT
B008_F0012,B008,611E1460,2023,HYDRO_FLOOD,A,TRAIN,GLOBAL_CHRONOLOGICAL_EVENT_SPLIT
B033_F0018,B033,61510100,2023,HYDRO_FLOOD,B,TRAIN,GLOBAL_CHRONOLOGICAL_EVENT_SPLIT
B022_F0014,B022,612E2800,2023,HYDRO_FLOOD,B,TRAIN,GLOBAL_CHRONOLOGICAL_EVENT_SPLIT
B018_F0006,B018,611H2032,2023,HYDRO_FLOOD,A,TRAIN,GLOBAL_CHRONOLOGICAL_EVENT_SPLIT
B019_F0015,B019,612E1060,2023,HYDRO_FLOOD,B,TRAIN,GLOBAL_CHRONOLOGICAL_EVENT_SPLIT
B007_F0011,B007,611E0470,2023,HYDRO_FLOOD,B,TRAIN,GLOBAL_CHRONOLOGICAL_EVENT_SPLIT
B010_F0018,B010,611E2360,2023,HYDRO_FLOOD,A,TRAIN,GLOBAL_CHRONOLOGICAL_EVENT_SPLIT
B008_F0013,B008,611E1460,2023,HYDRO_FLOOD,A,TRAIN,GLOBAL_CHRONOLOGICAL_EVENT_SPLIT
B007_F0012,B007,611E0470,2023,HYDRO_FLOOD,A,TRAIN,GLOBAL_CHRONOLOGICAL_EVENT_SPLIT
B024_F0014,B024,613E1540,2023,HYDRO_FLOOD,A,TRAIN,GLOBAL_CHRONOLOGICAL_EVENT_SPLIT
B006_F0017,B006,61116100,2023,HYDRO_FLOOD,A,TRAIN,GLOBAL_CHRONOLOGICAL_EVENT_SPLIT
B013_F0009,B013,611E2820,2023,HYDRO_FLOOD,A,TRAIN,GLOBAL_CHRONOLOGICAL_EVENT_SPLIT
B007_F0013,B007,611E0470,2023,HYDRO_FLOOD,A,TRAIN,GLOBAL_CHRONOLOGICAL_EVENT_SPLIT
B017_F0010,B017,611H1650,2023,HYDRO_FLOOD,A,TRAIN,GLOBAL_CHRONOLOGICAL_EVENT_SPLIT
B028_F0009,B028,613G1535,2023,HYDRO_FLOOD,A,TRAIN,GLOBAL_CHRONOLOGICAL_EVENT_SPLIT
B034_F0009,B034,61711890,2023,HYDRO_FLOOD,A,TRAIN,GLOBAL_CHRONOLOGICAL_EVENT_SPLIT
B033_F0019,B033,61510100,2023,HYDRO_FLOOD,A,TRAIN,GLOBAL_CHRONOLOGICAL_EVENT_SPLIT
B022_F0015,B022,612E2800,2023,HYDRO_FLOOD,B,TRAIN,GLOBAL_CHRONOLOGICAL_EVENT_SPLIT
B010_F0019,B010,611E2360,2023,HYDRO_FLOOD,A,TRAIN,GLOBAL_CHRONOLOGICAL_EVENT_SPLIT
B013_F0010,B013,611E2820,2023,HYDRO_FLOOD,A,TRAIN,GLOBAL_CHRONOLOGICAL_EVENT_SPLIT
B007_F0014,B007,611E0470,2023,HYDRO_FLOOD,B,TRAIN,GLOBAL_CHRONOLOGICAL_EVENT_SPLIT
B035_F0002,B035,810G0060,2023,HYDRO_FLOOD,A,TRAIN,GLOBAL_CHRONOLOGICAL_EVENT_SPLIT
B031_F0019,B031,61402050,2023,HYDRO_FLOOD,B,TRAIN,GLOBAL_CHRONOLOGICAL_EVENT_SPLIT
B005_F0012,B005,61113300,2023,HYDRO_FLOOD,B,TRAIN,GLOBAL_CHRONOLOGICAL_EVENT_SPLIT
B003_F0020,B003,61109600,2023,HYDRO_FLOOD,A,TRAIN,GLOBAL_CHRONOLOGICAL_EVENT_SPLIT
B008_F0014,B008,611E1460,2023,HYDRO_FLOOD,A,TRAIN,GLOBAL_CHRONOLOGICAL_EVENT_SPLIT
B031_F0020,B031,61402050,2023,HYDRO_FLOOD,A,TRAIN,GLOBAL_CHRONOLOGICAL_EVENT_SPLIT
B032_F0019,B032,614E1550,2023,HYDRO_FLOOD,B,TRAIN,GLOBAL_CHRONOLOGICAL_EVENT_SPLIT
B005_F0013,B005,61113300,2023,HYDRO_FLOOD,B,TRAIN,GLOBAL_CHRONOLOGICAL_EVENT_SPLIT
B016_F0009,B016,611G3160,2023,HYDRO_FLOOD,A,TRAIN,GLOBAL_CHRONOLOGICAL_EVENT_SPLIT
B001_F0005,B001,61105000,2023,HYDRO_FLOOD,A,TRAIN,GLOBAL_CHRONOLOGICAL_EVENT_SPLIT
B004_F0007,B004,61110900,2023,HYDRO_FLOOD,A,TRAIN,GLOBAL_CHRONOLOGICAL_EVENT_SPLIT
B007_F0015,B007,611E0470,2023,HYDRO_FLOOD,B,TRAIN,GLOBAL_CHRONOLOGICAL_EVENT_SPLIT
B008_F0015,B008,611E1460,2023,HYDRO_FLOOD,A,TRAIN,GLOBAL_CHRONOLOGICAL_EVENT_SPLIT
B032_F0020,B032,614E1550,2023,HYDRO_FLOOD,A,TRAIN,GLOBAL_CHRONOLOGICAL_EVENT_SPLIT
B017_F0011,B017,611H1650,2023,HYDRO_FLOOD,A,TRAIN,GLOBAL_CHRONOLOGICAL_EVENT_SPLIT
B032_F0021,B032,614E1550,2023,HYDRO_FLOOD,B,TRAIN,GLOBAL_CHRONOLOGICAL_EVENT_SPLIT
B024_F0015,B024,613E1540,2023,HYDRO_FLOOD,A,TRAIN,GLOBAL_CHRONOLOGICAL_EVENT_SPLIT
B025_F0016,B025,613E2580,2023,HYDRO_FLOOD,A,TRAIN,GLOBAL_CHRONOLOGICAL_EVENT_SPLIT
B010_F0020,B010,611E2360,2023,HYDRO_FLOOD,A,TRAIN,GLOBAL_CHRONOLOGICAL_EVENT_SPLIT
B024_F0016,B024,613E1540,2023,HYDRO_FLOOD,A,TRAIN,GLOBAL_CHRONOLOGICAL_EVENT_SPLIT
B005_F0014,B005,61113300,2023,HYDRO_FLOOD,A,TRAIN,GLOBAL_CHRONOLOGICAL_EVENT_SPLIT
B019_F0016,B019,612E1060,2023,HYDRO_FLOOD,B,TRAIN,GLOBAL_CHRONOLOGICAL_EVENT_SPLIT
B033_F0020,B033,61510100,2023,HYDRO_FLOOD,B,TRAIN,GLOBAL_CHRONOLOGICAL_EVENT_SPLIT
B025_F0017,B025,613E2580,2023,HYDRO_FLOOD,A,TRAIN,GLOBAL_CHRONOLOGICAL_EVENT_SPLIT
B033_F0021,B033,61510100,2023,HYDRO_FLOOD,B,TRAIN,GLOBAL_CHRONOLOGICAL_EVENT_SPLIT
B023_F0007,B023,613E1450,2023,HYDRO_FLOOD,B,TRAIN,GLOBAL_CHRONOLOGICAL_EVENT_SPLIT
B028_F0010,B028,613G1535,2023,HYDRO_FLOOD,B,TRAIN,GLOBAL_CHRONOLOGICAL_EVENT_SPLIT
B032_F0022,B032,614E1550,2023,HYDRO_FLOOD,A,TRAIN,GLOBAL_CHRONOLOGICAL_EVENT_SPLIT
B024_F0017,B024,613E1540,2023,HYDRO_FLOOD,A,TRAIN,GLOBAL_CHRONOLOGICAL_EVENT_SPLIT
B020_F0016,B020,612E1940,2023,HYDRO_FLOOD,A,TRAIN,GLOBAL_CHRONOLOGICAL_EVENT_SPLIT
B033_F0022,B033,61510100,2023,HYDRO_FLOOD,A,TRAIN,GLOBAL_CHRONOLOGICAL_EVENT_SPLIT
B034_F0010,B034,61711890,2023,HYDRO_FLOOD,B,TRAIN,GLOBAL_CHRONOLOGICAL_EVENT_SPLIT
B019_F0017,B019,612E1060,2023,HYDRO_FLOOD,B,TRAIN,GLOBAL_CHRONOLOGICAL_EVENT_SPLIT
B010_F0021,B010,611E2360,2023,HYDRO_FLOOD,B,TRAIN,GLOBAL_CHRONOLOGICAL_EVENT_SPLIT
B022_F0016,B022,612E2800,2023,HYDRO_FLOOD,A,TRAIN,GLOBAL_CHRONOLOGICAL_EVENT_SPLIT
B015_F0001,B015,611E2950,2023,HYDRO_FLOOD,A,TRAIN,GLOBAL_CHRONOLOGICAL_EVENT_SPLIT
B005_F0015,B005,61113300,2023,HYDRO_FLOOD,A,TRAIN,GLOBAL_CHRONOLOGICAL_EVENT_SPLIT
B033_F0023,B033,61510100,2023,HYDRO_FLOOD,A,TRAIN,GLOBAL_CHRONOLOGICAL_EVENT_SPLIT
B029_F0004,B029,613H1300,2023,HYDRO_FLOOD,A,TRAIN,GLOBAL_CHRONOLOGICAL_EVENT_SPLIT
B022_F0017,B022,612E2800,2023,HYDRO_FLOOD,A,TRAIN,GLOBAL_CHRONOLOGICAL_EVENT_SPLIT
B024_F0018,B024,613E1540,2023,HYDRO_FLOOD,A,TRAIN,GLOBAL_CHRONOLOGICAL_EVENT_SPLIT
B008_F0016,B008,611E1460,2023,HYDRO_FLOOD,A,TRAIN,GLOBAL_CHRONOLOGICAL_EVENT_SPLIT
B007_F0017,B007,611E0470,2023,HYDRO_FLOOD,A,TRAIN,GLOBAL_CHRONOLOGICAL_EVENT_SPLIT
B006_F0019,B006,61116100,2023,HYDRO_FLOOD,A,TRAIN,GLOBAL_CHRONOLOGICAL_EVENT_SPLIT
B015_F0002,B015,611E2950,2023,HYDRO_FLOOD,A,TRAIN,GLOBAL_CHRONOLOGICAL_EVENT_SPLIT
B016_F0010,B016,611G3160,2023,HYDRO_FLOOD,A,TRAIN,GLOBAL_CHRONOLOGICAL_EVENT_SPLIT
B034_F0011,B034,61711890,2023,HYDRO_FLOOD,B,TRAIN,GLOBAL_CHRONOLOGICAL_EVENT_SPLIT
B008_F0017,B008,611E1460,2023,HYDRO_FLOOD,A,TRAIN,GLOBAL_CHRONOLOGICAL_EVENT_SPLIT
B003_F0021,B003,61109600,2023,HYDRO_FLOOD,A,TRAIN,GLOBAL_CHRONOLOGICAL_EVENT_SPLIT
B031_F0021,B031,61402050,2023,HYDRO_FLOOD,A,TRAIN,GLOBAL_CHRONOLOGICAL_EVENT_SPLIT
B010_F0022,B010,611E2360,2023,HYDRO_FLOOD,A,TRAIN,GLOBAL_CHRONOLOGICAL_EVENT_SPLIT
B024_F0019,B024,613E1540,2023,HYDRO_FLOOD,A,TRAIN,GLOBAL_CHRONOLOGICAL_EVENT_SPLIT
B026_F0003,B026,613E2680,2023,HYDRO_FLOOD,A,TRAIN,GLOBAL_CHRONOLOGICAL_EVENT_SPLIT
B006_F0020,B006,61116100,2023,HYDRO_FLOOD,A,TRAIN,GLOBAL_CHRONOLOGICAL_EVENT_SPLIT
B015_F0003,B015,611E2950,2023,HYDRO_FLOOD,A,TRAIN,GLOBAL_CHRONOLOGICAL_EVENT_SPLIT
B032_F0023,B032,614E1550,2023,HYDRO_FLOOD,A,TRAIN,GLOBAL_CHRONOLOGICAL_EVENT_SPLIT
B022_F0018,B022,612E2800,2023,HYDRO_FLOOD,A,TRAIN,GLOBAL_CHRONOLOGICAL_EVENT_SPLIT
B015_F0004,B015,611E2950,2023,HYDRO_FLOOD,A,TRAIN,GLOBAL_CHRONOLOGICAL_EVENT_SPLIT
B029_F0005,B029,613H1300,2023,HYDRO_FLOOD,A,TRAIN,GLOBAL_CHRONOLOGICAL_EVENT_SPLIT
B015_F0005,B015,611E2950,2023,HYDRO_FLOOD,A,TRAIN,GLOBAL_CHRONOLOGICAL_EVENT_SPLIT
B022_F0019,B022,612E2800,2023,HYDRO_FLOOD,A,TRAIN,GLOBAL_CHRONOLOGICAL_EVENT_SPLIT
B008_F0018,B008,611E1460,2023,HYDRO_FLOOD,A,TRAIN,GLOBAL_CHRONOLOGICAL_EVENT_SPLIT
B003_F0022,B003,61109600,2023,HYDRO_FLOOD,B,TRAIN,GLOBAL_CHRONOLOGICAL_EVENT_SPLIT
B008_F0019,B008,611E1460,2023,HYDRO_FLOOD,A,TRAIN,GLOBAL_CHRONOLOGICAL_EVENT_SPLIT
B004_F0008,B004,61110900,2023,HYDRO_FLOOD,B,TRAIN,GLOBAL_CHRONOLOGICAL_EVENT_SPLIT
B034_F0012,B034,61711890,2023,HYDRO_FLOOD,A,TRAIN,GLOBAL_CHRONOLOGICAL_EVENT_SPLIT
B004_F0009,B004,61110900,2023,HYDRO_FLOOD,A,TRAIN,GLOBAL_CHRONOLOGICAL_EVENT_SPLIT
B019_F0018,B019,612E1060,2023,HYDRO_FLOOD,B,TRAIN,GLOBAL_CHRONOLOGICAL_EVENT_SPLIT
B007_F0018,B007,611E0470,2023,HYDRO_FLOOD,B,TRAIN,GLOBAL_CHRONOLOGICAL_EVENT_SPLIT
B008_F0020,B008,611E1460,2023,HYDRO_FLOOD,A,TRAIN,GLOBAL_CHRONOLOGICAL_EVENT_SPLIT
B019_F0019,B019,612E1060,2023,HYDRO_FLOOD,A,TRAIN,GLOBAL_CHRONOLOGICAL_EVENT_SPLIT
B028_F0011,B028,613G1535,2023,HYDRO_FLOOD,B,TRAIN,GLOBAL_CHRONOLOGICAL_EVENT_SPLIT
B034_F0013,B034,61711890,2023,HYDRO_FLOOD,B,TRAIN,GLOBAL_CHRONOLOGICAL_EVENT_SPLIT
B019_F0020,B019,612E1060,2023,HYDRO_FLOOD,B,TRAIN,GLOBAL_CHRONOLOGICAL_EVENT_SPLIT
B022_F0020,B022,612E2800,2023,HYDRO_FLOOD,A,TRAIN,GLOBAL_CHRONOLOGICAL_EVENT_SPLIT
B017_F0012,B017,611H1650,2023,HYDRO_FLOOD,A,TRAIN,GLOBAL_CHRONOLOGICAL_EVENT_SPLIT
B007_F0019,B007,611E0470,2023,HYDRO_FLOOD,A,TRAIN,GLOBAL_CHRONOLOGICAL_EVENT_SPLIT
B015_F0006,B015,611E2950,2023,HYDRO_FLOOD,A,TRAIN,GLOBAL_CHRONOLOGICAL_EVENT_SPLIT
B010_F0023,B010,611E2360,2023,HYDRO_FLOOD,A,TRAIN,GLOBAL_CHRONOLOGICAL_EVENT_SPLIT
B011_F0008,B011,611E2536,2023,HYDRO_FLOOD,A,TRAIN,GLOBAL_CHRONOLOGICAL_EVENT_SPLIT
B007_F0020,B007,611E0470,2023,HYDRO_FLOOD,B,TRAIN,GLOBAL_CHRONOLOGICAL_EVENT_SPLIT
B004_F0010,B004,61110900,2023,HYDRO_FLOOD,B,TRAIN,GLOBAL_CHRONOLOGICAL_EVENT_SPLIT
B007_F0021,B007,611E0470,2023,HYDRO_FLOOD,A,TRAIN,GLOBAL_CHRONOLOGICAL_EVENT_SPLIT
B033_F0024,B033,61510100,2023,HYDRO_FLOOD,B,TRAIN,GLOBAL_CHRONOLOGICAL_EVENT_SPLIT
B006_F0021,B006,61116100,2023,HYDRO_FLOOD,B,TRAIN,GLOBAL_CHRONOLOGICAL_EVENT_SPLIT
B007_F0022,B007,611E0470,2023,HYDRO_FLOOD,B,TRAIN,GLOBAL_CHRONOLOGICAL_EVENT_SPLIT
B016_F0011,B016,611G3160,2023,HYDRO_FLOOD,A,TRAIN,GLOBAL_CHRONOLOGICAL_EVENT_SPLIT
B032_F0024,B032,614E1550,2023,HYDRO_FLOOD,A,TRAIN,GLOBAL_CHRONOLOGICAL_EVENT_SPLIT
B025_F0018,B025,613E2580,2023,HYDRO_FLOOD,B,TRAIN,GLOBAL_CHRONOLOGICAL_EVENT_SPLIT
B028_F0012,B028,613G1535,2023,HYDRO_FLOOD,A,TRAIN,GLOBAL_CHRONOLOGICAL_EVENT_SPLIT
B007_F0023,B007,611E0470,2023,HYDRO_FLOOD,B,TRAIN,GLOBAL_CHRONOLOGICAL_EVENT_SPLIT
B002_F0006,B002,61106450,2023,HYDRO_FLOOD,A,TRAIN,GLOBAL_CHRONOLOGICAL_EVENT_SPLIT
B031_F0022,B031,61402050,2023,HYDRO_FLOOD,A,TRAIN,GLOBAL_CHRONOLOGICAL_EVENT_SPLIT
B022_F0021,B022,612E2800,2023,HYDRO_FLOOD,A,TRAIN,GLOBAL_CHRONOLOGICAL_EVENT_SPLIT
B031_F0023,B031,61402050,2023,HYDRO_FLOOD,A,TRAIN,GLOBAL_CHRONOLOGICAL_EVENT_SPLIT
B032_F0025,B032,614E1550,2023,HYDRO_FLOOD,B,TRAIN,GLOBAL_CHRONOLOGICAL_EVENT_SPLIT
B020_F0017,B020,612E1940,2023,HYDRO_FLOOD,A,TRAIN,GLOBAL_CHRONOLOGICAL_EVENT_SPLIT
B013_F0011,B013,611E2820,2024,HYDRO_FLOOD,A,TRAIN,GLOBAL_CHRONOLOGICAL_EVENT_SPLIT
B002_F0007,B002,61106450,2024,HYDRO_FLOOD,A,TRAIN,GLOBAL_CHRONOLOGICAL_EVENT_SPLIT
B017_F0013,B017,611H1650,2024,HYDRO_FLOOD,A,TRAIN,GLOBAL_CHRONOLOGICAL_EVENT_SPLIT
B003_F0024,B003,61109600,2024,HYDRO_FLOOD,A,TRAIN,GLOBAL_CHRONOLOGICAL_EVENT_SPLIT
B019_F0021,B019,612E1060,2024,HYDRO_FLOOD,B,TRAIN,GLOBAL_CHRONOLOGICAL_EVENT_SPLIT
B011_F0009,B011,611E2536,2024,HYDRO_FLOOD,A,TRAIN,GLOBAL_CHRONOLOGICAL_EVENT_SPLIT
B027_F0001,B027,613E2810,2024,HYDRO_FLOOD,A,TRAIN,GLOBAL_CHRONOLOGICAL_EVENT_SPLIT
B035_F0003,B035,810G0060,2024,HYDRO_FLOOD,B,TRAIN,GLOBAL_CHRONOLOGICAL_EVENT_SPLIT
B025_F0019,B025,613E2580,2024,HYDRO_FLOOD,A,TRAIN,GLOBAL_CHRONOLOGICAL_EVENT_SPLIT
B034_F0014,B034,61711890,2024,HYDRO_FLOOD,A,TRAIN,GLOBAL_CHRONOLOGICAL_EVENT_SPLIT
B022_F0022,B022,612E2800,2024,HYDRO_FLOOD,A,TRAIN,GLOBAL_CHRONOLOGICAL_EVENT_SPLIT
B006_F0022,B006,61116100,2024,HYDRO_FLOOD,A,TRAIN,GLOBAL_CHRONOLOGICAL_EVENT_SPLIT
B001_F0006,B001,61105000,2024,HYDRO_FLOOD,A,TRAIN,GLOBAL_CHRONOLOGICAL_EVENT_SPLIT
B033_F0025,B033,61510100,2024,HYDRO_FLOOD,A,TRAIN,GLOBAL_CHRONOLOGICAL_EVENT_SPLIT
B034_F0015,B034,61711890,2024,HYDRO_FLOOD,A,TRAIN,GLOBAL_CHRONOLOGICAL_EVENT_SPLIT
B031_F0024,B031,61402050,2024,HYDRO_FLOOD,B,TRAIN,GLOBAL_CHRONOLOGICAL_EVENT_SPLIT
B024_F0020,B024,613E1540,2024,HYDRO_FLOOD,B,TRAIN,GLOBAL_CHRONOLOGICAL_EVENT_SPLIT
B032_F0026,B032,614E1550,2024,HYDRO_FLOOD,A,TRAIN,GLOBAL_CHRONOLOGICAL_EVENT_SPLIT
B031_F0025,B031,61402050,2024,HYDRO_FLOOD,B,TRAIN,GLOBAL_CHRONOLOGICAL_EVENT_SPLIT
B020_F0018,B020,612E1940,2024,HYDRO_FLOOD,A,TRAIN,GLOBAL_CHRONOLOGICAL_EVENT_SPLIT
B034_F0016,B034,61711890,2024,HYDRO_FLOOD,A,TRAIN,GLOBAL_CHRONOLOGICAL_EVENT_SPLIT
B014_F0006,B014,611E2920,2024,HYDRO_FLOOD,A,TRAIN,GLOBAL_CHRONOLOGICAL_EVENT_SPLIT
B025_F0020,B025,613E2580,2024,HYDRO_FLOOD,A,TRAIN,GLOBAL_CHRONOLOGICAL_EVENT_SPLIT
B010_F0024,B010,611E2360,2024,HYDRO_FLOOD,A,TRAIN,GLOBAL_CHRONOLOGICAL_EVENT_SPLIT
B019_F0022,B019,612E1060,2024,HYDRO_FLOOD,A,TRAIN,GLOBAL_CHRONOLOGICAL_EVENT_SPLIT
B006_F0023,B006,61116100,2024,HYDRO_FLOOD,A,TRAIN,GLOBAL_CHRONOLOGICAL_EVENT_SPLIT
B004_F0011,B004,61110900,2024,HYDRO_FLOOD,A,TRAIN,GLOBAL_CHRONOLOGICAL_EVENT_SPLIT
B022_F0023,B022,612E2800,2024,HYDRO_FLOOD,A,TRAIN,GLOBAL_CHRONOLOGICAL_EVENT_SPLIT
B032_F0027,B032,614E1550,2024,HYDRO_FLOOD,A,TRAIN,GLOBAL_CHRONOLOGICAL_EVENT_SPLIT
B006_F0024,B006,61116100,2024,HYDRO_FLOOD,A,TRAIN,GLOBAL_CHRONOLOGICAL_EVENT_SPLIT
B007_F0024,B007,611E0470,2024,HYDRO_FLOOD,A,TRAIN,GLOBAL_CHRONOLOGICAL_EVENT_SPLIT
B008_F0021,B008,611E1460,2024,HYDRO_FLOOD,B,TRAIN,GLOBAL_CHRONOLOGICAL_EVENT_SPLIT
B034_F0017,B034,61711890,2024,HYDRO_FLOOD,A,TRAIN,GLOBAL_CHRONOLOGICAL_EVENT_SPLIT
B032_F0028,B032,614E1550,2024,HYDRO_FLOOD,A,TRAIN,GLOBAL_CHRONOLOGICAL_EVENT_SPLIT
B031_F0026,B031,61402050,2024,HYDRO_FLOOD,A,TRAIN,GLOBAL_CHRONOLOGICAL_EVENT_SPLIT
B033_F0026,B033,61510100,2024,HYDRO_FLOOD,A,TRAIN,GLOBAL_CHRONOLOGICAL_EVENT_SPLIT
B013_F0012,B013,611E2820,2024,HYDRO_FLOOD,B,TRAIN,GLOBAL_CHRONOLOGICAL_EVENT_SPLIT
B019_F0023,B019,612E1060,2024,HYDRO_FLOOD,B,TRAIN,GLOBAL_CHRONOLOGICAL_EVENT_SPLIT
B031_F0027,B031,61402050,2024,HYDRO_FLOOD,A,TRAIN,GLOBAL_CHRONOLOGICAL_EVENT_SPLIT
B014_F0007,B014,611E2920,2024,HYDRO_FLOOD,A,TRAIN,GLOBAL_CHRONOLOGICAL_EVENT_SPLIT
B007_F0025,B007,611E0470,2024,HYDRO_FLOOD,B,TRAIN,GLOBAL_CHRONOLOGICAL_EVENT_SPLIT
B016_F0012,B016,611G3160,2024,HYDRO_FLOOD,A,TRAIN,GLOBAL_CHRONOLOGICAL_EVENT_SPLIT
B007_F0026,B007,611E0470,2024,HYDRO_FLOOD,A,TRAIN,GLOBAL_CHRONOLOGICAL_EVENT_SPLIT
B019_F0024,B019,612E1060,2024,HYDRO_FLOOD,A,TRAIN,GLOBAL_CHRONOLOGICAL_EVENT_SPLIT
B003_F0025,B003,61109600,2024,HYDRO_FLOOD,A,TRAIN,GLOBAL_CHRONOLOGICAL_EVENT_SPLIT
B025_F0021,B025,613E2580,2024,HYDRO_FLOOD,A,TRAIN,GLOBAL_CHRONOLOGICAL_EVENT_SPLIT
B006_F0025,B006,61116100,2024,HYDRO_FLOOD,A,TRAIN,GLOBAL_CHRONOLOGICAL_EVENT_SPLIT
B033_F0027,B033,61510100,2024,HYDRO_FLOOD,A,TRAIN,GLOBAL_CHRONOLOGICAL_EVENT_SPLIT
B032_F0029,B032,614E1550,2024,HYDRO_FLOOD,B,TRAIN,GLOBAL_CHRONOLOGICAL_EVENT_SPLIT
B024_F0021,B024,613E1540,2024,HYDRO_FLOOD,A,TRAIN,GLOBAL_CHRONOLOGICAL_EVENT_SPLIT
B020_F0019,B020,612E1940,2024,HYDRO_FLOOD,A,TRAIN,GLOBAL_CHRONOLOGICAL_EVENT_SPLIT
B013_F0013,B013,611E2820,2024,HYDRO_FLOOD,A,TRAIN,GLOBAL_CHRONOLOGICAL_EVENT_SPLIT
B005_F0016,B005,61113300,2024,HYDRO_FLOOD,B,TRAIN,GLOBAL_CHRONOLOGICAL_EVENT_SPLIT
B008_F0022,B008,611E1460,2024,HYDRO_FLOOD,A,TRAIN,GLOBAL_CHRONOLOGICAL_EVENT_SPLIT
B028_F0013,B028,613G1535,2024,HYDRO_FLOOD,A,TRAIN,GLOBAL_CHRONOLOGICAL_EVENT_SPLIT
B023_F0008,B023,613E1450,2024,HYDRO_FLOOD,B,TRAIN,GLOBAL_CHRONOLOGICAL_EVENT_SPLIT
B003_F0026,B003,61109600,2024,HYDRO_FLOOD,B,TRAIN,GLOBAL_CHRONOLOGICAL_EVENT_SPLIT
B007_F0027,B007,611E0470,2024,HYDRO_FLOOD,A,TRAIN,GLOBAL_CHRONOLOGICAL_EVENT_SPLIT
B004_F0012,B004,61110900,2024,HYDRO_FLOOD,A,TRAIN,GLOBAL_CHRONOLOGICAL_EVENT_SPLIT
B003_F0027,B003,61109600,2024,HYDRO_FLOOD,A,TRAIN,GLOBAL_CHRONOLOGICAL_EVENT_SPLIT
B008_F0023,B008,611E1460,2024,HYDRO_FLOOD,B,TRAIN,GLOBAL_CHRONOLOGICAL_EVENT_SPLIT
B022_F0024,B022,612E2800,2024,HYDRO_FLOOD,A,TRAIN,GLOBAL_CHRONOLOGICAL_EVENT_SPLIT
B025_F0022,B025,613E2580,2024,HYDRO_FLOOD,A,TRAIN,GLOBAL_CHRONOLOGICAL_EVENT_SPLIT
B005_F0017,B005,61113300,2024,HYDRO_FLOOD,A,TRAIN,GLOBAL_CHRONOLOGICAL_EVENT_SPLIT
B006_F0026,B006,61116100,2024,HYDRO_FLOOD,A,TRAIN,GLOBAL_CHRONOLOGICAL_EVENT_SPLIT
B010_F0025,B010,611E2360,2024,HYDRO_FLOOD,A,TRAIN,GLOBAL_CHRONOLOGICAL_EVENT_SPLIT
B013_F0014,B013,611E2820,2024,HYDRO_FLOOD,B,TRAIN,GLOBAL_CHRONOLOGICAL_EVENT_SPLIT
B019_F0025,B019,612E1060,2024,HYDRO_FLOOD,B,TRAIN,GLOBAL_CHRONOLOGICAL_EVENT_SPLIT
B015_F0007,B015,611E2950,2024,HYDRO_FLOOD,A,TRAIN,GLOBAL_CHRONOLOGICAL_EVENT_SPLIT
B018_F0007,B018,611H2032,2024,HYDRO_FLOOD,A,TRAIN,GLOBAL_CHRONOLOGICAL_EVENT_SPLIT
B023_F0009,B023,613E1450,2024,HYDRO_FLOOD,A,TRAIN,GLOBAL_CHRONOLOGICAL_EVENT_SPLIT
B028_F0014,B028,613G1535,2024,HYDRO_FLOOD,B,TRAIN,GLOBAL_CHRONOLOGICAL_EVENT_SPLIT
B005_F0018,B005,61113300,2024,HYDRO_FLOOD,A,TRAIN,GLOBAL_CHRONOLOGICAL_EVENT_SPLIT
B010_F0026,B010,611E2360,2024,HYDRO_FLOOD,A,TRAIN,GLOBAL_CHRONOLOGICAL_EVENT_SPLIT
B001_F0007,B001,61105000,2024,HYDRO_FLOOD,B,TRAIN,GLOBAL_CHRONOLOGICAL_EVENT_SPLIT
B017_F0014,B017,611H1650,2024,HYDRO_FLOOD,A,TRAIN,GLOBAL_CHRONOLOGICAL_EVENT_SPLIT
B004_F0013,B004,61110900,2024,HYDRO_FLOOD,A,TRAIN,GLOBAL_CHRONOLOGICAL_EVENT_SPLIT
B029_F0006,B029,613H1300,2024,HYDRO_FLOOD,B,TRAIN,GLOBAL_CHRONOLOGICAL_EVENT_SPLIT
B028_F0015,B028,613G1535,2024,HYDRO_FLOOD,A,TRAIN,GLOBAL_CHRONOLOGICAL_EVENT_SPLIT
B024_F0022,B024,613E1540,2024,HYDRO_FLOOD,B,TRAIN,GLOBAL_CHRONOLOGICAL_EVENT_SPLIT
B007_F0028,B007,611E0470,2024,HYDRO_FLOOD,B,TRAIN,GLOBAL_CHRONOLOGICAL_EVENT_SPLIT
B033_F0028,B033,61510100,2024,HYDRO_FLOOD,B,TRAIN,GLOBAL_CHRONOLOGICAL_EVENT_SPLIT
B005_F0019,B005,61113300,2024,HYDRO_FLOOD,A,TRAIN,GLOBAL_CHRONOLOGICAL_EVENT_SPLIT
B010_F0027,B010,611E2360,2024,HYDRO_FLOOD,A,TRAIN,GLOBAL_CHRONOLOGICAL_EVENT_SPLIT
B028_F0016,B028,613G1535,2024,HYDRO_FLOOD,A,TRAIN,GLOBAL_CHRONOLOGICAL_EVENT_SPLIT
B006_F0027,B006,61116100,2024,HYDRO_FLOOD,A,TRAIN,GLOBAL_CHRONOLOGICAL_EVENT_SPLIT
B014_F0008,B014,611E2920,2024,HYDRO_FLOOD,A,TRAIN,GLOBAL_CHRONOLOGICAL_EVENT_SPLIT
B019_F0026,B019,612E1060,2024,HYDRO_FLOOD,B,TRAIN,GLOBAL_CHRONOLOGICAL_EVENT_SPLIT
B026_F0004,B026,613E2680,2024,HYDRO_FLOOD,A,TRAIN,GLOBAL_CHRONOLOGICAL_EVENT_SPLIT
B034_F0018,B034,61711890,2024,HYDRO_FLOOD,A,TRAIN,GLOBAL_CHRONOLOGICAL_EVENT_SPLIT
B003_F0028,B003,61109600,2024,HYDRO_FLOOD,A,TRAIN,GLOBAL_CHRONOLOGICAL_EVENT_SPLIT
B014_F0009,B014,611E2920,2024,HYDRO_FLOOD,A,TRAIN,GLOBAL_CHRONOLOGICAL_EVENT_SPLIT
B025_F0023,B025,613E2580,2024,HYDRO_FLOOD,B,TRAIN,GLOBAL_CHRONOLOGICAL_EVENT_SPLIT
B035_F0004,B035,810G0060,2024,HYDRO_FLOOD,A,TRAIN,GLOBAL_CHRONOLOGICAL_EVENT_SPLIT
B034_F0019,B034,61711890,2024,HYDRO_FLOOD,B,TRAIN,GLOBAL_CHRONOLOGICAL_EVENT_SPLIT
B019_F0027,B019,612E1060,2024,HYDRO_FLOOD,A,TRAIN,GLOBAL_CHRONOLOGICAL_EVENT_SPLIT
B003_F0029,B003,61109600,2024,HYDRO_FLOOD,A,TRAIN,GLOBAL_CHRONOLOGICAL_EVENT_SPLIT
B024_F0023,B024,613E1540,2024,HYDRO_FLOOD,A,TRAIN,GLOBAL_CHRONOLOGICAL_EVENT_SPLIT
B023_F0010,B023,613E1450,2024,HYDRO_FLOOD,A,TRAIN,GLOBAL_CHRONOLOGICAL_EVENT_SPLIT
B033_F0029,B033,61510100,2024,HYDRO_FLOOD,B,TRAIN,GLOBAL_CHRONOLOGICAL_EVENT_SPLIT
B001_F0008,B001,61105000,2024,HYDRO_FLOOD,A,TRAIN,GLOBAL_CHRONOLOGICAL_EVENT_SPLIT
B015_F0008,B015,611E2950,2024,HYDRO_FLOOD,A,TRAIN,GLOBAL_CHRONOLOGICAL_EVENT_SPLIT
B015_F0009,B015,611E2950,2024,HYDRO_FLOOD,A,TRAIN,GLOBAL_CHRONOLOGICAL_EVENT_SPLIT
B014_F0010,B014,611E2920,2024,HYDRO_FLOOD,A,TRAIN,GLOBAL_CHRONOLOGICAL_EVENT_SPLIT
B032_F0030,B032,614E1550,2024,HYDRO_FLOOD,A,TRAIN,GLOBAL_CHRONOLOGICAL_EVENT_SPLIT
B025_F0024,B025,613E2580,2024,HYDRO_FLOOD,A,TRAIN,GLOBAL_CHRONOLOGICAL_EVENT_SPLIT
B027_F0002,B027,613E2810,2024,HYDRO_FLOOD,A,TRAIN,GLOBAL_CHRONOLOGICAL_EVENT_SPLIT
B024_F0024,B024,613E1540,2024,HYDRO_FLOOD,A,TRAIN,GLOBAL_CHRONOLOGICAL_EVENT_SPLIT
B032_F0031,B032,614E1550,2024,HYDRO_FLOOD,A,TRAIN,GLOBAL_CHRONOLOGICAL_EVENT_SPLIT
B020_F0020,B020,612E1940,2024,HYDRO_FLOOD,A,TRAIN,GLOBAL_CHRONOLOGICAL_EVENT_SPLIT
B022_F0025,B022,612E2800,2024,HYDRO_FLOOD,A,TRAIN,GLOBAL_CHRONOLOGICAL_EVENT_SPLIT
B022_F0026,B022,612E2800,2024,HYDRO_FLOOD,A,TRAIN,GLOBAL_CHRONOLOGICAL_EVENT_SPLIT
B001_F0009,B001,61105000,2024,HYDRO_FLOOD,A,TRAIN,GLOBAL_CHRONOLOGICAL_EVENT_SPLIT
B004_F0014,B004,61110900,2024,HYDRO_FLOOD,A,TRAIN,GLOBAL_CHRONOLOGICAL_EVENT_SPLIT
B032_F0032,B032,614E1550,2024,HYDRO_FLOOD,A,TRAIN,GLOBAL_CHRONOLOGICAL_EVENT_SPLIT
B004_F0015,B004,61110900,2024,HYDRO_FLOOD,A,TRAIN,GLOBAL_CHRONOLOGICAL_EVENT_SPLIT
B007_F0029,B007,611E0470,2024,HYDRO_FLOOD,A,TRAIN,GLOBAL_CHRONOLOGICAL_EVENT_SPLIT
B010_F0028,B010,611E2360,2024,HYDRO_FLOOD,B,TRAIN,GLOBAL_CHRONOLOGICAL_EVENT_SPLIT
B005_F0020,B005,61113300,2024,HYDRO_FLOOD,A,TRAIN,GLOBAL_CHRONOLOGICAL_EVENT_SPLIT
B022_F0027,B022,612E2800,2024,HYDRO_FLOOD,A,TRAIN,GLOBAL_CHRONOLOGICAL_EVENT_SPLIT
B025_F0025,B025,613E2580,2024,HYDRO_FLOOD,B,TRAIN,GLOBAL_CHRONOLOGICAL_EVENT_SPLIT
B024_F0025,B024,613E1540,2024,HYDRO_FLOOD,B,TRAIN,GLOBAL_CHRONOLOGICAL_EVENT_SPLIT
B031_F0028,B031,61402050,2024,HYDRO_FLOOD,A,TRAIN,GLOBAL_CHRONOLOGICAL_EVENT_SPLIT
B032_F0033,B032,614E1550,2024,HYDRO_FLOOD,B,TRAIN,GLOBAL_CHRONOLOGICAL_EVENT_SPLIT
B016_F0015,B016,611G3160,2024,HYDRO_FLOOD,A,TRAIN,GLOBAL_CHRONOLOGICAL_EVENT_SPLIT
B005_F0021,B005,61113300,2024,HYDRO_FLOOD,A,TRAIN,GLOBAL_CHRONOLOGICAL_EVENT_SPLIT
B004_F0016,B004,61110900,2024,HYDRO_FLOOD,A,TRAIN,GLOBAL_CHRONOLOGICAL_EVENT_SPLIT
B031_F0029,B031,61402050,2024,HYDRO_FLOOD,A,TRAIN,GLOBAL_CHRONOLOGICAL_EVENT_SPLIT
B008_F0025,B008,611E1460,2024,HYDRO_FLOOD,B,TRAIN,GLOBAL_CHRONOLOGICAL_EVENT_SPLIT
B014_F0011,B014,611E2920,2024,HYDRO_FLOOD,A,TRAIN,GLOBAL_CHRONOLOGICAL_EVENT_SPLIT
B013_F0015,B013,611E2820,2024,HYDRO_FLOOD,A,TRAIN,GLOBAL_CHRONOLOGICAL_EVENT_SPLIT
B015_F0010,B015,611E2950,2024,HYDRO_FLOOD,A,TRAIN,GLOBAL_CHRONOLOGICAL_EVENT_SPLIT
B014_F0012,B014,611E2920,2024,HYDRO_FLOOD,A,VALIDATION,GLOBAL_CHRONOLOGICAL_EVENT_SPLIT
B026_F0005,B026,613E2680,2024,HYDRO_FLOOD,A,VALIDATION,GLOBAL_CHRONOLOGICAL_EVENT_SPLIT
B013_F0016,B013,611E2820,2024,HYDRO_FLOOD,A,VALIDATION,GLOBAL_CHRONOLOGICAL_EVENT_SPLIT
B006_F0028,B006,61116100,2024,HYDRO_FLOOD,A,VALIDATION,GLOBAL_CHRONOLOGICAL_EVENT_SPLIT
B024_F0026,B024,613E1540,2024,HYDRO_FLOOD,A,VALIDATION,GLOBAL_CHRONOLOGICAL_EVENT_SPLIT
B005_F0022,B005,61113300,2024,HYDRO_FLOOD,A,VALIDATION,GLOBAL_CHRONOLOGICAL_EVENT_SPLIT
B034_F0020,B034,61711890,2024,HYDRO_FLOOD,A,VALIDATION,GLOBAL_CHRONOLOGICAL_EVENT_SPLIT
B002_F0008,B002,61106450,2024,HYDRO_FLOOD,A,VALIDATION,GLOBAL_CHRONOLOGICAL_EVENT_SPLIT
B001_F0010,B001,61105000,2024,HYDRO_FLOOD,A,VALIDATION,GLOBAL_CHRONOLOGICAL_EVENT_SPLIT
B016_F0016,B016,611G3160,2024,HYDRO_FLOOD,A,VALIDATION,GLOBAL_CHRONOLOGICAL_EVENT_SPLIT
B005_F0023,B005,61113300,2024,HYDRO_FLOOD,A,VALIDATION,GLOBAL_CHRONOLOGICAL_EVENT_SPLIT
B019_F0029,B019,612E1060,2024,HYDRO_FLOOD,A,VALIDATION,GLOBAL_CHRONOLOGICAL_EVENT_SPLIT
B003_F0030,B003,61109600,2024,HYDRO_FLOOD,A,VALIDATION,GLOBAL_CHRONOLOGICAL_EVENT_SPLIT
B006_F0029,B006,61116100,2024,HYDRO_FLOOD,A,VALIDATION,GLOBAL_CHRONOLOGICAL_EVENT_SPLIT
B002_F0009,B002,61106450,2024,HYDRO_FLOOD,A,VALIDATION,GLOBAL_CHRONOLOGICAL_EVENT_SPLIT
B008_F0026,B008,611E1460,2024,HYDRO_FLOOD,B,VALIDATION,GLOBAL_CHRONOLOGICAL_EVENT_SPLIT
B007_F0030,B007,611E0470,2024,HYDRO_FLOOD,A,VALIDATION,GLOBAL_CHRONOLOGICAL_EVENT_SPLIT
B001_F0011,B001,61105000,2024,HYDRO_FLOOD,B,VALIDATION,GLOBAL_CHRONOLOGICAL_EVENT_SPLIT
B028_F0017,B028,613G1535,2024,HYDRO_FLOOD,B,VALIDATION,GLOBAL_CHRONOLOGICAL_EVENT_SPLIT
B031_F0030,B031,61402050,2024,HYDRO_FLOOD,A,VALIDATION,GLOBAL_CHRONOLOGICAL_EVENT_SPLIT
B029_F0007,B029,613H1300,2024,HYDRO_FLOOD,A,VALIDATION,GLOBAL_CHRONOLOGICAL_EVENT_SPLIT
B017_F0015,B017,611H1650,2024,HYDRO_FLOOD,A,VALIDATION,GLOBAL_CHRONOLOGICAL_EVENT_SPLIT
B001_F0012,B001,61105000,2024,HYDRO_FLOOD,A,VALIDATION,GLOBAL_CHRONOLOGICAL_EVENT_SPLIT
B018_F0008,B018,611H2032,2024,HYDRO_FLOOD,A,VALIDATION,GLOBAL_CHRONOLOGICAL_EVENT_SPLIT
B006_F0030,B006,61116100,2025,HYDRO_FLOOD,B,VALIDATION,GLOBAL_CHRONOLOGICAL_EVENT_SPLIT
B007_F0031,B007,611E0470,2025,HYDRO_FLOOD,B,VALIDATION,GLOBAL_CHRONOLOGICAL_EVENT_SPLIT
B007_F0032,B007,611E0470,2025,HYDRO_FLOOD,A,VALIDATION,GLOBAL_CHRONOLOGICAL_EVENT_SPLIT
B002_F0010,B002,61106450,2025,HYDRO_FLOOD,A,VALIDATION,GLOBAL_CHRONOLOGICAL_EVENT_SPLIT
B021_F0010,B021,612E2390,2025,HYDRO_FLOOD,A,VALIDATION,GLOBAL_CHRONOLOGICAL_EVENT_SPLIT
B031_F0031,B031,61402050,2025,HYDRO_FLOOD,B,VALIDATION,GLOBAL_CHRONOLOGICAL_EVENT_SPLIT
B032_F0035,B032,614E1550,2025,HYDRO_FLOOD,B,VALIDATION,GLOBAL_CHRONOLOGICAL_EVENT_SPLIT
B033_F0030,B033,61510100,2025,HYDRO_FLOOD,A,VALIDATION,GLOBAL_CHRONOLOGICAL_EVENT_SPLIT
B004_F0017,B004,61110900,2025,HYDRO_FLOOD,B,VALIDATION,GLOBAL_CHRONOLOGICAL_EVENT_SPLIT
B030_F0006,B030,613H9508,2025,HYDRO_FLOOD,A,VALIDATION,GLOBAL_CHRONOLOGICAL_EVENT_SPLIT
B001_F0013,B001,61105000,2025,HYDRO_FLOOD,B,VALIDATION,GLOBAL_CHRONOLOGICAL_EVENT_SPLIT
B016_F0017,B016,611G3160,2025,HYDRO_FLOOD,A,VALIDATION,GLOBAL_CHRONOLOGICAL_EVENT_SPLIT
B031_F0032,B031,61402050,2025,HYDRO_FLOOD,A,VALIDATION,GLOBAL_CHRONOLOGICAL_EVENT_SPLIT
B032_F0036,B032,614E1550,2025,HYDRO_FLOOD,B,VALIDATION,GLOBAL_CHRONOLOGICAL_EVENT_SPLIT
B003_F0031,B003,61109600,2025,HYDRO_FLOOD,B,VALIDATION,GLOBAL_CHRONOLOGICAL_EVENT_SPLIT
B022_F0028,B022,612E2800,2025,HYDRO_FLOOD,A,VALIDATION,GLOBAL_CHRONOLOGICAL_EVENT_SPLIT
B031_F0033,B031,61402050,2025,HYDRO_FLOOD,B,VALIDATION,GLOBAL_CHRONOLOGICAL_EVENT_SPLIT
B025_F0026,B025,613E2580,2025,HYDRO_FLOOD,B,VALIDATION,GLOBAL_CHRONOLOGICAL_EVENT_SPLIT
B022_F0029,B022,612E2800,2025,HYDRO_FLOOD,A,VALIDATION,GLOBAL_CHRONOLOGICAL_EVENT_SPLIT
B007_F0033,B007,611E0470,2025,HYDRO_FLOOD,B,VALIDATION,GLOBAL_CHRONOLOGICAL_EVENT_SPLIT
B016_F0018,B016,611G3160,2025,HYDRO_FLOOD,A,VALIDATION,GLOBAL_CHRONOLOGICAL_EVENT_SPLIT
B019_F0030,B019,612E1060,2025,HYDRO_FLOOD,B,VALIDATION,GLOBAL_CHRONOLOGICAL_EVENT_SPLIT
B025_F0027,B025,613E2580,2025,HYDRO_FLOOD,B,VALIDATION,GLOBAL_CHRONOLOGICAL_EVENT_SPLIT
B005_F0024,B005,61113300,2025,HYDRO_FLOOD,A,VALIDATION,GLOBAL_CHRONOLOGICAL_EVENT_SPLIT
B021_F0011,B021,612E2390,2025,HYDRO_FLOOD,A,VALIDATION,GLOBAL_CHRONOLOGICAL_EVENT_SPLIT
B019_F0031,B019,612E1060,2025,HYDRO_FLOOD,A,VALIDATION,GLOBAL_CHRONOLOGICAL_EVENT_SPLIT
B003_F0032,B003,61109600,2025,HYDRO_FLOOD,B,VALIDATION,GLOBAL_CHRONOLOGICAL_EVENT_SPLIT
B008_F0027,B008,611E1460,2025,HYDRO_FLOOD,B,VALIDATION,GLOBAL_CHRONOLOGICAL_EVENT_SPLIT
B002_F0011,B002,61106450,2025,HYDRO_FLOOD,A,VALIDATION,GLOBAL_CHRONOLOGICAL_EVENT_SPLIT
B034_F0021,B034,61711890,2025,HYDRO_FLOOD,A,VALIDATION,GLOBAL_CHRONOLOGICAL_EVENT_SPLIT
B025_F0028,B025,613E2580,2025,HYDRO_FLOOD,A,VALIDATION,GLOBAL_CHRONOLOGICAL_EVENT_SPLIT
B006_F0031,B006,61116100,2025,HYDRO_FLOOD,A,VALIDATION,GLOBAL_CHRONOLOGICAL_EVENT_SPLIT
B020_F0021,B020,612E1940,2025,HYDRO_FLOOD,A,VALIDATION,GLOBAL_CHRONOLOGICAL_EVENT_SPLIT
B021_F0012,B021,612E2390,2025,HYDRO_FLOOD,A,VALIDATION,GLOBAL_CHRONOLOGICAL_EVENT_SPLIT
B014_F0013,B014,611E2920,2025,HYDRO_FLOOD,A,VALIDATION,GLOBAL_CHRONOLOGICAL_EVENT_SPLIT
B022_F0030,B022,612E2800,2025,HYDRO_FLOOD,A,VALIDATION,GLOBAL_CHRONOLOGICAL_EVENT_SPLIT
B005_F0025,B005,61113300,2025,HYDRO_FLOOD,A,VALIDATION,GLOBAL_CHRONOLOGICAL_EVENT_SPLIT
B026_F0006,B026,613E2680,2025,HYDRO_FLOOD,A,VALIDATION,GLOBAL_CHRONOLOGICAL_EVENT_SPLIT
B010_F0029,B010,611E2360,2025,HYDRO_FLOOD,A,VALIDATION,GLOBAL_CHRONOLOGICAL_EVENT_SPLIT
B019_F0032,B019,612E1060,2025,HYDRO_FLOOD,B,VALIDATION,GLOBAL_CHRONOLOGICAL_EVENT_SPLIT
B023_F0011,B023,613E1450,2025,HYDRO_FLOOD,B,VALIDATION,GLOBAL_CHRONOLOGICAL_EVENT_SPLIT
B016_F0019,B016,611G3160,2025,HYDRO_FLOOD,A,VALIDATION,GLOBAL_CHRONOLOGICAL_EVENT_SPLIT
B001_F0014,B001,61105000,2025,HYDRO_FLOOD,A,VALIDATION,GLOBAL_CHRONOLOGICAL_EVENT_SPLIT
B015_F0011,B015,611E2950,2025,HYDRO_FLOOD,A,VALIDATION,GLOBAL_CHRONOLOGICAL_EVENT_SPLIT
B007_F0034,B007,611E0470,2025,HYDRO_FLOOD,B,VALIDATION,GLOBAL_CHRONOLOGICAL_EVENT_SPLIT
B006_F0032,B006,61116100,2025,HYDRO_FLOOD,A,VALIDATION,GLOBAL_CHRONOLOGICAL_EVENT_SPLIT
B007_F0035,B007,611E0470,2025,HYDRO_FLOOD,A,VALIDATION,GLOBAL_CHRONOLOGICAL_EVENT_SPLIT
B007_F0036,B007,611E0470,2025,HYDRO_FLOOD,B,VALIDATION,GLOBAL_CHRONOLOGICAL_EVENT_SPLIT
B006_F0033,B006,61116100,2025,HYDRO_FLOOD,A,VALIDATION,GLOBAL_CHRONOLOGICAL_EVENT_SPLIT
B010_F0030,B010,611E2360,2025,HYDRO_FLOOD,A,VALIDATION,GLOBAL_CHRONOLOGICAL_EVENT_SPLIT
B003_F0033,B003,61109600,2025,HYDRO_FLOOD,B,VALIDATION,GLOBAL_CHRONOLOGICAL_EVENT_SPLIT
B031_F0034,B031,61402050,2025,HYDRO_FLOOD,B,VALIDATION,GLOBAL_CHRONOLOGICAL_EVENT_SPLIT
B032_F0037,B032,614E1550,2025,HYDRO_FLOOD,A,VALIDATION,GLOBAL_CHRONOLOGICAL_EVENT_SPLIT
B025_F0029,B025,613E2580,2025,HYDRO_FLOOD,A,VALIDATION,GLOBAL_CHRONOLOGICAL_EVENT_SPLIT
B002_F0012,B002,61106450,2025,HYDRO_FLOOD,A,VALIDATION,GLOBAL_CHRONOLOGICAL_EVENT_SPLIT
B008_F0028,B008,611E1460,2025,HYDRO_FLOOD,A,VALIDATION,GLOBAL_CHRONOLOGICAL_EVENT_SPLIT
B024_F0027,B024,613E1540,2025,HYDRO_FLOOD,A,VALIDATION,GLOBAL_CHRONOLOGICAL_EVENT_SPLIT
B032_F0038,B032,614E1550,2025,HYDRO_FLOOD,A,VALIDATION,GLOBAL_CHRONOLOGICAL_EVENT_SPLIT
B033_F0031,B033,61510100,2025,HYDRO_FLOOD,B,VALIDATION,GLOBAL_CHRONOLOGICAL_EVENT_SPLIT
B016_F0020,B016,611G3160,2025,HYDRO_FLOOD,A,VALIDATION,GLOBAL_CHRONOLOGICAL_EVENT_SPLIT
B013_F0017,B013,611E2820,2025,HYDRO_FLOOD,A,VALIDATION,GLOBAL_CHRONOLOGICAL_EVENT_SPLIT
B018_F0009,B018,611H2032,2025,HYDRO_FLOOD,A,VALIDATION,GLOBAL_CHRONOLOGICAL_EVENT_SPLIT
B008_F0029,B008,611E1460,2025,HYDRO_FLOOD,B,VALIDATION,GLOBAL_CHRONOLOGICAL_EVENT_SPLIT
B031_F0035,B031,61402050,2025,HYDRO_FLOOD,A,VALIDATION,GLOBAL_CHRONOLOGICAL_EVENT_SPLIT
B025_F0030,B025,613E2580,2025,HYDRO_FLOOD,A,VALIDATION,GLOBAL_CHRONOLOGICAL_EVENT_SPLIT
B034_F0022,B034,61711890,2025,HYDRO_FLOOD,A,VALIDATION,GLOBAL_CHRONOLOGICAL_EVENT_SPLIT
B026_F0007,B026,613E2680,2025,HYDRO_FLOOD,B,VALIDATION,GLOBAL_CHRONOLOGICAL_EVENT_SPLIT
B006_F0034,B006,61116100,2025,HYDRO_FLOOD,A,VALIDATION,GLOBAL_CHRONOLOGICAL_EVENT_SPLIT
B010_F0031,B010,611E2360,2025,HYDRO_FLOOD,A,VALIDATION,GLOBAL_CHRONOLOGICAL_EVENT_SPLIT
B001_F0015,B001,61105000,2025,HYDRO_FLOOD,A,VALIDATION,GLOBAL_CHRONOLOGICAL_EVENT_SPLIT
B002_F0013,B002,61106450,2025,HYDRO_FLOOD,A,VALIDATION,GLOBAL_CHRONOLOGICAL_EVENT_SPLIT
B022_F0031,B022,612E2800,2025,HYDRO_FLOOD,A,VALIDATION,GLOBAL_CHRONOLOGICAL_EVENT_SPLIT
B016_F0021,B016,611G3160,2025,HYDRO_FLOOD,A,VALIDATION,GLOBAL_CHRONOLOGICAL_EVENT_SPLIT
B024_F0028,B024,613E1540,2025,HYDRO_FLOOD,B,VALIDATION,GLOBAL_CHRONOLOGICAL_EVENT_SPLIT
B005_F0026,B005,61113300,2025,HYDRO_FLOOD,A,VALIDATION,GLOBAL_CHRONOLOGICAL_EVENT_SPLIT
B022_F0032,B022,612E2800,2025,HYDRO_FLOOD,A,VALIDATION,GLOBAL_CHRONOLOGICAL_EVENT_SPLIT
B010_F0032,B010,611E2360,2025,HYDRO_FLOOD,A,VALIDATION,GLOBAL_CHRONOLOGICAL_EVENT_SPLIT
B003_F0034,B003,61109600,2025,HYDRO_FLOOD,A,VALIDATION,GLOBAL_CHRONOLOGICAL_EVENT_SPLIT
B033_F0032,B033,61510100,2025,HYDRO_FLOOD,B,VALIDATION,GLOBAL_CHRONOLOGICAL_EVENT_SPLIT
B007_F0037,B007,611E0470,2025,HYDRO_FLOOD,B,VALIDATION,GLOBAL_CHRONOLOGICAL_EVENT_SPLIT
B016_F0022,B016,611G3160,2025,HYDRO_FLOOD,A,VALIDATION,GLOBAL_CHRONOLOGICAL_EVENT_SPLIT
B025_F0031,B025,613E2580,2025,HYDRO_FLOOD,A,VALIDATION,GLOBAL_CHRONOLOGICAL_EVENT_SPLIT
B006_F0035,B006,61116100,2025,HYDRO_FLOOD,A,VALIDATION,GLOBAL_CHRONOLOGICAL_EVENT_SPLIT
B013_F0018,B013,611E2820,2025,HYDRO_FLOOD,A,VALIDATION,GLOBAL_CHRONOLOGICAL_EVENT_SPLIT
B019_F0033,B019,612E1060,2025,HYDRO_FLOOD,A,VALIDATION,GLOBAL_CHRONOLOGICAL_EVENT_SPLIT
B018_F0010,B018,611H2032,2025,HYDRO_FLOOD,A,VALIDATION,GLOBAL_CHRONOLOGICAL_EVENT_SPLIT
B020_F0022,B020,612E1940,2025,HYDRO_FLOOD,A,VALIDATION,GLOBAL_CHRONOLOGICAL_EVENT_SPLIT
B016_F0023,B016,611G3160,2025,HYDRO_FLOOD,A,VALIDATION,GLOBAL_CHRONOLOGICAL_EVENT_SPLIT
B017_F0016,B017,611H1650,2025,HYDRO_FLOOD,B,VALIDATION,GLOBAL_CHRONOLOGICAL_EVENT_SPLIT
B006_F0036,B006,61116100,2025,HYDRO_FLOOD,A,VALIDATION,GLOBAL_CHRONOLOGICAL_EVENT_SPLIT
B033_F0033,B033,61510100,2025,HYDRO_FLOOD,B,VALIDATION,GLOBAL_CHRONOLOGICAL_EVENT_SPLIT
B008_F0030,B008,611E1460,2025,HYDRO_FLOOD,B,VALIDATION,GLOBAL_CHRONOLOGICAL_EVENT_SPLIT
B034_F0023,B034,61711890,2025,HYDRO_FLOOD,A,VALIDATION,GLOBAL_CHRONOLOGICAL_EVENT_SPLIT
B014_F0014,B014,611E2920,2025,HYDRO_FLOOD,A,TEST,GLOBAL_CHRONOLOGICAL_EVENT_SPLIT
B025_F0032,B025,613E2580,2025,HYDRO_FLOOD,A,TEST,GLOBAL_CHRONOLOGICAL_EVENT_SPLIT
B005_F0027,B005,61113300,2025,HYDRO_FLOOD,A,TEST,GLOBAL_CHRONOLOGICAL_EVENT_SPLIT
B006_F0037,B006,61116100,2025,HYDRO_FLOOD,A,TEST,GLOBAL_CHRONOLOGICAL_EVENT_SPLIT
B017_F0017,B017,611H1650,2025,HYDRO_FLOOD,A,TEST,GLOBAL_CHRONOLOGICAL_EVENT_SPLIT
B034_F0024,B034,61711890,2025,HYDRO_FLOOD,B,TEST,GLOBAL_CHRONOLOGICAL_EVENT_SPLIT
B014_F0015,B014,611E2920,2025,HYDRO_FLOOD,A,TEST,GLOBAL_CHRONOLOGICAL_EVENT_SPLIT
B001_F0016,B001,61105000,2025,HYDRO_FLOOD,A,TEST,GLOBAL_CHRONOLOGICAL_EVENT_SPLIT
B001_F0017,B001,61105000,2025,HYDRO_FLOOD,A,TEST,GLOBAL_CHRONOLOGICAL_EVENT_SPLIT
B033_F0034,B033,61510100,2025,HYDRO_FLOOD,A,TEST,GLOBAL_CHRONOLOGICAL_EVENT_SPLIT
B007_F0038,B007,611E0470,2025,HYDRO_FLOOD,A,TEST,GLOBAL_CHRONOLOGICAL_EVENT_SPLIT
B010_F0033,B010,611E2360,2025,HYDRO_FLOOD,B,TEST,GLOBAL_CHRONOLOGICAL_EVENT_SPLIT
B015_F0013,B015,611E2950,2025,HYDRO_FLOOD,A,TEST,GLOBAL_CHRONOLOGICAL_EVENT_SPLIT
B034_F0025,B034,61711890,2025,HYDRO_FLOOD,A,TEST,GLOBAL_CHRONOLOGICAL_EVENT_SPLIT
B006_F0038,B006,61116100,2025,HYDRO_FLOOD,A,TEST,GLOBAL_CHRONOLOGICAL_EVENT_SPLIT
B018_F0011,B018,611H2032,2025,HYDRO_FLOOD,A,TEST,GLOBAL_CHRONOLOGICAL_EVENT_SPLIT
B006_F0039,B006,61116100,2025,HYDRO_FLOOD,A,TEST,GLOBAL_CHRONOLOGICAL_EVENT_SPLIT
B002_F0014,B002,61106450,2025,HYDRO_FLOOD,A,TEST,GLOBAL_CHRONOLOGICAL_EVENT_SPLIT
B003_F0035,B003,61109600,2025,HYDRO_FLOOD,A,TEST,GLOBAL_CHRONOLOGICAL_EVENT_SPLIT
B015_F0014,B015,611E2950,2025,HYDRO_FLOOD,B,TEST,GLOBAL_CHRONOLOGICAL_EVENT_SPLIT
B007_F0039,B007,611E0470,2025,HYDRO_FLOOD,B,TEST,GLOBAL_CHRONOLOGICAL_EVENT_SPLIT
B015_F0015,B015,611E2950,2025,HYDRO_FLOOD,A,TEST,GLOBAL_CHRONOLOGICAL_EVENT_SPLIT
B006_F0040,B006,61116100,2025,HYDRO_FLOOD,B,TEST,GLOBAL_CHRONOLOGICAL_EVENT_SPLIT
B014_F0016,B014,611E2920,2025,HYDRO_FLOOD,B,TEST,GLOBAL_CHRONOLOGICAL_EVENT_SPLIT
B015_F0016,B015,611E2950,2025,HYDRO_FLOOD,A,TEST,GLOBAL_CHRONOLOGICAL_EVENT_SPLIT
B001_F0018,B001,61105000,2025,HYDRO_FLOOD,A,TEST,GLOBAL_CHRONOLOGICAL_EVENT_SPLIT
B003_F0036,B003,61109600,2025,HYDRO_FLOOD,A,TEST,GLOBAL_CHRONOLOGICAL_EVENT_SPLIT
B004_F0018,B004,61110900,2025,HYDRO_FLOOD,B,TEST,GLOBAL_CHRONOLOGICAL_EVENT_SPLIT
B015_F0017,B015,611E2950,2025,HYDRO_FLOOD,B,TEST,GLOBAL_CHRONOLOGICAL_EVENT_SPLIT
B006_F0041,B006,61116100,2025,HYDRO_FLOOD,A,TEST,GLOBAL_CHRONOLOGICAL_EVENT_SPLIT
B010_F0034,B010,611E2360,2025,HYDRO_FLOOD,A,TEST,GLOBAL_CHRONOLOGICAL_EVENT_SPLIT
B011_F0010,B011,611E2536,2025,HYDRO_FLOOD,A,TEST,GLOBAL_CHRONOLOGICAL_EVENT_SPLIT
B019_F0034,B019,612E1060,2025,HYDRO_FLOOD,A,TEST,GLOBAL_CHRONOLOGICAL_EVENT_SPLIT
B010_F0035,B010,611E2360,2025,HYDRO_FLOOD,A,TEST,GLOBAL_CHRONOLOGICAL_EVENT_SPLIT
B003_F0037,B003,61109600,2025,HYDRO_FLOOD,B,TEST,GLOBAL_CHRONOLOGICAL_EVENT_SPLIT
B019_F0035,B019,612E1060,2025,HYDRO_FLOOD,A,TEST,GLOBAL_CHRONOLOGICAL_EVENT_SPLIT
B011_F0011,B011,611E2536,2025,HYDRO_FLOOD,A,TEST,GLOBAL_CHRONOLOGICAL_EVENT_SPLIT
B002_F0015,B002,61106450,2025,HYDRO_FLOOD,A,TEST,GLOBAL_CHRONOLOGICAL_EVENT_SPLIT
B008_F0031,B008,611E1460,2025,HYDRO_FLOOD,A,TEST,GLOBAL_CHRONOLOGICAL_EVENT_SPLIT
B017_F0018,B017,611H1650,2025,HYDRO_FLOOD,A,TEST,GLOBAL_CHRONOLOGICAL_EVENT_SPLIT
B002_F0016,B002,61106450,2025,HYDRO_FLOOD,A,TEST,GLOBAL_CHRONOLOGICAL_EVENT_SPLIT
B034_F0026,B034,61711890,2025,HYDRO_FLOOD,B,TEST,GLOBAL_CHRONOLOGICAL_EVENT_SPLIT
B006_F0042,B006,61116100,2025,HYDRO_FLOOD,A,TEST,GLOBAL_CHRONOLOGICAL_EVENT_SPLIT
B025_F0033,B025,613E2580,2025,HYDRO_FLOOD,A,TEST,GLOBAL_CHRONOLOGICAL_EVENT_SPLIT
B016_F0024,B016,611G3160,2025,HYDRO_FLOOD,A,TEST,GLOBAL_CHRONOLOGICAL_EVENT_SPLIT
B026_F0008,B026,613E2680,2025,HYDRO_FLOOD,A,TEST,GLOBAL_CHRONOLOGICAL_EVENT_SPLIT
B019_F0036,B019,612E1060,2025,HYDRO_FLOOD,B,TEST,GLOBAL_CHRONOLOGICAL_EVENT_SPLIT
B024_F0029,B024,613E1540,2025,HYDRO_FLOOD,A,TEST,GLOBAL_CHRONOLOGICAL_EVENT_SPLIT
B026_F0009,B026,613E2680,2025,HYDRO_FLOOD,A,TEST,GLOBAL_CHRONOLOGICAL_EVENT_SPLIT
B013_F0019,B013,611E2820,2025,HYDRO_FLOOD,B,TEST,GLOBAL_CHRONOLOGICAL_EVENT_SPLIT
B018_F0012,B018,611H2032,2025,HYDRO_FLOOD,A,TEST,GLOBAL_CHRONOLOGICAL_EVENT_SPLIT
B031_F0036,B031,61402050,2025,HYDRO_FLOOD,A,TEST,GLOBAL_CHRONOLOGICAL_EVENT_SPLIT
B002_F0017,B002,61106450,2025,HYDRO_FLOOD,A,TEST,GLOBAL_CHRONOLOGICAL_EVENT_SPLIT
B001_F0019,B001,61105000,2025,HYDRO_FLOOD,A,TEST,GLOBAL_CHRONOLOGICAL_EVENT_SPLIT
B031_F0037,B031,61402050,2025,HYDRO_FLOOD,A,TEST,GLOBAL_CHRONOLOGICAL_EVENT_SPLIT
B021_F0013,B021,612E2390,2025,HYDRO_FLOOD,A,TEST,GLOBAL_CHRONOLOGICAL_EVENT_SPLIT
B026_F0010,B026,613E2680,2025,HYDRO_FLOOD,A,TEST,GLOBAL_CHRONOLOGICAL_EVENT_SPLIT
B002_F0018,B002,61106450,2025,HYDRO_FLOOD,A,TEST,GLOBAL_CHRONOLOGICAL_EVENT_SPLIT
B022_F0033,B022,612E2800,2025,HYDRO_FLOOD,A,TEST,GLOBAL_CHRONOLOGICAL_EVENT_SPLIT
B031_F0038,B031,61402050,2025,HYDRO_FLOOD,A,TEST,GLOBAL_CHRONOLOGICAL_EVENT_SPLIT
B033_F0035,B033,61510100,2025,HYDRO_FLOOD,A,TEST,GLOBAL_CHRONOLOGICAL_EVENT_SPLIT
B020_F0023,B020,612E1940,2025,HYDRO_FLOOD,A,TEST,GLOBAL_CHRONOLOGICAL_EVENT_SPLIT
B018_F0013,B018,611H2032,2025,HYDRO_FLOOD,A,TEST,GLOBAL_CHRONOLOGICAL_EVENT_SPLIT
B024_F0030,B024,613E1540,2025,HYDRO_FLOOD,B,TEST,GLOBAL_CHRONOLOGICAL_EVENT_SPLIT
B031_F0039,B031,61402050,2025,HYDRO_FLOOD,B,TEST,GLOBAL_CHRONOLOGICAL_EVENT_SPLIT
B026_F0011,B026,613E2680,2025,HYDRO_FLOOD,A,TEST,GLOBAL_CHRONOLOGICAL_EVENT_SPLIT
B004_F0019,B004,61110900,2025,HYDRO_FLOOD,A,TEST,GLOBAL_CHRONOLOGICAL_EVENT_SPLIT
B031_F0040,B031,61402050,2025,HYDRO_FLOOD,B,TEST,GLOBAL_CHRONOLOGICAL_EVENT_SPLIT
B017_F0019,B017,611H1650,2025,HYDRO_FLOOD,B,TEST,GLOBAL_CHRONOLOGICAL_EVENT_SPLIT
B001_F0020,B001,61105000,2025,HYDRO_FLOOD,A,TEST,GLOBAL_CHRONOLOGICAL_EVENT_SPLIT
B007_F0041,B007,611E0470,2025,HYDRO_FLOOD,A,TEST,GLOBAL_CHRONOLOGICAL_EVENT_SPLIT
B005_F0028,B005,61113300,2025,HYDRO_FLOOD,A,TEST,GLOBAL_CHRONOLOGICAL_EVENT_SPLIT
B017_F0020,B017,611H1650,2025,HYDRO_FLOOD,A,TEST,GLOBAL_CHRONOLOGICAL_EVENT_SPLIT
B007_F0042,B007,611E0470,2025,HYDRO_FLOOD,A,TEST,GLOBAL_CHRONOLOGICAL_EVENT_SPLIT
B004_F0020,B004,61110900,2025,HYDRO_FLOOD,A,TEST,GLOBAL_CHRONOLOGICAL_EVENT_SPLIT
B011_F0012,B011,611E2536,2025,HYDRO_FLOOD,A,TEST,GLOBAL_CHRONOLOGICAL_EVENT_SPLIT
B001_F0021,B001,61105000,2025,HYDRO_FLOOD,B,TEST,GLOBAL_CHRONOLOGICAL_EVENT_SPLIT
B007_F0043,B007,611E0470,2025,HYDRO_FLOOD,B,TEST,GLOBAL_CHRONOLOGICAL_EVENT_SPLIT
B032_F0039,B032,614E1550,2025,HYDRO_FLOOD,B,TEST,GLOBAL_CHRONOLOGICAL_EVENT_SPLIT
B007_F0044,B007,611E0470,2026,HYDRO_FLOOD,A,TEST,GLOBAL_CHRONOLOGICAL_EVENT_SPLIT
B013_F0020,B013,611E2820,2026,HYDRO_FLOOD,A,TEST,GLOBAL_CHRONOLOGICAL_EVENT_SPLIT
B018_F0014,B018,611H2032,2026,HYDRO_FLOOD,A,TEST,GLOBAL_CHRONOLOGICAL_EVENT_SPLIT
B013_F0021,B013,611E2820,2026,HYDRO_FLOOD,B,TEST,GLOBAL_CHRONOLOGICAL_EVENT_SPLIT
B023_F0012,B023,613E1450,2026,HYDRO_FLOOD,B,TEST,GLOBAL_CHRONOLOGICAL_EVENT_SPLIT
B014_F0017,B014,611E2920,2026,HYDRO_FLOOD,A,TEST,GLOBAL_CHRONOLOGICAL_EVENT_SPLIT
B031_F0041,B031,61402050,2026,HYDRO_FLOOD,A,TEST,GLOBAL_CHRONOLOGICAL_EVENT_SPLIT
B006_F0043,B006,61116100,2026,HYDRO_FLOOD,A,TEST,GLOBAL_CHRONOLOGICAL_EVENT_SPLIT
B005_F0029,B005,61113300,2026,HYDRO_FLOOD,A,TEST,GLOBAL_CHRONOLOGICAL_EVENT_SPLIT
B008_F0032,B008,611E1460,2026,HYDRO_FLOOD,B,TEST,GLOBAL_CHRONOLOGICAL_EVENT_SPLIT
B007_F0045,B007,611E0470,2026,HYDRO_FLOOD,A,TEST,GLOBAL_CHRONOLOGICAL_EVENT_SPLIT
B017_F0021,B017,611H1650,2026,HYDRO_FLOOD,A,TEST,GLOBAL_CHRONOLOGICAL_EVENT_SPLIT
B024_F0031,B024,613E1540,2026,HYDRO_FLOOD,B,TEST,GLOBAL_CHRONOLOGICAL_EVENT_SPLIT
B007_F0046,B007,611E0470,2026,HYDRO_FLOOD,A,TEST,GLOBAL_CHRONOLOGICAL_EVENT_SPLIT
B024_F0032,B024,613E1540,2026,HYDRO_FLOOD,B,TEST,GLOBAL_CHRONOLOGICAL_EVENT_SPLIT
B001_F0022,B001,61105000,2026,HYDRO_FLOOD,A,TEST,GLOBAL_CHRONOLOGICAL_EVENT_SPLIT
B006_F0044,B006,61116100,2026,HYDRO_FLOOD,B,TEST,GLOBAL_CHRONOLOGICAL_EVENT_SPLIT
B022_F0034,B022,612E2800,2026,HYDRO_FLOOD,A,TEST,GLOBAL_CHRONOLOGICAL_EVENT_SPLIT
B014_F0018,B014,611E2920,2026,HYDRO_FLOOD,A,TEST,GLOBAL_CHRONOLOGICAL_EVENT_SPLIT
B031_F0042,B031,61402050,2026,HYDRO_FLOOD,B,TEST,GLOBAL_CHRONOLOGICAL_EVENT_SPLIT
B032_F0040,B032,614E1550,2026,HYDRO_FLOOD,A,TEST,GLOBAL_CHRONOLOGICAL_EVENT_SPLIT
B024_F0033,B024,613E1540,2026,HYDRO_FLOOD,A,TEST,GLOBAL_CHRONOLOGICAL_EVENT_SPLIT
B003_F0038,B003,61109600,2026,HYDRO_FLOOD,A,TEST,GLOBAL_CHRONOLOGICAL_EVENT_SPLIT
B031_F0043,B031,61402050,2026,HYDRO_FLOOD,B,TEST,GLOBAL_CHRONOLOGICAL_EVENT_SPLIT
B027_F0004,B027,613E2810,2026,HYDRO_FLOOD,B,TEST,GLOBAL_CHRONOLOGICAL_EVENT_SPLIT
B016_F0025,B016,611G3160,2026,HYDRO_FLOOD,A,TEST,GLOBAL_CHRONOLOGICAL_EVENT_SPLIT
B033_F0036,B033,61510100,2026,HYDRO_FLOOD,A,TEST,GLOBAL_CHRONOLOGICAL_EVENT_SPLIT
B018_F0015,B018,611H2032,2026,HYDRO_FLOOD,A,TEST,GLOBAL_CHRONOLOGICAL_EVENT_SPLIT
B028_F0018,B028,613G1535,2026,HYDRO_FLOOD,A,TEST,GLOBAL_CHRONOLOGICAL_EVENT_SPLIT
B010_F0036,B010,611E2360,2026,HYDRO_FLOOD,A,TEST,GLOBAL_CHRONOLOGICAL_EVENT_SPLIT
B007_F0047,B007,611E0470,2026,HYDRO_FLOOD,A,TEST,GLOBAL_CHRONOLOGICAL_EVENT_SPLIT
B002_F0020,B002,61106450,2026,HYDRO_FLOOD,A,TEST,GLOBAL_CHRONOLOGICAL_EVENT_SPLIT
B008_F0033,B008,611E1460,2026,HYDRO_FLOOD,A,TEST,GLOBAL_CHRONOLOGICAL_EVENT_SPLIT
B006_F0045,B006,61116100,2026,HYDRO_FLOOD,A,TEST,GLOBAL_CHRONOLOGICAL_EVENT_SPLIT
B018_F0016,B018,611H2032,2026,HYDRO_FLOOD,A,TEST,GLOBAL_CHRONOLOGICAL_EVENT_SPLIT
B019_F0037,B019,612E1060,2026,HYDRO_FLOOD,A,TEST,GLOBAL_CHRONOLOGICAL_EVENT_SPLIT
B024_F0034,B024,613E1540,2026,HYDRO_FLOOD,A,TEST,GLOBAL_CHRONOLOGICAL_EVENT_SPLIT
B010_F0037,B010,611E2360,2026,HYDRO_FLOOD,A,TEST,GLOBAL_CHRONOLOGICAL_EVENT_SPLIT
B016_F0026,B016,611G3160,2026,HYDRO_FLOOD,A,TEST,GLOBAL_CHRONOLOGICAL_EVENT_SPLIT
