GRAPH_ID,EDGE_ID,FROM_NODE_ID,TO_NODE_ID,FROM_NODE_INDEX,TO_NODE_INDEX,REACH_LENGTH_M
Q_61113300,Q_61113300_E0001,Q_61113300_N0011,Q_61113300_N0012,10,11,2098.344542
Q_61113300,Q_61113300_E0002,Q_61113300_N0010,Q_61113300_N0011,9,10,3210.610753
Q_61113300,Q_61113300_E0003,Q_61113300_N0009,Q_61113300_N0010,8,9,5277.149641
Q_61113300,Q_61113300_E0004,Q_61113300_N0001,Q_61113300_N0011,0,10,14028.36546
Q_61113300,Q_61113300_E0005,Q_61113300_N0008,Q_61113300_N0009,7,8,967.4307297
Q_61113300,Q_61113300_E0006,Q_61113300_N0002,Q_61113300_N0008,1,7,411.7885766
Q_61113300,Q_61113300_E0007,Q_61113300_N0003,Q_61113300_N0010,2,9,4834.909518
Q_61113300,Q_61113300_E0008,Q_61113300_N0004,Q_61113300_N0009,3,8,6015.045296
Q_61113300,Q_61113300_E0009,Q_61113300_N0007,Q_61113300_N0008,6,7,9628.333008
Q_61113300,Q_61113300_E0010,Q_61113300_N0005,Q_61113300_N0007,4,6,823.8878534
Q_61113300,Q_61113300_E0011,Q_61113300_N0006,Q_61113300_N0007,5,6,555.7488962
Q_61115200,Q_61115200_E0001,Q_61115200_N0001,Q_61115200_N0002,0,1,3795.290954
Q_611E0340,Q_611E0340_E0001,Q_611E0340_N0009,Q_611E0340_N0010,8,9,10931.53693
Q_611E0340,Q_611E0340_E0002,Q_611E0340_N0001,Q_611E0340_N0005,0,4,2111.05108
Q_611E0340,Q_611E0340_E0003,Q_611E0340_N0008,Q_611E0340_N0009,7,8,9317.421029
Q_611E0340,Q_611E0340_E0004,Q_611E0340_N0002,Q_611E0340_N0009,1,8,8638.21917
Q_611E0340,Q_611E0340_E0005,Q_611E0340_N0003,Q_611E0340_N0008,2,7,217.2966327
Q_611E0340,Q_611E0340_E0006,Q_611E0340_N0005,Q_611E0340_N0007,4,6,374.97708
Q_611E0340,Q_611E0340_E0007,Q_611E0340_N0007,Q_611E0340_N0008,6,7,2382.771344
Q_611E0340,Q_611E0340_E0008,Q_611E0340_N0004,Q_611E0340_N0005,3,4,1480.947094
Q_611E0340,Q_611E0340_E0009,Q_611E0340_N0006,Q_611E0340_N0007,5,6,6899.996843
Q_611E0360,Q_611E0360_E0001,Q_611E0360_N0007,Q_611E0360_N0008,6,7,14488.17605
Q_611E0360,Q_611E0360_E0002,Q_611E0360_N0001,Q_611E0360_N0007,0,6,2048.068351
Q_611E0360,Q_611E0360_E0003,Q_611E0360_N0002,Q_611E0360_N0006,1,5,4626.243828
Q_611E0360,Q_611E0360_E0004,Q_611E0360_N0006,Q_611E0360_N0007,5,6,7597.412832
Q_611E0360,Q_611E0360_E0005,Q_611E0360_N0005,Q_611E0360_N0006,4,5,808.5221065
Q_611E0360,Q_611E0360_E0006,Q_611E0360_N0003,Q_611E0360_N0005,2,4,6175.817123
Q_611E0360,Q_611E0360_E0007,Q_611E0360_N0004,Q_611E0360_N0005,3,4,5501.30188
Q_611E0380,Q_611E0380_E0001,Q_611E0380_N0001,Q_611E0380_N0003,0,2,6072.00088
Q_611E0380,Q_611E0380_E0002,Q_611E0380_N0002,Q_611E0380_N0003,1,2,276.9473022
Q_611E0380,Q_611E0380_E0003,Q_611E0380_N0003,Q_611E0380_N0005,2,4,3297.163156
Q_611E0380,Q_611E0380_E0004,Q_611E0380_N0004,Q_611E0380_N0005,3,4,4117.366246
Q_611E0380,Q_611E0380_E0005,Q_611E0380_N0005,Q_611E0380_N0007,4,6,276.9462042
Q_611E0380,Q_611E0380_E0006,Q_611E0380_N0006,Q_611E0380_N0007,5,6,5552.42082
Q_611E0380,Q_611E0380_E0007,Q_611E0380_N0007,Q_611E0380_N0008,6,7,1470.002361
Q_611E0405,Q_611E0405_E0001,Q_611E0405_N0001,Q_611E0405_N0013,0,12,3244.234953
Q_611E0405,Q_611E0405_E0002,Q_611E0405_N0013,Q_611E0405_N0014,12,13,3748.856826
Q_611E0405,Q_611E0405_E0003,Q_611E0405_N0012,Q_611E0405_N0013,11,12,4451.478956
Q_611E0405,Q_611E0405_E0004,Q_611E0405_N0002,Q_611E0405_N0011,1,10,9074.504468
Q_611E0405,Q_611E0405_E0005,Q_611E0405_N0003,Q_611E0405_N0012,2,11,625.3342481
Q_611E0405,Q_611E0405_E0006,Q_611E0405_N0011,Q_611E0405_N0012,10,11,1843.486702
Q_611E0405,Q_611E0405_E0007,Q_611E0405_N0004,Q_611E0405_N0008,3,7,4933.548861
Q_611E0405,Q_611E0405_E0008,Q_611E0405_N0005,Q_611E0405_N0007,4,6,6236.690205
Q_611E0405,Q_611E0405_E0009,Q_611E0405_N0008,Q_611E0405_N0010,7,9,1132.730031
Q_611E0405,Q_611E0405_E0010,Q_611E0405_N0010,Q_611E0405_N0011,9,10,11271.84302
Q_611E0405,Q_611E0405_E0011,Q_611E0405_N0007,Q_611E0405_N0008,6,7,2059.03185
Q_611E0405,Q_611E0405_E0012,Q_611E0405_N0006,Q_611E0405_N0007,5,6,1308.902639
Q_611E0405,Q_611E0405_E0013,Q_611E0405_N0009,Q_611E0405_N0010,8,9,4184.231359
Q_611E1000,Q_611E1000_E0001,Q_611E1000_N0001,Q_611E1000_N0004,0,3,5136.79594
Q_611E1000,Q_611E1000_E0002,Q_611E1000_N0002,Q_611E1000_N0005,1,4,11289.28171
Q_611E1000,Q_611E1000_E0003,Q_611E1000_N0003,Q_611E1000_N0004,2,3,581.0687081
Q_611E1000,Q_611E1000_E0004,Q_611E1000_N0004,Q_611E1000_N0005,3,4,10931.7813
Q_611E1000,Q_611E1000_E0005,Q_611E1000_N0005,Q_611E1000_N0007,4,6,4453.248299
Q_611E1000,Q_611E1000_E0006,Q_611E1000_N0006,Q_611E1000_N0007,5,6,831.6737695
Q_611E1000,Q_611E1000_E0007,Q_611E1000_N0007,Q_611E1000_N0009,6,8,3533.92036
Q_611E1000,Q_611E1000_E0008,Q_611E1000_N0008,Q_611E1000_N0009,7,8,1702.988664
Q_611E1000,Q_611E1000_E0009,Q_611E1000_N0009,Q_611E1000_N0010,8,9,1380.103301
Q_611E1500,Q_611E1500_E0001,Q_611E1500_N0009,Q_611E1500_N0010,8,9,3037.885011
Q_611E1500,Q_611E1500_E0002,Q_611E1500_N0006,Q_611E1500_N0009,5,8,2926.017802
Q_611E1500,Q_611E1500_E0003,Q_611E1500_N0001,Q_611E1500_N0006,0,5,3378.492316
Q_611E1500,Q_611E1500_E0004,Q_611E1500_N0008,Q_611E1500_N0009,7,8,6612.491442
Q_611E1500,Q_611E1500_E0005,Q_611E1500_N0002,Q_611E1500_N0008,1,7,558.4642438
Q_611E1500,Q_611E1500_E0006,Q_611E1500_N0005,Q_611E1500_N0006,4,5,10611.15276
Q_611E1500,Q_611E1500_E0007,Q_611E1500_N0003,Q_611E1500_N0005,2,4,3773.699109
Q_611E1500,Q_611E1500_E0008,Q_611E1500_N0004,Q_611E1500_N0005,3,4,1976.130387
Q_611E1500,Q_611E1500_E0009,Q_611E1500_N0007,Q_611E1500_N0008,6,7,4800.460947
Q_611E2185,Q_611E2185_E0001,Q_611E2185_N0001,Q_611E2185_N0003,0,2,3728.478925
Q_611E2185,Q_611E2185_E0002,Q_611E2185_N0002,Q_611E2185_N0003,1,2,1242.558862
Q_611E2185,Q_611E2185_E0003,Q_611E2185_N0003,Q_611E2185_N0008,2,7,10463.44467
Q_611E2185,Q_611E2185_E0004,Q_611E2185_N0004,Q_611E2185_N0013,3,12,8991.512474
Q_611E2185,Q_611E2185_E0005,Q_611E2185_N0005,Q_611E2185_N0009,4,8,6636.942376
Q_611E2185,Q_611E2185_E0006,Q_611E2185_N0006,Q_611E2185_N0010,5,9,2125.701875
Q_611E2185,Q_611E2185_E0007,Q_611E2185_N0009,Q_611E2185_N0010,8,9,3481.139601
Q_611E2185,Q_611E2185_E0008,Q_611E2185_N0008,Q_611E2185_N0009,7,8,1424.98431
Q_611E2185,Q_611E2185_E0009,Q_611E2185_N0007,Q_611E2185_N0008,6,7,831.8828413
Q_611E2185,Q_611E2185_E0010,Q_611E2185_N0010,Q_611E2185_N0012,9,11,205.3657869
Q_611E2185,Q_611E2185_E0011,Q_611E2185_N0012,Q_611E2185_N0013,11,12,3058.931012
Q_611E2185,Q_611E2185_E0012,Q_611E2185_N0013,Q_611E2185_N0014,12,13,1868.10349
Q_611E2185,Q_611E2185_E0013,Q_611E2185_N0011,Q_611E2185_N0012,10,11,3585.251174
Q_611E2370,Q_611E2370_E0001,Q_611E2370_N0001,Q_611E2370_N0003,0,2,8731.751839
Q_611E2370,Q_611E2370_E0002,Q_611E2370_N0002,Q_611E2370_N0003,1,2,1573.342602
Q_611E2370,Q_611E2370_E0003,Q_611E2370_N0003,Q_611E2370_N0005,2,4,628.1258316
Q_611E2370,Q_611E2370_E0004,Q_611E2370_N0005,Q_611E2370_N0008,4,7,5242.269623
Q_611E2370,Q_611E2370_E0005,Q_611E2370_N0004,Q_611E2370_N0005,3,4,3572.407538
Q_611E2370,Q_611E2370_E0006,Q_611E2370_N0006,Q_611E2370_N0009,5,8,3364.264953
Q_611E2370,Q_611E2370_E0007,Q_611E2370_N0008,Q_611E2370_N0009,7,8,2347.132293
Q_611E2370,Q_611E2370_E0008,Q_611E2370_N0009,Q_611E2370_N0010,8,9,3428.465992
Q_611E2370,Q_611E2370_E0009,Q_611E2370_N0007,Q_611E2370_N0008,6,7,2143.100124
Q_611E2480,Q_611E2480_E0001,Q_611E2480_N0001,Q_611E2480_N0003,0,2,7810.405198
Q_611E2480,Q_611E2480_E0002,Q_611E2480_N0002,Q_611E2480_N0003,1,2,1119.789697
Q_611E2480,Q_611E2480_E0003,Q_611E2480_N0003,Q_611E2480_N0007,2,6,5077.998116
Q_611E2480,Q_611E2480_E0004,Q_611E2480_N0004,Q_611E2480_N0009,3,8,8384.569831
Q_611E2480,Q_611E2480_E0005,Q_611E2480_N0005,Q_611E2480_N0008,4,7,1643.882182
Q_611E2480,Q_611E2480_E0006,Q_611E2480_N0007,Q_611E2480_N0008,6,7,2559.6854
Q_611E2480,Q_611E2480_E0007,Q_611E2480_N0006,Q_611E2480_N0007,5,6,82.01735583
Q_611E2480,Q_611E2480_E0008,Q_611E2480_N0008,Q_611E2480_N0009,7,8,5156.773726
Q_611E2480,Q_611E2480_E0009,Q_611E2480_N0009,Q_611E2480_N0011,8,10,92.34829502
Q_611E2480,Q_611E2480_E0010,Q_611E2480_N0011,Q_611E2480_N0012,10,11,2004.332093
Q_611E2480,Q_611E2480_E0011,Q_611E2480_N0010,Q_611E2480_N0011,9,10,3031.482866
Q_611E2524,Q_611E2524_E0001,Q_611E2524_N0001,Q_611E2524_N0003,0,2,5295.514728
Q_611E2524,Q_611E2524_E0002,Q_611E2524_N0002,Q_611E2524_N0003,1,2,4482.234581
Q_611E2524,Q_611E2524_E0003,Q_611E2524_N0003,Q_611E2524_N0004,2,3,7433.192966
Q_611E2550,Q_611E2550_E0001,Q_611E2550_N0003,Q_611E2550_N0004,2,3,1388.290649
Q_611E2550,Q_611E2550_E0002,Q_611E2550_N0001,Q_611E2550_N0003,0,2,3220.73812
Q_611E2550,Q_611E2550_E0003,Q_611E2550_N0002,Q_611E2550_N0003,1,2,14367.53568
Q_611E2600,Q_611E2600_E0001,Q_611E2600_N0001,Q_611E2600_N0002,0,1,13388.91416
Q_611E2620,Q_611E2620_E0001,Q_611E2620_N0001,Q_611E2620_N0003,0,2,7474.067291
Q_611E2620,Q_611E2620_E0002,Q_611E2620_N0002,Q_611E2620_N0003,1,2,123.533935
Q_611E2620,Q_611E2620_E0003,Q_611E2620_N0003,Q_611E2620_N0004,2,3,1666.222431
Q_611E2645,Q_611E2645_E0001,Q_611E2645_N0001,Q_611E2645_N0002,0,1,9654.353086
Q_61205550,Q_61205550_E0001,Q_61205550_N0001,Q_61205550_N0003,0,2,10664.92308
Q_61205550,Q_61205550_E0002,Q_61205550_N0002,Q_61205550_N0003,1,2,4509.794806
Q_61205550,Q_61205550_E0003,Q_61205550_N0003,Q_61205550_N0004,2,3,2801.378009
Q_612E1800,Q_612E1800_E0001,Q_612E1800_N0001,Q_612E1800_N0003,0,2,412.0202105
Q_612E1800,Q_612E1800_E0002,Q_612E1800_N0003,Q_612E1800_N0004,2,3,8880.003685
Q_612E1800,Q_612E1800_E0003,Q_612E1800_N0002,Q_612E1800_N0003,1,2,8737.827602
Q_612E1810,Q_612E1810_E0001,Q_612E1810_N0001,Q_612E1810_N0002,0,1,10164.97247
Q_612E1900,Q_612E1900_E0001,Q_612E1900_N0001,Q_612E1900_N0003,0,2,9049.327463
Q_612E1900,Q_612E1900_E0002,Q_612E1900_N0002,Q_612E1900_N0003,1,2,3453.076562
Q_612E1900,Q_612E1900_E0003,Q_612E1900_N0003,Q_612E1900_N0007,2,6,5805.636305
Q_612E1900,Q_612E1900_E0004,Q_612E1900_N0004,Q_612E1900_N0006,3,5,6619.784624
Q_612E1900,Q_612E1900_E0005,Q_612E1900_N0006,Q_612E1900_N0007,5,6,11613.07672
Q_612E1900,Q_612E1900_E0006,Q_612E1900_N0005,Q_612E1900_N0006,4,5,5264.132334
Q_612E1950,Q_612E1950_E0001,Q_612E1950_N0005,Q_612E1950_N0006,4,5,1767.175848
Q_612E1950,Q_612E1950_E0002,Q_612E1950_N0001,Q_612E1950_N0005,0,4,2725.445641
Q_612E1950,Q_612E1950_E0003,Q_612E1950_N0004,Q_612E1950_N0005,3,4,9873.476935
Q_612E1950,Q_612E1950_E0004,Q_612E1950_N0002,Q_612E1950_N0004,1,3,834.4333774
Q_612E1950,Q_612E1950_E0005,Q_612E1950_N0003,Q_612E1950_N0004,2,3,5629.183189
Q_612E2390,Q_612E2390_E0001,Q_612E2390_N0001,Q_612E2390_N0003,0,2,8490.030241
Q_612E2390,Q_612E2390_E0002,Q_612E2390_N0002,Q_612E2390_N0003,1,2,5420.941235
Q_612E2390,Q_612E2390_E0003,Q_612E2390_N0003,Q_612E2390_N0007,2,6,1641.793854
Q_612E2390,Q_612E2390_E0004,Q_612E2390_N0007,Q_612E2390_N0008,6,7,5167.981362
Q_612E2390,Q_612E2390_E0005,Q_612E2390_N0006,Q_612E2390_N0007,5,6,6750.380977
Q_612E2390,Q_612E2390_E0006,Q_612E2390_N0004,Q_612E2390_N0006,3,5,389.760121
Q_612E2390,Q_612E2390_E0007,Q_612E2390_N0005,Q_612E2390_N0006,4,5,2879.896558
Q_612E2460,Q_612E2460_E0001,Q_612E2460_N0001,Q_612E2460_N0005,0,4,12175.78618
Q_612E2460,Q_612E2460_E0002,Q_612E2460_N0002,Q_612E2460_N0004,1,3,8801.386849
Q_612E2460,Q_612E2460_E0003,Q_612E2460_N0003,Q_612E2460_N0004,2,3,583.7860031
Q_612E2460,Q_612E2460_E0004,Q_612E2460_N0004,Q_612E2460_N0005,3,4,1652.800107
Q_612E2460,Q_612E2460_E0005,Q_612E2460_N0005,Q_612E2460_N0007,4,6,2252.131912
Q_612E2460,Q_612E2460_E0006,Q_612E2460_N0006,Q_612E2460_N0007,5,6,1597.715948
Q_612E2460,Q_612E2460_E0007,Q_612E2460_N0007,Q_612E2460_N0008,6,7,3384.433172
Q_612E2600,Q_612E2600_E0001,Q_612E2600_N0007,Q_612E2600_N0008,6,7,246.623021
Q_612E2600,Q_612E2600_E0002,Q_612E2600_N0001,Q_612E2600_N0007,0,6,2762.632068
Q_612E2600,Q_612E2600_E0003,Q_612E2600_N0006,Q_612E2600_N0007,5,6,6657.551166
Q_612E2600,Q_612E2600_E0004,Q_612E2600_N0002,Q_612E2600_N0006,1,5,3665.741108
Q_612E2600,Q_612E2600_E0005,Q_612E2600_N0005,Q_612E2600_N0006,4,5,19338.28828
Q_612E2600,Q_612E2600_E0006,Q_612E2600_N0003,Q_612E2600_N0005,2,4,3849.651844
Q_612E2600,Q_612E2600_E0007,Q_612E2600_N0004,Q_612E2600_N0005,3,4,4209.224152
Q_612E2820,Q_612E2820_E0001,Q_612E2820_N0001,Q_612E2820_N0011,0,10,2048.717767
Q_612E2820,Q_612E2820_E0002,Q_612E2820_N0011,Q_612E2820_N0012,10,11,7117.947876
Q_612E2820,Q_612E2820_E0003,Q_612E2820_N0002,Q_612E2820_N0009,1,8,718.1332511
Q_612E2820,Q_612E2820_E0004,Q_612E2820_N0010,Q_612E2820_N0011,9,10,5197.406541
Q_612E2820,Q_612E2820_E0005,Q_612E2820_N0009,Q_612E2820_N0010,8,9,696.8934435
Q_612E2820,Q_612E2820_E0006,Q_612E2820_N0003,Q_612E2820_N0008,2,7,1569.363135
Q_612E2820,Q_612E2820_E0007,Q_612E2820_N0008,Q_612E2820_N0009,7,8,4036.370972
Q_612E2820,Q_612E2820_E0008,Q_612E2820_N0007,Q_612E2820_N0008,6,7,5608.387546
Q_612E2820,Q_612E2820_E0009,Q_612E2820_N0004,Q_612E2820_N0010,3,9,4856.964639
Q_612E2820,Q_612E2820_E0010,Q_612E2820_N0005,Q_612E2820_N0007,4,6,3939.293718
Q_612E2820,Q_612E2820_E0011,Q_612E2820_N0006,Q_612E2820_N0007,5,6,3222.595767
Q_61304550,Q_61304550_E0001,Q_61304550_N0001,Q_61304550_N0002,0,1,2744.465124
Q_61309200,Q_61309200_E0001,Q_61309200_N0001,Q_61309200_N0002,0,1,7523.23008
Q_61310900,Q_61310900_E0001,Q_61310900_N0001,Q_61310900_N0005,0,4,9259.303968
Q_61310900,Q_61310900_E0002,Q_61310900_N0004,Q_61310900_N0005,3,4,3015.411508
Q_61310900,Q_61310900_E0003,Q_61310900_N0002,Q_61310900_N0004,1,3,1346.331374
Q_61310900,Q_61310900_E0004,Q_61310900_N0003,Q_61310900_N0004,2,3,6624.797357
Q_613E2810,Q_613E2810_E0001,Q_613E2810_N0001,Q_613E2810_N0003,0,2,3069.934227
Q_613E2810,Q_613E2810_E0002,Q_613E2810_N0002,Q_613E2810_N0003,1,2,1432.521089
Q_613E2810,Q_613E2810_E0003,Q_613E2810_N0003,Q_613E2810_N0006,2,5,5970.954428
Q_613E2810,Q_613E2810_E0004,Q_613E2810_N0004,Q_613E2810_N0009,3,8,4273.528986
Q_613E2810,Q_613E2810_E0005,Q_613E2810_N0005,Q_613E2810_N0006,4,5,4724.646325
Q_613E2810,Q_613E2810_E0006,Q_613E2810_N0006,Q_613E2810_N0008,5,7,2558.691937
Q_613E2810,Q_613E2810_E0007,Q_613E2810_N0007,Q_613E2810_N0008,6,7,215.3546406
Q_613E2810,Q_613E2810_E0008,Q_613E2810_N0008,Q_613E2810_N0009,7,8,7753.688276
Q_613E2810,Q_613E2810_E0009,Q_613E2810_N0009,Q_613E2810_N0011,8,10,14261.72599
Q_613E2810,Q_613E2810_E0010,Q_613E2810_N0010,Q_613E2810_N0011,9,10,11993.52258
Q_613E2810,Q_613E2810_E0011,Q_613E2810_N0011,Q_613E2810_N0012,10,11,1893.747466
Q_613E2870,Q_613E2870_E0001,Q_613E2870_N0001,Q_613E2870_N0003,0,2,4875.540805
Q_613E2870,Q_613E2870_E0002,Q_613E2870_N0002,Q_613E2870_N0003,1,2,245.8431354
Q_613E2870,Q_613E2870_E0003,Q_613E2870_N0003,Q_613E2870_N0008,2,7,4093.612404
Q_613E2870,Q_613E2870_E0004,Q_613E2870_N0004,Q_613E2870_N0011,3,10,1719.189372
Q_613E2870,Q_613E2870_E0005,Q_613E2870_N0011,Q_613E2870_N0012,10,11,2544.120664
Q_613E2870,Q_613E2870_E0006,Q_613E2870_N0008,Q_613E2870_N0010,7,9,13179.24621
Q_613E2870,Q_613E2870_E0007,Q_613E2870_N0005,Q_613E2870_N0007,4,6,6105.771561
Q_613E2870,Q_613E2870_E0008,Q_613E2870_N0010,Q_613E2870_N0011,9,10,1904.644185
Q_613E2870,Q_613E2870_E0009,Q_613E2870_N0007,Q_613E2870_N0008,6,7,2737.160521
Q_613E2870,Q_613E2870_E0010,Q_613E2870_N0006,Q_613E2870_N0007,5,6,1931.51546
Q_613E2870,Q_613E2870_E0011,Q_613E2870_N0009,Q_613E2870_N0010,8,9,4196.442225
Q_61402050,Q_61402050_E0001,Q_61402050_N0001,Q_61402050_N0004,0,3,1308.865524
Q_61402050,Q_61402050_E0002,Q_61402050_N0004,Q_61402050_N0006,3,5,6447.682562
Q_61402050,Q_61402050_E0003,Q_61402050_N0006,Q_61402050_N0007,5,6,1138.62664
Q_61402050,Q_61402050_E0004,Q_61402050_N0007,Q_61402050_N0008,6,7,446.5141038
Q_61402050,Q_61402050_E0005,Q_61402050_N0002,Q_61402050_N0007,1,6,460.7851716
Q_61402050,Q_61402050_E0006,Q_61402050_N0003,Q_61402050_N0004,2,3,10128.20436
Q_61402050,Q_61402050_E0007,Q_61402050_N0005,Q_61402050_N0006,4,5,7862.637476
Q_62306134,Q_62306134_E0001,Q_62306134_N0009,Q_62306134_N0010,8,9,1593.972856
Q_62306134,Q_62306134_E0002,Q_62306134_N0001,Q_62306134_N0009,0,8,2135.573383
Q_62306134,Q_62306134_E0003,Q_62306134_N0008,Q_62306134_N0009,7,8,1308.492261
Q_62306134,Q_62306134_E0004,Q_62306134_N0002,Q_62306134_N0008,1,7,2605.96331
Q_62306134,Q_62306134_E0005,Q_62306134_N0007,Q_62306134_N0008,6,7,3328.033319
Q_62306134,Q_62306134_E0006,Q_62306134_N0003,Q_62306134_N0007,2,6,1467.67
Q_62306134,Q_62306134_E0007,Q_62306134_N0006,Q_62306134_N0007,5,6,3448.436329
Q_62306134,Q_62306134_E0008,Q_62306134_N0004,Q_62306134_N0006,3,5,2490.797052
Q_62306134,Q_62306134_E0009,Q_62306134_N0005,Q_62306134_N0006,4,5,4531.733871
