GRAPH_ID,NODE_ID,NODE_INDEX,OUTLET_ID,NODE_TYPE,IS_OUTLET,LON,LAT,IN_DEGREE,OUT_DEGREE,MERIT_UPA_KM2,incremental_area_km2,upstream_area_km2,MERIT_RASTER_SOURCE
Q_61113300,Q_61113300_N0001,0,61113300,SOURCE,0,111.5475,27.64416667,0,1,10.23780632,10.24535868,10.24535868,work_raster
Q_61113300,Q_61113300_N0002,1,61113300,SOURCE,0,111.5925,27.64,0,1,12.18858051,12.19756946,12.19756946,work_raster
Q_61113300,Q_61113300_N0003,2,61113300,SOURCE,0,111.6566667,27.63916667,0,1,12.79611969,12.80555517,12.80555517,work_raster
Q_61113300,Q_61113300_N0004,3,61113300,SOURCE,0,111.61,27.60416667,0,1,10.36310005,10.37072524,10.37072524,work_raster
Q_61113300,Q_61113300_N0005,4,61113300,SOURCE,0,111.5533333,27.57583333,0,1,10.21449852,10.22199711,10.22199711,work_raster
Q_61113300,Q_61113300_N0006,5,61113300,SOURCE,0,111.5625,27.575,0,1,12.22591972,12.23489932,12.23489932,work_raster
Q_61113300,Q_61113300_N0007,6,61113300,CONFLUENCE,0,111.56,27.57916667,2,1,23.04787064,0.6078991368,23.06479556,work_raster
Q_61113300,Q_61113300_N0008,7,61113300,CONFLUENCE,0,111.5958333,27.64166667,2,1,50.10745621,14.88195474,50.14431976,work_raster
Q_61113300,Q_61113300_N0009,8,61113300,CONFLUENCE,0,111.6016667,27.64583333,2,1,73.70702362,13.24622946,73.76127446,work_raster
Q_61113300,Q_61113300_N0010,9,61113300,CONFLUENCE,0,111.6308333,27.6625,2,1,102.5674591,16.07617953,102.6430092,work_raster
Q_61113300,Q_61113300_N0011,10,61113300,CONFLUENCE,0,111.6483333,27.67833333,2,1,151.1263733,38.34944796,151.2378158,work_raster
Q_61113300,Q_61113300_N0012,11,61113300,OUTLET,1,111.6625,27.685,1,0,159.5627747,8.442641342,159.6804571,work_raster
Q_61115200,Q_61115200_N0001,0,61115200,SOURCE,0,113.7208333,28.39083333,0,1,10.21068764,10.2186094,10.2186094,work_raster
Q_61115200,Q_61115200_N0002,1,61115200,OUTLET,1,113.7341667,28.36583333,1,0,22.08922195,11.88773548,22.10634488,work_raster
Q_61116401,Q_61116401_N0001,0,61116401,OUTLET,1,112.5808333,28.26583333,0,0,6.638835907,6.643946504,6.643946504,work_raster
Q_611E0340,Q_611E0340_N0001,0,611E0340,SOURCE,0,112.0858333,24.7925,0,1,10.19777393,10.20394852,10.20394852,manifest_tile:n20e110
Q_611E0340,Q_611E0340_N0002,1,611E0340,SOURCE,0,112.0116667,24.7875,0,1,10.23244476,10.23861883,10.23861883,manifest_tile:n20e110
Q_611E0340,Q_611E0340_N0003,2,611E0340,SOURCE,0,112.0575,24.78666667,0,1,10.94017982,10.94678058,10.94678058,manifest_tile:n20e110
Q_611E0340,Q_611E0340_N0004,3,611E0340,SOURCE,0,112.0833333,24.7775,0,1,13.3630724,13.37115294,13.37115294,manifest_tile:n20e110
Q_611E0340,Q_611E0340_N0005,4,611E0340,CONFLUENCE,0,112.0733333,24.77833333,2,1,27.43237686,3.873869478,27.44897095,manifest_tile:n20e110
Q_611E0340,Q_611E0340_N0006,5,611E0340,SOURCE,0,112.115,24.76166667,0,1,13.74733543,13.755629,13.755629,manifest_tile:n20e110
Q_611E0340,Q_611E0340_N0007,6,611E0340,CONFLUENCE,0,112.0708333,24.7775,2,1,81.3751297,40.21964619,81.42424614,manifest_tile:n20e110
Q_611E0340,Q_611E0340_N0008,7,611E0340,CONFLUENCE,0,112.0583333,24.78833333,2,1,95.49479675,3.181414948,95.55244166,manifest_tile:n20e110
Q_611E0340,Q_611E0340_N0009,8,611E0340,CONFLUENCE,0,112.0475,24.84333333,2,1,147.6212311,41.91936099,147.7104215,manifest_tile:n20e110
Q_611E0340,Q_611E0340_N0010,9,611E0340,OUTLET,1,112.0341667,24.90833333,1,0,172.031723,24.42533129,172.1357528,manifest_tile:n20e110
Q_611E0360,Q_611E0360_N0001,0,611E0360,SOURCE,0,111.815,25.30666667,0,1,10.11947346,10.12582622,10.12582622,work_raster
Q_611E0360,Q_611E0360_N0002,1,611E0360,SOURCE,0,111.8783333,25.28166667,0,1,10.1818676,10.18825564,10.18825564,work_raster
Q_611E0360,Q_611E0360_N0003,2,611E0360,SOURCE,0,111.8858333,25.21916667,0,1,10.07889366,10.0851834,10.0851834,work_raster
Q_611E0360,Q_611E0360_N0004,3,611E0360,SOURCE,0,111.855,25.2075,0,1,10.04237843,10.04863467,10.04863467,work_raster
Q_611E0360,Q_611E0360_N0005,4,611E0360,CONFLUENCE,0,111.8583333,25.25083333,2,1,49.94617081,29.84352136,49.97733943,work_raster
Q_611E0360,Q_611E0360_N0006,5,611E0360,CONFLUENCE,0,111.8541667,25.25666667,2,1,78.51404572,18.397513,78.56310807,work_raster
Q_611E0360,Q_611E0360_N0007,6,611E0360,CONFLUENCE,0,111.8325,25.31083333,2,1,125.9460907,37.33598107,126.0249154,work_raster
Q_611E0360,Q_611E0360_N0008,7,611E0360,OUTLET,1,111.7725,25.4075,1,0,185.5536957,59.64518931,185.6701047,work_raster
Q_611E0380,Q_611E0380_N0001,0,611E0380,SOURCE,0,111.34,25.43333333,0,1,11.0186882,11.02568253,11.02568253,work_raster
Q_611E0380,Q_611E0380_N0002,1,611E0380,SOURCE,0,111.3175,25.40416667,0,1,12.61388779,12.62188129,12.62188129,work_raster
Q_611E0380,Q_611E0380_N0003,2,611E0380,CONFLUENCE,0,111.3175,25.40166667,2,1,40.37137985,16.74940122,40.39696503,work_raster
Q_611E0380,Q_611E0380_N0004,3,611E0380,SOURCE,0,111.2875,25.39166667,0,1,10.14894009,10.15536266,10.15536266,work_raster
Q_611E0380,Q_611E0380_N0005,4,611E0380,CONFLUENCE,0,111.315,25.375,2,1,73.90572357,23.40019247,73.95252016,work_raster
Q_611E0380,Q_611E0380_N0006,5,611E0380,SOURCE,0,111.2733333,25.3725,0,1,10.07344246,10.07980374,10.07980374,work_raster
Q_611E0380,Q_611E0380_N0007,6,611E0380,CONFLUENCE,0,111.315,25.3725,2,1,93.09464264,9.121224341,93.15354825,work_raster
Q_611E0380,Q_611E0380_N0008,7,611E0380,OUTLET,1,111.3166667,25.3625,1,0,107.8266525,14.74130269,107.8948509,work_raster
Q_611E0405,Q_611E0405_N0001,0,611E0405,SOURCE,0,111.4858333,25.53,0,1,10.38574696,10.39237732,10.39237732,work_raster
Q_611E0405,Q_611E0405_N0002,1,611E0405,SOURCE,0,111.4075,25.50083333,0,1,11.04582405,11.05285598,11.05285598,work_raster
Q_611E0405,Q_611E0405_N0003,2,611E0405,SOURCE,0,111.4725,25.50083333,0,1,12.44302177,12.45095645,12.45095645,work_raster
Q_611E0405,Q_611E0405_N0004,3,611E0405,SOURCE,0,111.3641667,25.48666667,0,1,10.02565956,10.03204157,10.03204157,work_raster
Q_611E0405,Q_611E0405_N0005,4,611E0405,SOURCE,0,111.3316667,25.4725,0,1,10.65232754,10.65910638,10.65910638,work_raster
Q_611E0405,Q_611E0405_N0006,5,611E0405,SOURCE,0,111.3691667,25.4475,0,1,10.12348652,10.12990227,10.12990227,work_raster
Q_611E0405,Q_611E0405_N0007,6,611E0405,CONFLUENCE,0,111.3775,25.455,2,1,34.68533707,13.91836109,34.70736974,work_raster
Q_611E0405,Q_611E0405_N0008,7,611E0405,CONFLUENCE,0,111.3916667,25.4625,2,1,57.96305084,13.26047095,57.99988227,work_raster
Q_611E0405,Q_611E0405_N0009,8,611E0405,SOURCE,0,111.4,25.42916667,0,1,10.13282204,10.13923668,10.13923668,work_raster
Q_611E0405,Q_611E0405_N0010,9,611E0405,CONFLUENCE,0,111.3991667,25.45916667,2,1,76.62561035,8.535151077,76.67427002,work_raster
Q_611E0405,Q_611E0405_N0011,10,611E0405,CONFLUENCE,0,111.4683333,25.4925,2,1,129.9200439,42.2754766,130.0026026,work_raster
Q_611E0405,Q_611E0405_N0012,11,611E0405,CONFLUENCE,0,111.4775,25.50333333,2,1,144.1099548,1.747997368,144.2015564,work_raster
Q_611E0405,Q_611E0405_N0013,12,611E0405,CONFLUENCE,0,111.5083333,25.52083333,2,1,170.2541962,15.76854354,170.3624773,work_raster
Q_611E0405,Q_611E0405_N0014,13,611E0405,OUTLET,1,111.53,25.51166667,1,0,177.5117493,7.262187984,177.6246653,work_raster
Q_611E1000,Q_611E1000_N0001,0,611E1000,SOURCE,0,112.2866667,26.06916667,0,1,14.06136608,14.07070035,14.07070035,work_raster
Q_611E1000,Q_611E1000_N0002,1,611E1000,SOURCE,0,112.3133333,26.0525,0,1,10.65529251,10.66235966,10.66235966,work_raster
Q_611E1000,Q_611E1000_N0003,2,611E1000,SOURCE,0,112.2533333,26.04333333,0,1,10.93336105,10.94060561,10.94060561,work_raster
Q_611E1000,Q_611E1000_N0004,3,611E1000,CONFLUENCE,0,112.2575,26.04,2,1,38.05842209,13.07235775,38.08366372,work_raster
Q_611E1000,Q_611E1000_N0005,4,611E1000,CONFLUENCE,0,112.2641667,25.9825,2,1,106.5431061,57.86762219,106.6136456,work_raster
Q_611E1000,Q_611E1000_N0006,5,611E1000,SOURCE,0,112.265,25.95833333,0,1,10.64005756,10.64707022,10.64707022,work_raster
Q_611E1000,Q_611E1000_N0007,6,611E1000,CONFLUENCE,0,112.2583333,25.955,2,1,130.6209717,13.44664738,130.7073632,work_raster
Q_611E1000,Q_611E1000_N0008,7,611E1000,SOURCE,0,112.2241667,25.94416667,0,1,12.26531315,12.27339397,12.27339397,work_raster
Q_611E1000,Q_611E1000_N0009,8,611E1000,CONFLUENCE,0,112.2366667,25.93833333,2,1,150.7409058,7.859789692,150.8405468,work_raster
Q_611E1000,Q_611E1000_N0010,9,611E1000,OUTLET,1,112.2383333,25.9275,1,0,152.6124573,1.87277838,152.7133252,work_raster
Q_611E1500,Q_611E1500_N0001,0,611E1500,SOURCE,0,112.9558333,25.66333333,0,1,10.28300762,10.28962748,10.28962748,work_raster
Q_611E1500,Q_611E1500_N0002,1,611E1500,SOURCE,0,112.9975,25.62333333,0,1,15.83990097,15.85006303,15.85006303,work_raster
Q_611E1500,Q_611E1500_N0003,2,611E1500,SOURCE,0,112.9008333,25.61,0,1,11.08282471,11.08993362,11.08993362,work_raster
Q_611E1500,Q_611E1500_N0004,3,611E1500,SOURCE,0,112.9216667,25.59833333,0,1,10.06458569,10.07103551,10.07103551,work_raster
Q_611E1500,Q_611E1500_N0005,4,611E1500,CONFLUENCE,0,112.9275,25.6125,2,1,33.91213989,12.77292603,33.93389516,work_raster
Q_611E1500,Q_611E1500_N0006,5,611E1500,CONFLUENCE,0,112.985,25.66416667,2,1,72.40746307,28.23046627,72.4539889,work_raster
Q_611E1500,Q_611E1500_N0007,6,611E1500,SOURCE,0,112.9691667,25.5975,0,1,10.93753529,10.94454432,10.94454432,work_raster
Q_611E1500,Q_611E1500_N0008,7,611E1500,CONFLUENCE,0,112.995,25.6275,2,1,36.90119553,10.13026241,36.92486976,work_raster
Q_611E1500,Q_611E1500_N0009,8,611E1500,CONFLUENCE,0,113.0083333,25.67,2,1,129.5329132,20.23728572,129.6161444,work_raster
Q_611E1500,Q_611E1500_N0010,9,611E1500,OUTLET,1,113.0191667,25.68,1,0,140.3295593,10.80361035,140.4197547,work_raster
Q_611E2185,Q_611E2185_N0001,0,611E2185,SOURCE,0,114.0233333,28.14916667,0,1,10.03738213,10.04504544,10.04504544,work_raster
Q_611E2185,Q_611E2185_N0002,1,611E2185,SOURCE,0,114.0325,28.13666667,0,1,10.40086937,10.40880593,10.40880593,work_raster
Q_611E2185,Q_611E2185_N0003,2,611E2185,CONFLUENCE,0,114.03,28.12833333,2,1,29.54065704,9.109348294,29.56319966,work_raster
Q_611E2185,Q_611E2185_N0004,3,611E2185,SOURCE,0,113.9408333,28.125,0,1,10.0018177,10.0094437,10.0094437,work_raster
Q_611E2185,Q_611E2185_N0005,4,611E2185,SOURCE,0,113.9833333,28.12333333,0,1,11.3464098,11.35506164,11.35506164,work_raster
Q_611E2185,Q_611E2185_N0006,5,611E2185,SOURCE,0,113.9558333,28.08083333,0,1,10.03535652,10.04299288,10.04299288,work_raster
Q_611E2185,Q_611E2185_N0007,6,611E2185,SOURCE,0,114,28.0675,0,1,14.9532156,14.96456294,14.96456294,work_raster
Q_611E2185,Q_611E2185_N0008,7,611E2185,CONFLUENCE,0,113.9941667,28.07166667,2,1,68.29766083,23.82190144,68.34966404,work_raster
Q_611E2185,Q_611E2185_N0009,8,611E2185,CONFLUENCE,0,113.9833333,28.07583333,2,1,89.67234802,10.03590509,89.74063076,work_raster
Q_611E2185,Q_611E2185_N0010,9,611E2185,CONFLUENCE,0,113.9625,28.06583333,2,1,108.0144501,8.313059496,108.0966831,work_raster
Q_611E2185,Q_611E2185_N0011,10,611E2185,SOURCE,0,113.9816667,28.05333333,0,1,10.37406445,10.38192378,10.38192378,work_raster
Q_611E2185,Q_611E2185_N0012,11,611E2185,CONFLUENCE,0,113.9608333,28.065,2,1,123.0759048,4.690942953,123.1695499,work_raster
Q_611E2185,Q_611E2185_N0013,12,611E2185,CONFLUENCE,0,113.9433333,28.0625,2,1,157.7068176,24.64782905,157.8268226,work_raster
Q_611E2185,Q_611E2185_N0014,13,611E2185,OUTLET,1,113.9291667,28.055,1,0,167.4507904,9.751365814,167.5781884,work_raster
Q_611E2370,Q_611E2370_N0001,0,611E2370,SOURCE,0,112.435,27.5475,0,1,10.48075485,10.48844597,10.48844597,work_raster
Q_611E2370,Q_611E2370_N0002,1,611E2370,SOURCE,0,112.5,27.54,0,1,10.1381979,10.14564206,10.14564206,work_raster
Q_611E2370,Q_611E2370_N0003,2,611E2370,CONFLUENCE,0,112.4983333,27.5275,2,1,57.03110886,36.43885794,57.07294597,work_raster
Q_611E2370,Q_611E2370_N0004,3,611E2370,SOURCE,0,112.4775,27.5175,0,1,11.17548561,11.18366762,11.18366762,work_raster
Q_611E2370,Q_611E2370_N0005,4,611E2370,CONFLUENCE,0,112.5008333,27.52416667,2,1,75.21164703,7.010181645,75.26679524,work_raster
Q_611E2370,Q_611E2370_N0006,5,611E2370,SOURCE,0,112.5508333,27.51583333,0,1,10.07950974,10.08689974,10.08689974,work_raster
Q_611E2370,Q_611E2370_N0007,6,611E2370,SOURCE,0,112.5158333,27.4925,0,1,10.34966946,10.35723142,10.35723142,work_raster
Q_611E2370,Q_611E2370_N0008,7,611E2370,CONFLUENCE,0,112.5333333,27.49416667,2,1,103.1948166,17.64640516,103.2704318,work_raster
Q_611E2370,Q_611E2370_N0009,8,611E2370,CONFLUENCE,0,112.5566667,27.49333333,2,1,132.5293579,19.26911414,132.6264457,work_raster
Q_611E2370,Q_611E2370_N0010,9,611E2370,OUTLET,1,112.5825,27.48083333,1,0,145.6515045,13.13174316,145.7581889,work_raster
Q_611E2480,Q_611E2480_N0001,0,611E2480,SOURCE,0,111.9258333,28.015,0,1,11.13954258,11.1479729,11.1479729,work_raster
Q_611E2480,Q_611E2480_N0002,1,611E2480,SOURCE,0,111.9133333,27.96833333,0,1,10.37998772,10.38781744,10.38781744,work_raster
Q_611E2480,Q_611E2480_N0003,2,611E2480,CONFLUENCE,0,111.905,27.96666667,2,1,46.11899185,24.61804183,46.15383217,work_raster
Q_611E2480,Q_611E2480_N0004,3,611E2480,SOURCE,0,111.8458333,27.96583333,0,1,10.25101376,10.25874935,10.25874935,work_raster
Q_611E2480,Q_611E2480_N0005,4,611E2480,SOURCE,0,111.87,27.94583333,0,1,11.5312233,11.53991384,11.53991384,work_raster
Q_611E2480,Q_611E2480_N0006,5,611E2480,SOURCE,0,111.895,27.935,0,1,10.10337448,10.11098172,10.11098172,work_raster
Q_611E2480,Q_611E2480_N0007,6,611E2480,CONFLUENCE,0,111.8941667,27.935,2,1,65.0909729,8.875286805,65.14010069,work_raster
Q_611E2480,Q_611E2480_N0008,7,611E2480,CONFLUENCE,0,111.875,27.93416667,2,1,85.1745224,8.558759997,85.23877453,work_raster
Q_611E2480,Q_611E2480_N0009,8,611E2480,CONFLUENCE,0,111.8583333,27.9075,2,1,120.8184509,25.41202208,120.909546,work_raster
Q_611E2480,Q_611E2480_N0010,9,611E2480,SOURCE,0,111.8358333,27.895,0,1,10.56172371,10.56965287,10.56965287,work_raster
Q_611E2480,Q_611E2480_N0011,10,611E2480,CONFLUENCE,0,111.8583333,27.90666667,2,1,137.481781,6.106183894,137.5853827,work_raster
Q_611E2480,Q_611E2480_N0012,11,611E2480,OUTLET,1,111.8616667,27.89333333,1,0,140.1468048,2.667024937,140.2524077,work_raster
Q_611E2524,Q_611E2524_N0001,0,611E2524,SOURCE,0,112.0333333,27.89583333,0,1,10.15947247,10.16710426,10.16710426,work_raster
Q_611E2524,Q_611E2524_N0002,1,611E2524,SOURCE,0,112.0566667,27.89083333,0,1,16.82987785,16.84251629,16.84251629,work_raster
Q_611E2524,Q_611E2524_N0003,2,611E2524,CONFLUENCE,0,112.0416667,27.86333333,2,1,53.72764969,26.75834825,53.7679688,work_raster
Q_611E2524,Q_611E2524_N0004,3,611E2524,OUTLET,1,112.0558333,27.81583333,1,0,83.65615082,29.95088313,83.71885192,work_raster
Q_611E2550,Q_611E2550_N0001,0,611E2550,SOURCE,0,112.5108333,27.63333333,0,1,10.2536211,10.2611812,10.2611812,work_raster
Q_611E2550,Q_611E2550_N0002,1,611E2550,SOURCE,0,112.5341667,27.595,0,1,13.11905861,13.12871071,13.12871071,work_raster
Q_611E2550,Q_611E2550_N0003,2,611E2550,CONFLUENCE,0,112.5266667,27.65416667,2,1,80.46882629,57.13821142,80.52810334,work_raster
Q_611E2550,Q_611E2550_N0004,3,611E2550,OUTLET,1,112.53,27.665,1,0,82.94228363,2.475283031,83.00338637,work_raster
Q_611E2600,Q_611E2600_N0001,0,611E2600,SOURCE,0,112.6525,27.67,0,1,10.04430199,10.05173329,10.05173329,work_raster
Q_611E2600,Q_611E2600_N0002,1,611E2600,OUTLET,1,112.7341667,27.70166667,1,0,64.71979523,54.71594586,64.76767915,work_raster
Q_611E2620,Q_611E2620_N0001,0,611E2620,SOURCE,0,112.8016667,27.91833333,0,1,13.20124054,13.21116552,13.21116552,work_raster
Q_611E2620,Q_611E2620_N0002,1,611E2620,SOURCE,0,112.8316667,27.89,0,1,10.50712872,10.51502483,10.51502483,work_raster
Q_611E2620,Q_611E2620_N0003,2,611E2620,CONFLUENCE,0,112.8308333,27.88916667,2,1,41.20254135,17.50732042,41.23351077,work_raster
Q_611E2620,Q_611E2620_N0004,3,611E2620,OUTLET,1,112.8383333,27.88083333,1,0,42.52005768,1.318505307,42.55201608,work_raster
Q_611E2645,Q_611E2645_N0001,0,611E2645,SOURCE,0,112.9025,27.935,0,1,10.33673573,10.34452159,10.34452159,work_raster
Q_611E2645,Q_611E2645_N0002,1,611E2645,OUTLET,1,112.9541667,27.91416667,1,0,34.64999771,24.3315418,34.67606339,work_raster
Q_61205550,Q_61205550_N0001,0,61205550,SOURCE,0,111.3683333,28.515,0,1,10.67292881,10.68127438,10.68127438,work_raster
Q_61205550,Q_61205550_N0002,1,61205550,SOURCE,0,111.4141667,28.47,0,1,10.05164337,10.05948655,10.05948655,work_raster
Q_61205550,Q_61205550_N0003,2,61205550,CONFLUENCE,0,111.3875,28.45166667,2,1,75.38188171,54.69994171,75.44070264,work_raster
Q_61205550,Q_61205550_N0004,3,61205550,OUTLET,1,111.3825,28.43166667,1,0,87.30654907,11.93394456,87.37464721,work_raster
Q_612E1800,Q_612E1800_N0001,0,612E1800,SOURCE,0,111.3475,27.5475,0,1,11.033885,11.04198969,11.04198969,work_raster
Q_612E1800,Q_612E1800_N0002,1,612E1800,SOURCE,0,111.3075,27.48916667,0,1,10.30514336,10.31267017,10.31267017,work_raster
Q_612E1800,Q_612E1800_N0003,2,612E1800,CONFLUENCE,0,111.3508333,27.54583333,2,1,54.37086105,33.05601675,54.41067662,work_raster
Q_612E1800,Q_612E1800_N0004,3,612E1800,OUTLET,1,111.3916667,27.60166667,1,0,87.77415466,33.42783906,87.83851568,work_raster
Q_612E1810,Q_612E1810_N0001,0,612E1810,SOURCE,0,111.5283333,27.69833333,0,1,11.5356102,11.544162,11.544162,work_raster
Q_612E1810,Q_612E1810_N0002,1,612E1810,OUTLET,1,111.4875,27.6625,1,0,43.73408127,32.22228171,43.76644371,work_raster
Q_612E1900,Q_612E1900_N0001,0,612E1900,SOURCE,0,111.1191667,27.91333333,0,1,13.43694592,13.44704155,13.44704155,work_raster
Q_612E1900,Q_612E1900_N0002,1,612E1900,SOURCE,0,111.1725,27.91083333,0,1,13.32306576,13.3330779,13.3330779,work_raster
Q_612E1900,Q_612E1900_N0003,2,612E1900,CONFLUENCE,0,111.175,27.88916667,2,1,44.13428497,17.38732686,44.16744631,work_raster
Q_612E1900,Q_612E1900_N0004,3,612E1900,SOURCE,0,111.0716667,27.8725,0,1,13.12489986,13.13472902,13.13472902,work_raster
Q_612E1900,Q_612E1900_N0005,4,612E1900,SOURCE,0,111.0883333,27.83583333,0,1,13.28783512,13.29776391,13.29776391,work_raster
Q_612E1900,Q_612E1900_N0006,5,612E1900,CONFLUENCE,0,111.1066667,27.86166667,2,1,59.17092133,32.78270023,59.21519316,work_raster
Q_612E1900,Q_612E1900_N0007,6,612E1900,OUTLET,1,111.1666667,27.85,2,0,150.4675751,47.19772263,150.5803621,work_raster
Q_612E1950,Q_612E1950_N0001,0,612E1950,SOURCE,0,111.2808333,27.64166667,0,1,10.78563118,10.79357944,10.79357944,work_raster
Q_612E1950,Q_612E1950_N0002,1,612E1950,SOURCE,0,111.2625,27.58583333,0,1,13.59214973,13.60213718,13.60213718,work_raster
Q_612E1950,Q_612E1950_N0003,2,612E1950,SOURCE,0,111.2416667,27.5575,0,1,13.19333172,13.20300694,13.20300694,work_raster
Q_612E1950,Q_612E1950_N0004,3,612E1950,CONFLUENCE,0,111.2591667,27.59,2,1,40.71893311,13.94369077,40.7488349,work_raster
Q_612E1950,Q_612E1950_N0005,4,612E1950,CONFLUENCE,0,111.2658333,27.65416667,2,1,87.92823792,36.45053225,87.99294658,work_raster
Q_612E1950,Q_612E1950_N0006,5,612E1950,OUTLET,1,111.2658333,27.6675,1,0,90.28030396,2.353798811,90.34674539,work_raster
Q_612E2390,Q_612E2390_N0001,0,612E2390,SOURCE,0,110.8591667,28.36833333,0,1,13.48444748,13.49488865,13.49488865,work_raster
Q_612E2390,Q_612E2390_N0002,1,612E2390,SOURCE,0,110.865,28.34666667,0,1,10.27651024,10.28445615,10.28445615,work_raster
Q_612E2390,Q_612E2390_N0003,2,612E2390,CONFLUENCE,0,110.8233333,28.32833333,2,1,55.75169373,32.01547062,55.79481542,work_raster
Q_612E2390,Q_612E2390_N0004,3,612E2390,SOURCE,0,110.7766667,28.31333333,0,1,17.41835403,17.43177006,17.43177006,work_raster
Q_612E2390,Q_612E2390_N0005,4,612E2390,SOURCE,0,110.7533333,28.31,0,1,12.10582161,12.11515755,12.11515755,work_raster
Q_612E2390,Q_612E2390_N0006,5,612E2390,CONFLUENCE,0,110.7766667,28.31583333,2,1,32.61641312,3.094621956,32.64154957,work_raster
Q_612E2390,Q_612E2390_N0007,6,612E2390,CONFLUENCE,0,110.8191667,28.32166667,2,1,113.856369,25.50794383,113.9443088,work_raster
Q_612E2390,Q_612E2390_N0008,7,612E2390,OUTLET,1,110.8508333,28.29916667,1,0,130.9635925,17.12040768,131.0647165,work_raster
Q_612E2460,Q_612E2460_N0001,0,612E2460,SOURCE,0,111.2108333,28.50333333,0,1,10.32074451,10.32880775,10.32880775,work_raster
Q_612E2460,Q_612E2460_N0002,1,612E2460,SOURCE,0,111.1791667,28.49166667,0,1,14.1465435,14.15758836,14.15758836,work_raster
Q_612E2460,Q_612E2460_N0003,2,612E2460,SOURCE,0,111.1883333,28.43833333,0,1,10.07126713,10.07910039,10.07910039,work_raster
Q_612E2460,Q_612E2460_N0004,3,612E2460,CONFLUENCE,0,111.1925,28.43583333,2,1,46.16340637,21.96268844,46.19937719,work_raster
Q_612E2460,Q_612E2460_N0005,4,612E2460,CONFLUENCE,0,111.2008333,28.42583333,2,1,89.6534729,33.19514959,89.72333453,work_raster
Q_612E2460,Q_612E2460_N0006,5,612E2460,SOURCE,0,111.2308333,28.42333333,0,1,10.03509521,10.04289476,10.04289476,work_raster
Q_612E2460,Q_612E2460_N0007,6,612E2460,CONFLUENCE,0,111.2175,28.4175,2,1,109.2124786,9.531300281,109.2975296,work_raster
Q_612E2460,Q_612E2460_N0008,7,612E2460,OUTLET,1,111.2216667,28.3975,1,0,114.9623413,5.754323355,115.0518529,work_raster
Q_612E2600,Q_612E2600_N0001,0,612E2600,SOURCE,0,111.6075,28.3225,0,1,11.40421009,11.41300572,11.41300572,work_raster
Q_612E2600,Q_612E2600_N0002,1,612E2600,SOURCE,0,111.5775,28.28916667,0,1,12.7436533,12.75345377,12.75345377,work_raster
Q_612E2600,Q_612E2600_N0003,2,612E2600,SOURCE,0,111.5116667,28.205,0,1,10.20656013,10.21437634,10.21437634,work_raster
Q_612E2600,Q_612E2600_N0004,3,612E2600,SOURCE,0,111.5325,28.195,0,1,10.1788187,10.1866034,10.1866034,work_raster
Q_612E2600,Q_612E2600_N0005,4,612E2600,CONFLUENCE,0,111.5391667,28.22,2,1,39.28241348,18.91149934,39.31247908,work_raster
Q_612E2600,Q_612E2600_N0006,5,612E2600,CONFLUENCE,0,111.575,28.315,2,1,129.7193146,77.7530114,129.8189442,work_raster
Q_612E2600,Q_612E2600_N0007,6,612E2600,CONFLUENCE,0,111.5975,28.33916667,2,1,153.6794434,12.56560603,153.797556,work_raster
Q_612E2600,Q_612E2600_N0008,7,612E2600,OUTLET,1,111.5975,28.34083333,1,0,153.8981171,0.218836215,154.0163922,work_raster
Q_612E2820,Q_612E2820_N0001,0,612E2820,SOURCE,0,112.0875,28.34166667,0,1,12.39492893,12.40451302,12.40451302,work_raster
Q_612E2820,Q_612E2820_N0002,1,612E2820,SOURCE,0,112.0691667,28.3175,0,1,11.70361042,11.71264947,11.71264947,work_raster
Q_612E2820,Q_612E2820_N0003,2,612E2820,SOURCE,0,112.0283333,28.31083333,0,1,14.72805691,14.73942721,14.73942721,work_raster
Q_612E2820,Q_612E2820_N0004,3,612E2820,SOURCE,0,112.0658333,28.28333333,0,1,11.43861866,11.44741606,11.44741606,work_raster
Q_612E2820,Q_612E2820_N0005,4,612E2820,SOURCE,0,111.9833333,28.27416667,0,1,10.26955605,10.277452,10.277452,work_raster
Q_612E2820,Q_612E2820_N0006,5,612E2820,SOURCE,0,112,28.27,0,1,10.79175949,10.80004808,10.80004808,work_raster
Q_612E2820,Q_612E2820_N0007,6,612E2820,CONFLUENCE,0,112.0008333,28.29,2,1,38.65297318,17.60521041,38.68271048,work_raster
Q_612E2820,Q_612E2820_N0008,7,612E2820,CONFLUENCE,0,112.04,28.305,2,1,73.10771179,19.74187548,73.16401317,work_raster
Q_612E2820,Q_612E2820_N0009,8,612E2820,CONFLUENCE,0,112.0733333,28.31333333,2,1,96.17903137,11.37646825,96.25313089,work_raster
Q_612E2820,Q_612E2820_N0010,9,612E2820,CONFLUENCE,0,112.0791667,28.31416667,2,1,115.2062912,7.594487497,115.2950344,work_raster
Q_612E2820,Q_612E2820_N0011,10,612E2820,CONFLUENCE,0,112.105,28.33833333,2,1,146.8251495,19.23876282,146.9383103,work_raster
Q_612E2820,Q_612E2820_N0012,11,612E2820,OUTLET,1,112.1616667,28.3525,1,0,176.9047699,30.10286755,177.0411778,work_raster
Q_61304550,Q_61304550_N0001,0,61304550,SOURCE,0,109.7375,26.58583333,0,1,12.82220459,12.83101878,12.83101878,work_raster
Q_61304550,Q_61304550_N0002,1,61304550,OUTLET,1,109.7158333,26.58166667,1,0,16.63656998,3.816987855,16.64800663,work_raster
Q_61309200,Q_61309200_N0001,0,61309200,SOURCE,0,110.5383333,27.33583333,0,1,10.6316452,10.63932741,10.63932741,work_raster
Q_61309200,Q_61309200_N0002,1,61309200,OUTLET,1,110.5225,27.39333333,1,0,30.86815453,20.25116821,30.89049562,work_raster
Q_61310900,Q_61310900_N0001,0,61310900,SOURCE,0,110.2116667,27.71916667,0,1,10.12412167,10.13162983,10.13162983,work_raster
Q_61310900,Q_61310900_N0002,1,61310900,SOURCE,0,110.1966667,27.68416667,0,1,10.03558922,10.04302006,10.04302006,work_raster
Q_61310900,Q_61310900_N0003,2,61310900,SOURCE,0,110.2116667,27.6425,0,1,11.04254532,11.05069011,11.05069011,work_raster
Q_61310900,Q_61310900_N0004,3,61310900,CONFLUENCE,0,110.1866667,27.68833333,2,1,43.85378265,22.79249203,43.8862022,work_raster
Q_61310900,Q_61310900_N0005,4,61310900,OUTLET,1,110.1633333,27.695,2,0,75.81926727,21.85756494,75.87539697,work_raster
Q_613E2810,Q_613E2810_N0001,0,613E2810,SOURCE,0,111.265,29.03666667,0,1,10.60749817,10.61605994,10.61605994,work_raster
Q_613E2810,Q_613E2810_N0002,1,613E2810,SOURCE,0,111.2791667,29.02916667,0,1,11.00335407,11.01224091,11.01224091,work_raster
Q_613E2810,Q_613E2810_N0003,2,613E2810,CONFLUENCE,0,111.275,29.02,2,1,26.01610184,4.408803401,26.03710425,work_raster
Q_613E2810,Q_613E2810_N0004,3,613E2810,SOURCE,0,111.3441667,29.00416667,0,1,10.01751137,10.02558734,10.02558734,work_raster
Q_613E2810,Q_613E2810_N0005,4,613E2810,SOURCE,0,111.2541667,28.98916667,0,1,10.242836,10.25108997,10.25108997,work_raster
Q_613E2810,Q_613E2810_N0006,5,613E2810,CONFLUENCE,0,111.2825,28.98166667,2,1,54.12416077,17.87960511,54.16779934,work_raster
Q_613E2810,Q_613E2810_N0007,6,613E2810,SOURCE,0,111.2975,28.97833333,0,1,10.12368202,10.13183503,10.13183503,work_raster
Q_613E2810,Q_613E2810_N0008,7,613E2810,CONFLUENCE,0,111.2983333,28.97666667,2,1,66.62394714,2.378016301,66.67765067,work_raster
Q_613E2810,Q_613E2810_N0009,8,613E2810,CONFLUENCE,0,111.345,28.975,2,1,109.3504105,32.73526776,109.4385058,work_raster
Q_613E2810,Q_613E2810_N0010,9,613E2810,SOURCE,0,111.3091667,28.94,0,1,10.2423315,10.25054732,10.25054732,work_raster
Q_613E2810,Q_613E2810_N0011,10,613E2810,CONFLUENCE,0,111.3966667,28.91416667,2,1,184.8980103,65.35767262,185.0467257,work_raster
Q_613E2810,Q_613E2810_N0012,11,613E2810,OUTLET,1,111.41,28.90833333,1,0,188.2577209,3.362402636,188.4091283,work_raster
Q_613E2870,Q_613E2870_N0001,0,613E2870,SOURCE,0,111.0908333,29.14333333,0,1,11.35902214,11.36825817,11.36825817,work_raster
Q_613E2870,Q_613E2870_N0002,1,613E2870,SOURCE,0,111.1016667,29.1175,0,1,10.00687313,10.01499517,10.01499517,work_raster
Q_613E2870,Q_613E2870_N0003,2,613E2870,CONFLUENCE,0,111.1,29.11583333,2,1,38.08718491,16.73485854,38.11811188,work_raster
Q_613E2870,Q_613E2870_N0004,3,613E2870,SOURCE,0,111.1958333,29.10416667,0,1,11.41588402,11.425141,11.425141,work_raster
Q_613E2870,Q_613E2870_N0005,4,613E2870,SOURCE,0,111.0558333,29.0875,0,1,15.8898325,15.90269179,15.90269179,work_raster
Q_613E2870,Q_613E2870_N0006,5,613E2870,SOURCE,0,111.0866667,29.0775,0,1,10.03599834,10.04410973,10.04410973,work_raster
Q_613E2870,Q_613E2870_N0007,6,613E2870,CONFLUENCE,0,111.0991667,29.0825,2,1,46.43306732,20.52384868,46.47065019,work_raster
Q_613E2870,Q_613E2870_N0008,7,613E2870,CONFLUENCE,0,111.1183333,29.08916667,2,1,93.92364502,9.411014301,93.99977637,work_raster
Q_613E2870,Q_613E2870_N0009,8,613E2870,SOURCE,0,111.1858333,29.05666667,0,1,11.018466,11.02736414,11.02736414,work_raster
Q_613E2870,Q_613E2870_N0010,9,613E2870,CONFLUENCE,0,111.2033333,29.08333333,2,1,142.6499786,37.73838938,142.7655299,work_raster
Q_613E2870,Q_613E2870_N0011,10,613E2870,CONFLUENCE,0,111.2025,29.09666667,2,1,157.7868805,3.724038053,157.9147089,work_raster
Q_613E2870,Q_613E2870_N0012,11,613E2870,OUTLET,1,111.2158333,29.11,1,0,171.2540588,13.47809745,171.3928064,work_raster
Q_61402050,Q_61402050_N0001,0,61402050,SOURCE,0,110.48,29.36916667,0,1,10.08712387,10.0954423,10.0954423,work_raster
Q_61402050,Q_61402050_N0002,1,61402050,SOURCE,0,110.5466667,29.3425,0,1,10.16827202,10.17661779,10.17661779,work_raster
Q_61402050,Q_61402050_N0003,2,61402050,SOURCE,0,110.4308333,29.31166667,0,1,12.94213963,12.9527526,12.9527526,work_raster
Q_61402050,Q_61402050_N0004,3,61402050,CONFLUENCE,0,110.4891667,29.36083333,2,1,71.28177643,48.29218547,71.34038037,work_raster
Q_61402050,Q_61402050_N0005,4,61402050,SOURCE,0,110.4883333,29.3,0,1,10.08046246,10.08872769,10.08872769,work_raster
Q_61402050,Q_61402050_N0006,5,61402050,CONFLUENCE,0,110.5391667,29.34916667,2,1,127.933815,46.60986857,128.0389766,work_raster
Q_61402050,Q_61402050_N0007,6,61402050,CONFLUENCE,0,110.5491667,29.34583333,2,1,138.9087372,0.8073102904,139.0229047,work_raster
Q_61402050,Q_61402050_N0008,7,61402050,OUTLET,1,110.5533333,29.34666667,1,0,145.0995789,6.195944411,145.2188491,work_raster
Q_62306134,Q_62306134_N0001,0,62306134,SOURCE,0,113.9216667,25.52833333,0,1,10.31698322,10.32356547,10.32356547,work_raster
Q_62306134,Q_62306134_N0002,1,62306134,SOURCE,0,113.8825,25.51583333,0,1,10.01699829,10.02338034,10.02338034,work_raster
Q_62306134,Q_62306134_N0003,2,62306134,SOURCE,0,113.9241667,25.49833333,0,1,10.28889751,10.29544552,10.29544552,work_raster
Q_62306134,Q_62306134_N0004,3,62306134,SOURCE,0,113.8816667,25.475,0,1,20.58152771,20.59460464,20.59460464,work_raster
Q_62306134,Q_62306134_N0005,4,62306134,SOURCE,0,113.92,25.46333333,0,1,10.00502491,10.01137979,10.01137979,work_raster
Q_62306134,Q_62306134_N0006,5,62306134,CONFLUENCE,0,113.8966667,25.4875,2,1,47.07863998,16.50256316,47.10854759,work_raster
Q_62306134,Q_62306134_N0007,6,62306134,CONFLUENCE,0,113.915,25.505,2,1,66.72089386,9.359311443,66.76330456,work_raster
Q_62306134,Q_62306134_N0008,7,62306134,CONFLUENCE,0,113.9033333,25.52416667,2,1,89.4671402,12.73736567,89.52405056,work_raster
Q_62306134,Q_62306134_N0009,8,62306134,CONFLUENCE,0,113.905,25.53166667,2,1,103.2770767,3.495180354,103.3427964,work_raster
Q_62306134,Q_62306134_N0010,9,62306134,OUTLET,1,113.9075,25.54083333,1,0,111.3595047,8.087594698,111.4303911,work_raster
