GRAPH_ID,NODE_ID,NODE_INDEX,OUTLET_ID,NODE_TYPE,IS_OUTLET,incremental_area_km2,upstream_area_km2,MERIT_UPA_KM2,log_incremental_area,log_upstream_area,mean_hillslope_flow_distance_m,mean_slope_deg,elevation_mean_m,elevation_std_m,drainage_density_km_per_km2,soil_log_ksat_0_30cm,soil_profile_depth_cm,forest_fraction,impervious_fraction,dem_valid_fraction,flow_distance_valid_fraction,cisc_valid_fraction,ksat_valid_fraction_min,pdep_valid_fraction,igbp_valid_fraction,CCAM_FALLBACK_USED,STATIC_QC
Q_61113300,Q_61113300_N0001,0,61113300,SOURCE,0,10.24535868,10.24535868,10.23780632,2.419955482,2.419955482,1182.498155,13.81792541,321.3624849,70.06241309,0.2858468299,1.382451653,92.10461426,0,0.1271960647,1,1,1,1,1,1,0,ACCEPT
Q_61113300,Q_61113300_N0002,1,61113300,SOURCE,0,12.19756946,12.19756946,12.18858051,2.580032681,2.580032681,866.6277587,15.4671558,244.0828941,53.31255274,0.581178179,1.395641923,90.16857147,0,0.09921748118,1,1,1,1,1,1,0,ACCEPT
Q_61113300,Q_61113300_N0003,2,61113300,SOURCE,0,12.80555517,12.80555517,12.79611969,2.625071059,2.625071059,1164.569171,17.40319099,300.8600173,70.06116607,0.2637519301,1.415112217,97.18000031,0,0.02351042178,1,1,1,1,1,1,0,ACCEPT
Q_61113300,Q_61113300_N0004,3,61113300,SOURCE,0,10.37072524,10.37072524,10.36310005,2.431042092,2.431042092,972.2094545,21.90907269,341.0073574,80.16707622,0.3822493046,1.40191865,101,0.1935483871,0.02570560139,1,1,1,1,1,1,0,ACCEPT
Q_61113300,Q_61113300_N0005,4,61113300,SOURCE,0,10.22199711,10.22199711,10.21449852,2.417875879,2.417875879,1011.311533,17.3442333,349.1155444,139.3811472,0.5871549721,1.483714283,88.11615753,0.1428571429,0.03748350198,1,1,1,1,1,1,0,ACCEPT
Q_61113300,Q_61113300_N0006,5,61113300,SOURCE,0,12.23489932,12.23489932,12.22591972,2.582857229,2.582857229,856.1395582,22.78184716,379.4090484,105.2714046,0.4848512829,1.398589253,92.9781189,0.1120689655,0.02359426681,1,1,1,1,1,1,0,ACCEPT
Q_61113300,Q_61113300_N0007,6,61113300,CONFLUENCE,0,0.6078991368,23.06479556,23.04787064,0.4749284429,3.180750008,489.2887376,10.02732008,239.1774286,21.42994656,0.9868851141,1.485560675,92.01999664,0,0.2077727952,1,1,1,0,0,1,1,REVIEW_SPATIAL_FALLBACK
Q_61113300,Q_61113300_N0008,7,61113300,CONFLUENCE,0,14.88195474,50.14431976,50.10745621,2.765183543,3.934651436,784.9941326,17.41610067,251.3118161,68.34242157,0.7212273688,1.396250208,95.13333893,0.03571428571,0.08271313608,1,1,1,1,1,1,0,ACCEPT
Q_61113300,Q_61113300_N0009,8,61113300,CONFLUENCE,0,13.24622946,73.76127446,73.70702362,2.656492272,4.31430003,895.740056,16.23850238,257.437383,78.00567703,0.6128420982,1.407317281,98.45333099,0.1031746032,0.08632995717,1,1,1,1,1,1,0,ACCEPT
Q_61113300,Q_61113300_N0010,9,61113300,CONFLUENCE,0,16.07617953,102.6430092,102.5674591,2.837684482,4.64095239,749.962775,13.16684351,217.8541253,57.39020331,0.7890537463,1.434555292,95.54286194,0,0.09356626911,1,1,1,1,1,1,0,ACCEPT
Q_61113300,Q_61113300_N0011,10,61113300,CONFLUENCE,0,38.34944796,151.2378158,151.1263733,3.672481946,5.025443876,864.358037,11.86042188,236.9190708,70.14272104,0.5683143222,1.37707599,97.08392334,0,0.1593315025,1,1,1,1,1,1,0,ACCEPT
Q_61113300,Q_61113300_N0012,11,61113300,OUTLET,1,8.442641342,159.6804571,159.5627747,2.245235744,5.079417655,730.444669,13.26729808,218.0386911,58.85885718,0.6294067912,1.001069168,97.49817657,0,0.147362813,1,1,1,1,1,1,0,ACCEPT
Q_61115200,Q_61115200_N0001,0,61115200,SOURCE,0,10.2186094,10.2186094,10.21068764,2.417573953,2.417573953,1124.6437,26.11886378,746.0551751,246.0776539,0.2511180408,1.494510869,93.67417145,0.6060606061,0.002641542661,1,1,1,1,1,1,0,ACCEPT
Q_61115200,Q_61115200_N0002,1,61115200,OUTLET,1,11.88773548,22.10634488,22.08922195,2.556276121,3.14010725,891.1007247,25.25135983,467.0772327,162.9534967,0.464793477,1.14858065,97.31562805,0.8482142857,0.002268945697,1,1,1,1,1,1,0,ACCEPT
Q_61116401,Q_61116401_N0001,0,61116401,OUTLET,1,6.643946504,6.643946504,6.638835907,2.033914028,2.033914028,1547.281423,4.214964954,80.41361903,13.01947729,0.3214226372,1.024107377,110.0637512,0,0.7865366382,1,1,1,1,1,1,0,ACCEPT
Q_611E0340,Q_611E0340_N0001,0,611E0340,SOURCE,0,10.20394852,10.20394852,10.19777393,2.416266263,2.416266263,884.2546096,21.35307149,784.1035826,191.8431641,0.5042526741,1.7943241,93.44075775,0.7978723404,0.006788926115,1,1,1,1,1,1,0,ACCEPT
Q_611E0340,Q_611E0340_N0002,1,611E0340,SOURCE,0,10.23861883,10.23861883,10.23244476,2.419355957,2.419355957,1112.146208,25.46818338,901.8914427,168.6019115,0.3727217576,2.044822435,93.31929016,0.7826086957,0.001668129939,1,1,1,1,1,1,0,ACCEPT
Q_611E0340,Q_611E0340_N0003,2,611E0340,SOURCE,0,10.94678058,10.94678058,10.94017982,2.480461834,2.480461834,842.9889522,22.19926568,767.3147231,197.8314709,0.6707514716,1.86773181,93.57616425,0.8252427184,0.002793066623,1,1,1,1,1,1,0,ACCEPT
Q_611E0340,Q_611E0340_N0004,3,611E0340,SOURCE,0,13.37115294,13.37115294,13.3630724,2.66522293,2.66522293,1191.050666,21.79267783,895.7798661,242.4695811,0.6772780615,1.810623864,93.35388184,0.9159663866,0.001816347124,1,1,1,1,1,1,0,ACCEPT
Q_611E0340,Q_611E0340_N0005,4,611E0340,CONFLUENCE,0,3.873869478,27.44897095,27.43237686,1.583888176,3.348111989,563.5037766,14.00704034,530.2653001,48.16632549,0.9352390783,1.65924114,93.83000183,0.2285714286,0.05551684088,1,1,1,1,1,1,0,ACCEPT
Q_611E0340,Q_611E0340_N0006,5,611E0340,SOURCE,0,13.755629,13.755629,13.74733543,2.691624637,2.691624637,1208.15936,22.03592668,901.1235273,186.9617721,0.4968230297,1.877743622,93.52444458,0.7874015748,0.0003271608977,1,1,1,1,1,1,0,ACCEPT
Q_611E0340,Q_611E0340_N0007,6,611E0340,CONFLUENCE,0,40.21964619,81.42424614,81.3751297,3.718914992,4.411879643,1069.135554,20.22483842,760.8431708,213.8357592,0.6352370771,1.582734108,94.03823853,0.7142857143,0.01886961388,1,1,1,1,1,1,0,ACCEPT
Q_611E0340,Q_611E0340_N0008,7,611E0340,CONFLUENCE,0,3.181414948,95.55244166,95.49479675,1.430649694,4.570086298,1137.301742,17.14294812,589.3832666,88.03678114,0.6935733277,1.262443403,97.05666351,0.4516129032,0.0384506644,1,1,1,1,1,1,0,ACCEPT
Q_611E0340,Q_611E0340_N0009,8,611E0340,CONFLUENCE,0,41.91936099,147.7104215,147.6212311,3.759323029,5.002000935,895.6139979,20.59510577,587.9537927,140.2292351,0.5926329857,1.505924304,95.08887482,0.6940874036,0.007237661612,1,1,1,1,1,1,0,ACCEPT
Q_611E0340,Q_611E0340_N0010,9,611E0340,OUTLET,1,24.42533129,172.1357528,172.031723,3.235745972,5.154075985,1050.630676,18.03925517,433.7259127,63.74836681,0.6165223133,1.365610818,92.16379547,0.6727272727,0.005671773718,1,1,1,1,1,1,0,ACCEPT
Q_611E0360,Q_611E0360_N0001,0,611E0360,SOURCE,0,10.12582622,10.12582622,10.11947346,2.409269093,2.409269093,1082.986187,10.81337742,674.1627715,55.00284029,0.4315427886,1.18591553,95.47075653,0.02127659574,0.04349755881,1,1,1,1,1,1,0,ACCEPT
Q_611E0360,Q_611E0360_N0002,1,611E0360,SOURCE,0,10.18825564,10.18825564,10.1818676,2.414864624,2.414864624,1066.48514,30.23566814,1157.851702,211.5497578,0.308916118,1.589932601,80.86460876,0.829787234,0.0002650410814,1,1,1,1,1,1,0,ACCEPT
Q_611E0360,Q_611E0360_N0003,2,611E0360,SOURCE,0,10.0851834,10.0851834,10.07889366,2.405609388,2.405609388,1263.473963,24.89442551,1218.57446,154.3572315,0.2628804631,1.630387902,86.04400635,0.623655914,0.000981179199,1,1,1,1,1,1,0,ACCEPT
Q_611E0360,Q_611E0360_N0004,3,611E0360,SOURCE,0,10.04863467,10.04863467,10.04237843,2.402306861,2.402306861,1069.935467,28.28975845,1233.489406,180.0966256,0.3292563601,1.552841286,88.46856689,0.8617021277,0.001970090445,1,1,1,1,1,1,0,ACCEPT
Q_611E0360,Q_611E0360_N0005,4,611E0360,CONFLUENCE,0,29.84352136,49.97733943,49.94617081,3.428926724,3.931381209,729.0158481,29.35852108,1014.079079,260.0978257,0.6371104915,1.619911472,88.89315796,0.8467153285,0.002684523271,1,1,1,1,1,1,0,ACCEPT
Q_611E0360,Q_611E0360_N0006,5,611E0360,CONFLUENCE,0,18.397513,78.56310807,78.51404572,2.965144862,4.376550519,718.1712146,31.82674924,1000.46956,297.8467045,0.7097741668,1.637807091,84.33625031,0.7151515152,0.002741603838,1,1,1,1,1,1,0,ACCEPT
Q_611E0360,Q_611E0360_N0007,6,611E0360,CONFLUENCE,0,37.33598107,126.0249154,125.9460907,3.646388909,4.844383251,1021.679954,24.17303338,678.6129916,203.4697848,0.4779086639,1.583481014,92.4752121,0.6550724638,0.01427228236,1,1,1,1,1,1,0,ACCEPT
Q_611E0360,Q_611E0360_N0008,7,611E0360,OUTLET,1,59.64518931,185.6701047,185.5536957,4.105040313,5.229342913,1121.937728,18.32485655,484.0375315,185.7995548,0.5436441666,1.456428548,96.32715607,0.2864963504,0.02685616862,1,1,1,1,1,1,0,ACCEPT
Q_611E0380,Q_611E0380_N0001,0,611E0380,SOURCE,0,11.02568253,11.02568253,11.0186882,2.487044573,2.487044573,807.6854201,31.61528307,1091.785023,329.7644118,0.5459713747,1.578599731,86.81666565,0.95,0.0001634253963,1,1,1,1,1,1,0,ACCEPT
Q_611E0380,Q_611E0380_N0002,1,611E0380,SOURCE,0,12.62188129,12.62188129,12.61388779,2.611677418,2.611677418,688.8659229,28.2869261,909.6702004,327.8002814,0.8995492464,1.481176297,91.41389465,0.8823529412,0.00335068083,1,1,1,1,1,1,0,ACCEPT
Q_611E0380,Q_611E0380_N0003,2,611E0380,CONFLUENCE,0,16.74940122,40.39696503,40.37137985,2.876351781,3.72320757,895.9049288,27.7081382,610.4852561,193.233419,0.580407106,1.37587142,94.72380066,0.6623376623,0.00919404269,1,1,1,1,1,1,0,ACCEPT
Q_611E0380,Q_611E0380_N0004,3,611E0380,SOURCE,0,10.15536266,10.15536266,10.14894009,2.411920338,2.411920338,811.428691,34.03958094,982.7028141,264.9663208,0.4460806723,1.568322003,90.40999603,0.8817204301,0,1,1,1,1,1,1,0,ACCEPT
Q_611E0380,Q_611E0380_N0005,4,611E0380,CONFLUENCE,0,23.40019247,73.95252016,73.90572357,3.19459102,4.316854849,1013.66931,20.6730089,619.4458655,329.4879264,0.7080469786,1.367289186,94.3736496,0.4608294931,0.02483755623,1,1,1,1,1,1,0,ACCEPT
Q_611E0380,Q_611E0380_N0006,5,611E0380,SOURCE,0,10.07980374,10.07980374,10.07344246,2.405123969,2.405123969,1044.922849,33.61970202,955.9161378,243.5543936,0.3542382239,1.604567548,90.13615417,0.9333333333,0,1,1,1,1,1,1,0,ACCEPT
Q_611E0380,Q_611E0380_N0007,6,611E0380,CONFLUENCE,0,9.121224341,93.15354825,93.09464264,2.314634639,4.544926942,983.888266,21.13977059,470.6179521,141.6313725,0.784053079,1.264719665,95.87923431,0.4761904762,0.01224449491,1,1,1,1,1,1,0,ACCEPT
Q_611E0380,Q_611E0380_N0008,7,611E0380,OUTLET,1,14.74130269,107.8948509,107.8266525,2.756288003,4.690382746,875.9161108,28.7433683,638.998896,213.5476515,0.6009369312,1.434872985,93.47210693,0.7368421053,0.01128737035,1,1,1,1,1,1,0,ACCEPT
Q_611E0405,Q_611E0405_N0001,0,611E0405,SOURCE,0,10.39237732,10.39237732,10.38574696,2.432944475,2.432944475,1026.147682,7.658101523,261.6871604,31.44284052,0.4956859427,1.392809331,84.25385284,0,0.08756719265,1,1,1,1,1,1,0,ACCEPT
Q_611E0405,Q_611E0405_N0002,1,611E0405,SOURCE,0,11.05285598,11.05285598,11.04582405,2.489301642,2.489301642,1683.550447,17.85135205,484.4966641,221.6069136,0.2436763453,1.331340094,95.518013,0.3137254902,0.02840862841,1,1,1,1,1,1,0,ACCEPT
Q_611E0405,Q_611E0405_N0003,2,611E0405,SOURCE,0,12.45095645,12.45095645,12.44302177,2.599050215,2.599050215,1906.437458,2.49863585,271.0040189,30.15206584,0.4230599063,1.395617803,79.94998932,0,0.1051452522,1,1,1,1,1,1,0,ACCEPT
Q_611E0405,Q_611E0405_N0004,3,611E0405,SOURCE,0,10.03204157,10.03204157,10.02565956,2.400803909,2.400803909,898.1441118,37.02459614,1158.62068,395.6509904,0.3667817663,1.607659737,85.35923767,0.7311827957,0,1,1,1,1,1,1,0,ACCEPT
Q_611E0405,Q_611E0405_N0005,4,611E0405,SOURCE,0,10.65910638,10.65910638,10.65232754,2.456087538,2.456087538,962.9299969,29.50040894,1474.598066,350.2453402,0.5669463552,1.657215834,77.08000946,0.7525773196,0,1,1,1,1,1,1,0,ACCEPT
Q_611E0405,Q_611E0405_N0006,5,611E0405,SOURCE,0,10.12990227,10.12990227,10.12348652,2.409635385,2.409635385,851.8223991,29.41393623,706.2987771,160.8620631,0.4859298398,1.537684321,92.67749786,1,8.877840909e-05,1,1,1,1,1,1,0,ACCEPT
Q_611E0405,Q_611E0405_N0007,6,611E0405,CONFLUENCE,0,13.91836109,34.70736974,34.68533707,2.702592742,3.575357103,837.3634093,29.36081755,723.2749898,281.8426742,0.6190443276,1.450828473,93.80944061,0.75,0.005295447207,1,1,1,1,1,1,0,ACCEPT
Q_611E0405,Q_611E0405_N0008,7,611E0405,CONFLUENCE,0,13.26047095,57.99988227,57.96305084,2.65749144,4.077535448,965.7873584,21.30789611,518.5299752,181.4363865,0.7283986142,1.252239724,96.40812683,0.5793650794,0.005163745074,1,1,1,1,1,1,0,ACCEPT
Q_611E0405,Q_611E0405_N0009,8,611E0405,SOURCE,0,10.13923668,10.13923668,10.13282204,2.410473711,2.410473711,687.5285945,28.45979169,751.0193619,146.466283,0.4505269534,1.601339797,91.40000153,0.8085106383,0.0007106689171,1,1,1,1,1,1,0,ACCEPT
Q_611E0405,Q_611E0405_N0010,9,611E0405,CONFLUENCE,0,8.535151077,76.67427002,76.62561035,2.254985083,4.352524057,907.1455991,26.81591774,573.6210086,182.6834257,0.6675995284,1.305109501,96.47000122,0.8051948052,0.003159557662,1,1,1,1,1,1,0,ACCEPT
Q_611E0405,Q_611E0405_N0011,10,611E0405,CONFLUENCE,0,42.2754766,130.0026026,129.9200439,3.767586114,4.87521719,1083.778945,13.50301829,336.3273583,144.6715151,0.7147751735,1.367896775,90.23254395,0.137755102,0.03471260941,1,1,1,1,1,1,0,ACCEPT
Q_611E0405,Q_611E0405_N0012,11,611E0405,CONFLUENCE,0,1.747997368,144.2015564,144.1099548,1.010872416,4.978122821,556.5986716,3.196646178,218.4340819,8.336349884,2.287816609,1.468603889,87.92999268,0,0.09777547853,1,1,1,1,1,1,0,REVIEW_COARSE_SUPPORT
Q_611E0405,Q_611E0405_N0013,12,611E0405,CONFLUENCE,0,15.76854354,170.3624773,170.2541962,2.819504723,5.143781063,851.5480007,2.968181572,214.3829544,12.87527992,1.082805213,1.480123599,88.08499908,0,0.1106800548,1,1,1,1,1,1,0,ACCEPT
Q_611E0405,Q_611E0405_N0014,13,611E0405,OUTLET,1,7.262187984,177.6246653,177.5117493,2.111689442,5.185286762,1362.187053,4.45485216,206.164866,14.16435719,0.5555996476,1.472523133,98.22180939,0,0.07151710461,1,1,1,1,1,1,0,ACCEPT
Q_611E1000,Q_611E1000_N0001,0,611E1000,SOURCE,0,14.07070035,14.07070035,14.06136608,2.712752485,2.712752485,990.1152211,22.85541302,674.530149,81.9797115,0.4569399618,1.609486381,93.85388184,0.6850393701,0.01317051339,1,1,1,1,1,1,0,ACCEPT
Q_611E1000,Q_611E1000_N0002,1,611E1000,SOURCE,0,10.66235966,10.66235966,10.65529251,2.456366533,2.456366533,955.8842327,25.27764879,661.0288221,105.4768377,0.5009701316,1.493790388,97.25,0.8910891089,0.002366863905,1,1,1,1,1,1,0,ACCEPT
Q_611E1000,Q_611E1000_N0003,2,611E1000,SOURCE,0,10.94060561,10.94060561,10.93336105,2.479944828,2.479944828,974.1541726,26.13872646,610.6534613,106.1637574,0.4314126999,1.518546939,94.3864212,0.8181818182,0.00238624208,1,1,1,1,1,1,0,ACCEPT
Q_611E1000,Q_611E1000_N0004,3,611E1000,CONFLUENCE,0,13.07235775,38.08366372,38.05842209,2.64421243,3.665704572,728.1461859,25.53626798,615.3742132,107.3477179,0.7340944932,1.239588201,97.90833282,0.6557377049,0.004956288291,1,1,1,1,1,1,0,ACCEPT
Q_611E1000,Q_611E1000_N0005,4,611E1000,CONFLUENCE,0,57.86762219,106.6136456,106.5431061,4.075291231,4.678547457,896.2170862,22.55640785,444.2016754,135.1658138,0.618944151,1.418410858,98.56703186,0.5373134328,0.02496034338,1,1,1,1,1,1,0,ACCEPT
Q_611E1000,Q_611E1000_N0006,5,611E1000,SOURCE,0,10.64707022,10.64707022,10.64005756,2.455054665,2.455054665,949.7462031,9.96739775,266.8354403,21.47721361,0.568348394,1.420007765,90.40000153,0,0.0764551829,1,1,1,1,1,1,0,ACCEPT
Q_611E1000,Q_611E1000_N0007,6,611E1000,CONFLUENCE,0,13.44664738,130.7073632,130.6209717,2.670462372,4.880582516,860.0820064,10.88912255,273.4582974,68.4762801,0.7668214482,1.376247803,90.46888733,0.02290076336,0.1260374833,1,1,1,1,1,1,0,ACCEPT
Q_611E1000,Q_611E1000_N0008,7,611E1000,SOURCE,0,12.27339397,12.27339397,12.26531315,2.585761578,2.585761578,1079.58138,28.93249191,491.5079275,124.2714618,0.5574122582,1.478516142,96.33600616,0.4695652174,0.007109352096,1,1,1,1,1,1,0,ACCEPT
Q_611E1000,Q_611E1000_N0009,8,611E1000,CONFLUENCE,0,7.859789692,150.8405468,150.7409058,2.181523028,5.022830936,905.4671529,14.16983591,292.5125562,109.6663005,0.6271985577,1.393662969,90.67799377,0,0.1019334172,1,1,1,1,1,1,0,ACCEPT
Q_611E1000,Q_611E1000_N0010,9,611E1000,OUTLET,1,1.87277838,152.7133252,152.6124573,1.055279638,5.035089343,621.4209641,6.906348457,221.9890005,15.14093265,1.186405874,1.396388551,91.52666473,0,0.1431306845,1,1,1,1,1,1,0,ACCEPT
Q_611E1500,Q_611E1500_N0001,0,611E1500,SOURCE,0,10.28962748,10.28962748,10.28300762,2.423884382,2.423884382,1139.882085,20.20694703,542.7160604,145.4658183,0.3996146465,1.518613974,93.95866394,0.02127659574,0.01468916674,1,1,1,1,1,1,0,ACCEPT
Q_611E1500,Q_611E1500_N0002,1,611E1500,SOURCE,0,15.85006303,15.85006303,15.83990097,2.824354397,2.824354397,896.9235946,12.11774855,356.1646132,108.4140841,0.5186037048,1.023032,99.96903992,0,0.1344156213,1,1,1,1,1,1,0,ACCEPT
Q_611E1500,Q_611E1500_N0003,2,611E1500,SOURCE,0,11.08993362,11.08993362,11.08282471,2.492373174,2.492373174,960.9638752,23.90579771,1052.93178,123.52321,0.3978246673,1.456151903,90.12532806,0.47,0.00762244567,1,1,1,1,1,1,0,ACCEPT
Q_611E1500,Q_611E1500_N0004,3,611E1500,SOURCE,0,10.07103551,10.07103551,10.06458569,2.404332284,2.404332284,932.5526087,21.89146129,959.5104796,140.7416666,0.3708561822,1.546756665,92.4561615,0.4606741573,0.008934953538,1,1,1,1,1,1,0,ACCEPT
Q_611E1500,Q_611E1500_N0005,4,611E1500,CONFLUENCE,0,12.77292603,33.93389516,33.91213989,2.622704783,3.553457566,739.6710197,24.44990322,819.0600231,157.8246046,0.68078208,1.389525672,92.78833008,0.2583333333,0.008389734913,1,1,1,1,1,1,0,ACCEPT
Q_611E1500,Q_611E1500_N0006,5,611E1500,CONFLUENCE,0,28.23046627,72.4539889,72.40746307,3.375211531,4.296659209,948.3949408,17.70220784,448.1114336,165.3507756,0.5375804522,1.296344499,94.76832581,0.07450980392,0.02903863318,1,1,1,1,1,1,0,ACCEPT
Q_611E1500,Q_611E1500_N0007,6,611E1500,SOURCE,0,10.94454432,10.94454432,10.93753529,2.480274632,2.480274632,976.8914803,24.86209321,788.2754158,172.4675451,0.4153157581,1.348358174,95.58647156,0.2884615385,0.005593485235,1,1,1,1,1,1,0,ACCEPT
Q_611E1500,Q_611E1500_N0008,7,611E1500,CONFLUENCE,0,10.13026241,36.92486976,36.90119553,2.409667742,3.635607091,1036.786102,15.38058833,389.7931743,136.338048,0.5487873662,1.186208109,96.95768738,0,0.02967833659,1,1,1,1,1,1,0,ACCEPT
Q_611E1500,Q_611E1500_N0009,8,611E1500,CONFLUENCE,0,20.23728572,129.6161444,129.5329132,3.055758397,4.872262826,858.2469246,10.77397661,276.3839448,47.36364387,0.5859159983,1.046225617,100.1319122,0,0.1941566238,1,1,1,1,1,1,0,ACCEPT
Q_611E1500,Q_611E1500_N0010,9,611E1500,OUTLET,1,10.80361035,140.4197547,140.3295593,2.468405447,4.951732452,821.8109411,11.40257625,281.7148611,51.66398299,0.7725106297,1.08431075,99.22499084,0,0.07830070804,1,1,1,1,1,1,0,ACCEPT
Q_611E2185,Q_611E2185_N0001,0,611E2185,SOURCE,0,10.04504544,10.04504544,10.03738213,2.401981951,2.401981951,1098.781051,24.8634331,498.0011665,114.7671261,0.4018882582,1.372221986,95.54307556,0.5531914894,0.001164874552,1,1,1,1,1,1,0,ACCEPT
Q_611E2185,Q_611E2185_N0002,1,611E2185,SOURCE,0,10.40880593,10.40880593,10.40086937,2.434385507,2.434385507,1030.667148,24.85993145,514.5538283,149.3381341,0.4791232901,1.527697146,99.12713623,0.2929292929,0.0008648274669,1,1,1,1,1,1,0,ACCEPT
Q_611E2185,Q_611E2185_N0003,2,611E2185,CONFLUENCE,0,9.109348294,29.56319966,29.54065704,2.313460569,3.41979666,846.8210673,19.85955681,377.4924376,84.20061487,0.8572406028,1.143305302,93.5228653,0.07058823529,0.006218537163,1,1,1,1,1,1,0,ACCEPT
Q_611E2185,Q_611E2185_N0004,3,611E2185,SOURCE,0,10.0094437,10.0094437,10.0018177,2.398753423,2.398753423,1181.249057,17.84475544,316.2572914,52.29631754,0.4591331421,1.051456849,98.6700058,0.03225806452,0.002788020505,1,1,1,1,1,1,0,ACCEPT
Q_611E2185,Q_611E2185_N0005,4,611E2185,SOURCE,0,11.35506164,11.35506164,11.3464098,2.514065828,2.514065828,1060.400417,19.24675417,393.6047328,55.94697738,0.4411056859,1.051905255,98.6700058,0.05555555556,0.001347495244,1,1,1,1,1,1,0,ACCEPT
Q_611E2185,Q_611E2185_N0006,5,611E2185,SOURCE,0,10.04299288,10.04299288,10.03535652,2.401796098,2.401796098,771.0916476,19.96569002,301.2280102,50.08302291,0.6558296314,1.019478758,98.6700058,0.2258064516,0.00206222541,1,1,1,1,1,1,0,ACCEPT
Q_611E2185,Q_611E2185_N0007,6,611E2185,SOURCE,0,14.96456294,14.96456294,14.9532156,2.77037145,2.77037145,910.2806874,18.74251303,296.3136972,74.95487724,0.4908638309,1.096216023,96.94263458,0.2269503546,0.06432783728,1,1,1,1,1,1,0,ACCEPT
Q_611E2185,Q_611E2185_N0008,7,611E2185,CONFLUENCE,0,23.82190144,68.34966404,68.29766083,3.211726386,4.239161302,931.9019348,18.38925921,274.1194755,59.45103058,0.6207609567,1.189228117,93.79718018,0.06222222222,0.03388229961,1,1,1,1,1,1,0,ACCEPT
Q_611E2185,Q_611E2185_N0009,8,611E2185,CONFLUENCE,0,10.03590509,89.74063076,89.67234802,2.401154056,4.508005226,646.9423734,20.8804583,283.9775516,63.38518965,0.933651976,1.124081075,97.85307312,0.1630434783,0.0369539869,1,1,1,1,1,1,0,ACCEPT
Q_611E2185,Q_611E2185_N0010,9,611E2185,CONFLUENCE,0,8.313059496,108.0966831,108.0144501,2.231417662,4.69223449,878.7444697,17.70355702,254.0197624,67.94514218,0.9114108933,1.17925034,96.54599762,0.0641025641,0.05535694941,1,1,1,1,1,1,0,ACCEPT
Q_611E2185,Q_611E2185_N0011,10,611E2185,SOURCE,0,10.38192378,10.38192378,10.37406445,2.432026464,2.432026464,1132.756638,20.45603596,316.354613,60.06103192,0.4626582953,1.048059205,98.31600952,0.3265306122,0.009719691053,1,1,1,1,1,1,0,ACCEPT
Q_611E2185,Q_611E2185_N0012,11,611E2185,CONFLUENCE,0,4.690942953,123.1695499,123.0759048,1.738875956,4.821647969,746.7893888,17.46992845,236.5436788,60.19977494,0.8881678939,1.144010941,97.15284729,0.243902439,0.06457175704,1,1,1,1,1,1,0,ACCEPT
Q_611E2185,Q_611E2185_N0013,12,611E2185,CONFLUENCE,0,24.64782905,157.8268226,157.7068176,3.244458931,5.067814443,1206.100773,17.22953903,238.3594062,48.69289391,0.5568717272,1.076924026,98.50908661,0.243697479,0.02747333041,1,1,1,1,1,1,0,ACCEPT
Q_611E2185,Q_611E2185_N0014,13,611E2185,OUTLET,1,9.751365814,167.5781884,167.4507904,2.375032799,5.127399669,1051.265909,15.71434056,221.529309,54.68707489,0.5118600716,1.17243729,96.90000153,0.09782608696,0.1392066421,1,1,1,1,1,1,0,ACCEPT
Q_611E2370,Q_611E2370_N0001,0,611E2370,SOURCE,0,10.48844597,10.48844597,10.48075485,2.441341832,2.441341832,1421.735501,13.72979046,186.6628828,74.81855641,0.1849043623,1.153314054,97.92749023,0.05050505051,0.03445313171,1,1,1,1,1,1,0,ACCEPT
Q_611E2370,Q_611E2370_N0002,1,611E2370,SOURCE,0,10.14564206,10.14564206,10.1381979,2.411048575,2.411048575,1333.479227,10.91087375,138.9055421,33.37471838,0.3082852897,1.217952311,102.4342804,0,0.01532465232,1,1,1,1,1,1,0,ACCEPT
Q_611E2370,Q_611E2370_N0003,2,611E2370,CONFLUENCE,0,36.43885794,57.07294597,57.03110886,3.622709148,4.061699909,1120.327854,12.41796955,177.9475173,109.9067361,0.5604107149,1.143980424,102.9404068,0.08902077151,0.03401007706,1,1,1,1,1,1,0,ACCEPT
Q_611E2370,Q_611E2370_N0004,3,611E2370,SOURCE,0,11.18366762,11.18366762,11.17548561,2.500096336,2.500096336,1137.544011,14.6976081,203.2816169,139.1891814,0.4101236699,1.050338705,103.7007599,0.1650485437,0.01788159484,1,1,1,1,1,1,0,ACCEPT
Q_611E2370,Q_611E2370_N0005,4,611E2370,CONFLUENCE,0,7.010181645,75.26679524,75.21164703,2.080713438,4.334237657,971.3871642,8.855235814,147.4768832,93.16556782,0.9243256772,1.071044624,107.4755554,0.05797101449,0.07487798613,1,1,1,1,1,1,0,ACCEPT
Q_611E2370,Q_611E2370_N0006,5,611E2370,SOURCE,0,10.08689974,10.08689974,10.07950974,2.405764207,2.405764207,954.9738092,7.915124183,108.1039572,12.70323018,0.4167144178,1.29484576,101.2999954,0,0.00856836844,1,1,1,1,1,1,0,ACCEPT
Q_611E2370,Q_611E2370_N0007,6,611E2370,SOURCE,0,10.35723142,10.35723142,10.34966946,2.429854671,2.429854671,1142.240417,14.16650483,178.5465862,96.29328263,0.4122870931,1.051121771,103.5214233,0,0.03033727399,1,1,1,1,1,1,0,ACCEPT
Q_611E2370,Q_611E2370_N0008,7,611E2370,CONFLUENCE,0,17.64640516,103.2704318,103.1948166,2.925653375,4.64698783,1055.342089,7.984634978,109.2118855,33.86897295,0.501806799,1.190602342,103.8213654,0,0.05135658915,1,1,1,1,1,1,0,ACCEPT
Q_611E2370,Q_611E2370_N0009,8,611E2370,CONFLUENCE,0,19.26911414,132.6264457,132.5293579,3.009098256,4.895048188,944.5779733,10.21564506,117.4525932,44.8569653,0.7134668233,1.0975251,102.7972946,0,0.02624819018,1,1,1,1,1,1,0,ACCEPT
Q_611E2370,Q_611E2370_N0010,9,611E2370,OUTLET,1,13.13174316,145.7581889,145.6515045,2.648423555,4.988786259,841.2490243,7.502939888,94.04461515,16.47849087,0.5547714806,1.20050472,101.2877808,0,0.07538377193,1,1,1,1,1,1,0,ACCEPT
Q_611E2480,Q_611E2480_N0001,0,611E2480,SOURCE,0,11.1479729,11.1479729,11.13954258,2.497162316,2.497162316,1055.292677,15.71020922,494.2566421,146.6699591,0.3607521416,1.284238597,103.0428543,0.06,0.07723970944,1,1,1,1,1,1,0,ACCEPT
Q_611E2480,Q_611E2480_N0002,1,611E2480,SOURCE,0,10.38781744,10.38781744,10.37998772,2.432544139,2.432544139,1334.354074,28.60810613,565.4362115,164.0580077,0.2910204697,1.42935278,94.93307495,0.4081632653,0.01638633605,1,1,1,1,1,1,0,ACCEPT
Q_611E2480,Q_611E2480_N0003,2,611E2480,CONFLUENCE,0,24.61804183,46.15383217,46.11899185,3.243296862,3.853415282,982.5101207,26.77286744,536.8689139,164.3234887,0.5343860116,1.465194424,95.60485077,0.2222222222,0.01889688951,1,1,1,1,1,1,0,ACCEPT
Q_611E2480,Q_611E2480_N0004,3,611E2480,SOURCE,0,10.25874935,10.25874935,10.25101376,2.421145547,2.421145547,924.7126524,24.99859803,567.6740304,127.3837631,0.397914117,1.500829458,97.51307678,0.2371134021,0.01982108402,1,1,1,1,1,1,0,ACCEPT
Q_611E2480,Q_611E2480_N0005,4,611E2480,SOURCE,0,11.53991384,11.53991384,11.5312233,2.528916665,2.528916665,927.6630697,26.97359337,514.2083907,139.6789798,0.5177013086,1.442939361,98.38646698,0.2752293578,0.01340712448,1,1,1,1,1,1,0,ACCEPT
Q_611E2480,Q_611E2480_N0006,5,611E2480,SOURCE,0,10.11098172,10.11098172,10.10337448,2.407933963,2.407933963,918.4733486,17.68760342,432.4092729,89.0728323,0.4620527909,1.326609214,94.92845917,0,0.05131403118,1,1,1,1,1,1,0,ACCEPT
Q_611E2480,Q_611E2480_N0007,6,611E2480,CONFLUENCE,0,8.875286805,65.14010069,65.0909729,2.290035354,4.19177523,943.9030872,20.30510514,367.263989,137.2044687,0.5691963548,1.09611541,95.12272644,0.04938271605,0.06180858622,1,1,1,1,1,1,0,ACCEPT
Q_611E2480,Q_611E2480_N0008,7,611E2480,CONFLUENCE,0,8.558759997,85.23877453,85.1745224,2.257458011,4.457119897,793.0640704,18.5950556,305.1508198,102.183496,0.6452276264,1.373592973,94.11600494,0.05063291139,0.08336837679,1,1,1,1,1,1,0,ACCEPT
Q_611E2480,Q_611E2480_N0009,8,611E2480,CONFLUENCE,0,25.41202208,120.909546,120.8184509,3.273819288,4.803279343,830.6964808,18.30386369,305.6857987,113.1749325,0.5858016317,1.450737814,96.33647919,0.01271186441,0.1225422468,1,1,1,1,1,1,0,ACCEPT
Q_611E2480,Q_611E2480_N0010,9,611E2480,SOURCE,0,10.56965287,10.56965287,10.56172371,2.448385538,2.448385538,997.3413199,16.29367424,350.4407567,119.9933315,0.4159567481,1.438184241,95.27000427,0.009803921569,0.1012776831,1,1,1,1,1,1,0,ACCEPT
Q_611E2480,Q_611E2480_N0011,10,611E2480,CONFLUENCE,0,6.106183894,137.5853827,137.481781,1.960965376,4.931486617,774.8227907,15.07518361,275.3039075,86.85022143,0.7977087337,1.421993395,100.0449982,0,0.1375552283,1,1,1,1,1,1,0,ACCEPT
Q_611E2480,Q_611E2480_N0012,11,611E2480,OUTLET,1,2.667024937,140.2524077,140.1468048,1.299380689,4.950548415,804.3191138,14.80878708,210.5125878,50.05091974,0.74645908,1.443960905,94.88800049,0,0.2107227689,1,1,1,1,1,1,0,ACCEPT
Q_611E2524,Q_611E2524_N0001,0,611E2524,SOURCE,0,10.16710426,10.16710426,10.15947247,2.412972337,2.412972337,1180.643561,21.10255407,314.243598,112.0826987,0.3619093334,1.387881994,101,0.1578947368,0.0269121813,1,1,1,1,1,1,0,ACCEPT
Q_611E2524,Q_611E2524_N0002,1,611E2524,SOURCE,0,16.84251629,16.84251629,16.82987785,2.881584165,2.881584165,1046.863296,20.35647164,275.8555434,86.72138673,0.3992250954,1.38795644,98.77166748,0.1614906832,0.03709048153,1,1,1,1,1,1,0,ACCEPT
Q_611E2524,Q_611E2524_N0003,2,611E2524,CONFLUENCE,0,26.75834825,53.7679688,53.72764969,3.323536633,4.003105512,832.9151306,16.76272067,233.6157788,71.77795744,0.5824225382,1.405925413,98.75293732,0.07661290323,0.05655743221,1,1,1,1,1,1,0,ACCEPT
Q_611E2524,Q_611E2524_N0004,3,611E2524,OUTLET,1,29.95088313,83.71885192,83.65615082,3.432401533,4.43933815,953.7950242,12.79336221,197.0147732,73.89557098,0.5776897415,1.404384196,98.01853943,0.02135231317,0.09123966942,1,1,1,1,1,1,0,ACCEPT
Q_611E2550,Q_611E2550_N0001,0,611E2550,SOURCE,0,10.2611812,10.2611812,10.2536211,2.42136152,2.42136152,1154.549336,15.81903113,170.7584747,78.84573027,0.3590892796,1.083103865,108.0184631,0.04166666667,0.009118008066,1,1,1,1,1,1,0,ACCEPT
Q_611E2550,Q_611E2550_N0002,1,611E2550,SOURCE,0,13.12871071,13.12871071,13.11905861,2.648208948,2.648208948,1020.96608,15.6686342,212.5128644,78.61227078,0.4587427271,1.105128825,107.2550049,0.01612903226,0.0117147359,1,1,1,1,1,1,0,ACCEPT
Q_611E2550,Q_611E2550_N0003,2,611E2550,CONFLUENCE,0,57.13821142,80.52810334,80.46882629,4.062823131,4.400947787,1011.85784,11.94773581,131.6887155,64.83038293,0.5841623436,1.169085066,102.3610764,0.01869158879,0.03436377387,1,1,1,1,1,1,0,ACCEPT
Q_611E2550,Q_611E2550_N0004,3,611E2550,OUTLET,1,2.475283031,83.00338637,82.94228363,1.245675923,4.430857112,885.9629585,12.5509528,89.97446225,29.95992984,0.6635158881,1.446900964,93.36000061,0,0.02869596803,1,1,1,1,1,1,0,ACCEPT
Q_611E2600,Q_611E2600_N0001,0,611E2600,SOURCE,0,10.05173329,10.05173329,10.04430199,2.402587274,2.402587274,1002.674246,12.59560197,122.2441723,48.82733453,0.378424167,1.020139188,99.98536682,0.03125,0.03616830797,1,1,1,1,1,1,0,ACCEPT
Q_611E2600,Q_611E2600_N0002,1,611E2600,OUTLET,1,54.71594586,64.76767915,64.71979523,4.020266387,4.186128519,1012.277256,7.751029833,83.62078122,26.46822244,0.5310149034,1.116449455,97.90435791,0,0.03608315242,1,1,1,1,1,1,0,ACCEPT
Q_611E2620,Q_611E2620_N0001,0,611E2620,SOURCE,0,13.21116552,13.21116552,13.20124054,2.65402796,2.65402796,1085.179318,12.81810235,101.9641985,40.52538782,0.4418718704,1.201607366,96.15473938,0.03174603175,0.02077232173,1,1,1,1,1,1,0,ACCEPT
Q_611E2620,Q_611E2620_N0002,1,611E2620,SOURCE,0,10.51502483,10.51502483,10.50712872,2.443652689,2.443652689,1072.467868,6.857896225,70.08590583,17.67769933,0.4808025913,1.324168166,95.48213196,0,0.02790379183,1,1,1,1,1,1,0,ACCEPT
Q_611E2620,Q_611E2620_N0003,2,611E2620,CONFLUENCE,0,17.50732042,41.23351077,41.20254135,2.918166352,3.743214,935.8781662,6.946287792,67.48966549,19.20119581,0.5529452447,1.103049676,97.46318817,0,0.03826766794,1,1,1,1,1,1,0,ACCEPT
Q_611E2620,Q_611E2620_N0004,3,611E2620,OUTLET,1,1.318505307,42.55201608,42.52005768,0.8409227137,3.773955996,528.8744239,5.491745718,51.48366274,12.16511744,1.303392254,1.408672611,93.36000061,0,0.03961748634,1,1,1,1,1,1,0,REVIEW_COARSE_SUPPORT
Q_611E2645,Q_611E2645_N0001,0,611E2645,SOURCE,0,10.34452159,10.34452159,10.33673573,2.428734948,2.428734948,1208.8205,5.158415377,77.71131393,13.5687538,0.3200431821,1.187781056,101.1393204,0,0.2397599791,1,1,1,1,1,1,0,ACCEPT
Q_611E2645,Q_611E2645_N0002,1,611E2645,OUTLET,1,24.3315418,34.67606339,34.64999771,3.232050331,3.574479971,1090.946367,3.793883323,55.77671056,14.13001938,0.5178612552,1.146478832,103.7727203,0,0.6085862324,1,1,1,1,1,1,0,ACCEPT
Q_61205550,Q_61205550_N0001,0,61205550,SOURCE,0,10.68127438,10.68127438,10.67292881,2.457987079,2.457987079,789.698129,27.45369635,534.1281034,146.3408086,0.4502524705,1.671231012,92.75199127,0.2254901961,8.421761833e-05,1,1,1,1,1,1,0,ACCEPT
Q_61205550,Q_61205550_N0002,1,61205550,SOURCE,0,10.05948655,10.05948655,10.05164337,2.403288571,2.403288571,674.203559,25.51110281,412.4672059,143.7854981,0.6224825257,1.502465943,94.04154968,0.3085106383,0.006979865772,1,1,1,1,1,1,0,ACCEPT
Q_61205550,Q_61205550_N0003,2,61205550,CONFLUENCE,0,54.69994171,75.44070264,75.38188171,4.0199791,4.336515311,847.8023136,24.01175727,387.5682099,155.603935,0.6556988473,1.436613162,91.88265991,0.4054580897,0.02212971799,1,1,1,1,1,1,0,ACCEPT
Q_61205550,Q_61205550_N0004,3,61205550,OUTLET,1,11.93394456,87.37464721,87.30654907,2.559855217,4.481585132,1099.749498,20.23736624,210.3970182,61.2142112,0.5844312083,1.011964043,98.66999817,0.1607142857,0.05727869595,1,1,1,1,1,1,0,ACCEPT
Q_612E1800,Q_612E1800_N0001,0,612E1800,SOURCE,0,11.04198969,11.04198969,11.033885,2.488399683,2.488399683,1008.189357,20.25386065,554.7393855,184.5528084,0.4698760929,1.532073756,95.42665863,0.05555555556,0.08882918092,1,1,1,1,1,1,0,ACCEPT
Q_612E1800,Q_612E1800_N0002,1,612E1800,SOURCE,0,10.31267017,10.31267017,10.30514336,2.425923352,2.425923352,1094.601372,23.40430659,559.7295125,144.0714716,0.2588936753,1.509388328,93.64691925,0.3232323232,0.04203366181,1,1,1,1,1,1,0,ACCEPT
Q_612E1800,Q_612E1800_N0003,2,612E1800,CONFLUENCE,0,33.05601675,54.41067662,54.37086105,3.52800672,4.014772294,951.7022544,22.25092273,532.7019208,183.1885632,0.5151602476,1.534770668,93.58691406,0.1987179487,0.05199684208,1,1,1,1,1,1,0,ACCEPT
Q_612E1800,Q_612E1800_N0004,3,612E1800,OUTLET,1,33.42783906,87.83851568,87.77415466,3.538865512,4.486820291,1040.420511,22.95501265,458.4379072,193.6380264,0.459164223,1.480551302,95.47704315,0.3084415584,0.0488902058,1,1,1,1,1,1,0,ACCEPT
Q_612E1810,Q_612E1810_N0001,0,612E1810,SOURCE,0,11.544162,11.544162,11.5356102,2.529255378,2.529255378,815.9633132,15.68912434,422.3414075,49.79790011,0.5334338416,1.382218122,84.05882263,0,0.01957725606,1,1,1,1,1,1,0,ACCEPT
Q_612E1810,Q_612E1810_N0002,1,612E1810,OUTLET,1,32.22228171,43.76644371,43.73408127,3.503220787,3.801458834,928.1916235,14.98768889,317.4202265,77.51116067,0.5187704779,1.385935545,98.03475952,0,0.06236384963,1,1,1,1,1,1,0,ACCEPT
Q_612E1900,Q_612E1900_N0001,0,612E1900,SOURCE,0,13.44704155,13.44704155,13.43694592,2.670489657,2.670489657,849.8533867,29.28408383,586.3361447,140.7823981,0.5568882146,1.378480415,96.41999817,0.811023622,0.001004016064,1,1,1,1,1,1,0,ACCEPT
Q_612E1900,Q_612E1900_N0002,1,612E1900,SOURCE,0,13.3330779,13.3330779,13.32306576,2.662570006,2.662570006,1154.57047,11.38133716,299.1872178,84.40501711,0.497155588,1.293205241,75.51058197,0,0.09198893163,1,1,1,1,1,1,0,ACCEPT
Q_612E1900,Q_612E1900_N0003,2,612E1900,CONFLUENCE,0,17.38732686,44.16744631,44.13428497,2.91166167,3.810376613,950.1012745,8.367582178,295.2703703,110.2965899,0.8351922784,1.350370804,92.56135559,0.06790123457,0.2257747426,1,1,1,1,1,1,0,ACCEPT
Q_612E1900,Q_612E1900_N0004,3,612E1900,SOURCE,0,13.13472902,13.13472902,13.12489986,2.64863482,2.64863482,1029.809864,28.09370364,700.289762,250.6975277,0.4516352505,1.497675061,92.02055359,0.856,0.009171800137,1,1,1,1,1,1,0,ACCEPT
Q_612E1900,Q_612E1900_N0005,4,612E1900,SOURCE,0,13.29776391,13.29776391,13.28783512,2.660103155,2.660103155,1128.085741,26.21150003,795.2344302,338.4271058,0.4352172925,1.364077886,94.66333008,0.4920634921,0.00995328052,1,1,1,1,1,1,0,ACCEPT
Q_612E1900,Q_612E1900_N0006,5,612E1900,CONFLUENCE,0,32.78270023,59.21519316,59.17092133,3.519948844,4.097924699,912.3692393,26.1579247,484.3196368,155.4925489,0.6491525784,1.167179664,98.61452484,0.4448160535,0.01483883378,1,1,1,1,1,1,0,ACCEPT
Q_612E1900,Q_612E1900_N0007,6,612E1900,OUTLET,1,47.19772263,150.5803621,150.4675751,3.875311772,5.021115927,1064.641934,15.54071633,324.1067543,103.6193949,0.5649216818,1.160285433,96.72467804,0.2366071429,0.1190535207,1,1,1,1,1,1,0,ACCEPT
Q_612E1950,Q_612E1950_N0001,0,612E1950,SOURCE,0,10.79357944,10.79357944,10.78563118,2.467555268,2.467555268,1035.19114,15.62286851,385.2328902,143.3898551,0.5751007398,1.144722064,96.06845093,0,0.08162243365,1,1,1,1,1,1,0,ACCEPT
Q_612E1950,Q_612E1950_N0002,1,612E1950,SOURCE,0,13.60213718,13.60213718,13.59214973,2.6811679,2.6811679,1437.050064,20.15494193,579.8381688,200.0707892,0.361510216,1.531563719,92.96263123,0,0.02915316983,1,1,1,1,1,1,0,ACCEPT
Q_612E1950,Q_612E1950_N0003,2,612E1950,SOURCE,0,13.20300694,13.20300694,13.19333172,2.653453699,2.653453699,905.8451536,26.53007452,686.9010287,187.8104366,0.4838458557,1.595870952,93.28646851,0.4921875,0.01172860552,1,1,1,1,1,1,0,ACCEPT
Q_612E1950,Q_612E1950_N0004,3,612E1950,CONFLUENCE,0,13.94369077,40.7488349,40.71893311,2.704289189,3.731671544,1207.166225,22.73879386,566.5908977,258.2073646,0.5500839439,1.471842746,93.78110504,0.375,0.04507296913,1,1,1,1,1,1,0,ACCEPT
Q_612E1950,Q_612E1950_N0005,4,612E1950,CONFLUENCE,0,36.45053225,87.99294658,87.92823792,3.623020922,4.488557115,1007.356712,18.65504926,411.9118455,179.000484,0.6238467428,1.238730927,97.02081299,0.2238372093,0.07244623324,1,1,1,1,1,1,0,ACCEPT
Q_612E1950,Q_612E1950_N0006,5,612E1950,OUTLET,1,2.353798811,90.34674539,90.28030396,1.210093677,4.514662654,842.3538138,13.35881262,246.3118705,24.20798444,0.647145789,1.277393123,94.31249237,0,0.1110263258,1,1,1,1,1,1,0,ACCEPT
Q_612E2390,Q_612E2390_N0001,0,612E2390,SOURCE,0,13.49488865,13.49488865,13.48444748,2.67379608,2.67379608,801.7476595,25.8821079,734.5894185,117.1329881,0.5501858058,1.619599581,90.55187988,0.6717557252,0.003739565943,1,1,1,1,1,1,0,ACCEPT
Q_612E2390,Q_612E2390_N0002,1,612E2390,SOURCE,0,10.28445615,10.28445615,10.27651024,2.423426217,2.423426217,1073.315656,26.73239702,715.5318012,95.11012635,0.2980409787,1.621529023,90.32846069,0.9072164948,0.002622148414,1,1,1,1,1,1,0,ACCEPT
Q_612E2390,Q_612E2390_N0003,2,612E2390,CONFLUENCE,0,32.01547062,55.79481542,55.75169373,3.496976258,4.039445044,828.2467149,28.67415691,627.5895942,144.3170272,0.5835614927,1.648902774,91.89022064,0.9197324415,0.003318521852,1,1,1,1,1,1,0,ACCEPT
Q_612E2390,Q_612E2390_N0004,3,612E2390,SOURCE,0,17.43177006,17.43177006,17.41835403,2.91407581,2.91407581,951.0212078,26.43867229,586.519313,93.26421285,0.4438445821,1.685199281,92.29000092,0.7454545455,0.008060765773,1,1,1,1,1,1,0,ACCEPT
Q_612E2390,Q_612E2390_N0005,4,612E2390,SOURCE,0,12.11515755,12.11515755,12.10582161,2.573768626,2.573768626,896.9458458,29.1278933,809.8987262,160.4305647,0.4112196711,1.529784103,89.07249451,0.814159292,0.001263846554,1,1,1,1,1,1,0,ACCEPT
Q_612E2390,Q_612E2390_N0006,5,612E2390,CONFLUENCE,0,3.094621956,32.64154957,32.61641312,1.409674395,3.515761897,395.292121,31.62850169,584.2694035,120.7272574,1.162081515,1.647221347,93.36800385,0.962962963,0.001742666279,1,1,1,1,1,1,0,ACCEPT
Q_612E2390,Q_612E2390_N0007,6,612E2390,CONFLUENCE,0,25.50794383,113.9443088,113.856369,3.277444455,4.74444774,861.8235883,29.94444132,640.1396796,202.8918801,0.6066829005,1.643218795,92.05236053,0.8765432099,0.00331909184,1,1,1,1,1,1,0,ACCEPT
Q_612E2390,Q_612E2390_N0008,7,612E2390,OUTLET,1,17.12040768,131.0647165,130.9635925,2.897038799,4.883292079,1113.902983,25.40754328,418.6002178,118.5474382,0.5186228229,1.663135091,93.36799622,0.5159235669,0.02621762202,1,1,1,1,1,1,0,ACCEPT
Q_612E2460,Q_612E2460_N0001,0,612E2460,SOURCE,0,10.32880775,10.32880775,10.32074451,2.42734884,2.42734884,1024.851258,27.30861014,559.0722207,118.3569854,0.3497764438,1.664799074,92.34500885,0.1632653061,0.001045842775,1,1,1,1,1,1,0,ACCEPT
Q_612E2460,Q_612E2460_N0002,1,612E2460,SOURCE,0,14.15758836,14.15758836,14.1465435,2.718501288,2.718501288,935.469902,25.78540595,541.0045765,127.1234597,0.4008807859,1.635321975,91.8089447,0.5597014925,0.001526038024,1,1,1,1,1,1,0,ACCEPT
Q_612E2460,Q_612E2460_N0003,2,612E2460,SOURCE,0,10.07910039,10.07910039,10.07126713,2.405060486,2.405060486,1006.287275,26.98862742,368.6732868,111.0747934,0.4239610856,1.596355875,93.6906662,0.5869565217,0.001070663812,1,1,1,1,1,1,0,ACCEPT
Q_612E2460,Q_612E2460_N0004,3,612E2460,CONFLUENCE,0,21.96268844,46.19937719,46.16340637,3.133870657,3.854380697,769.9128885,27.73876294,403.1321213,140.180581,0.5876637693,1.433696091,94.83537292,0.5436893204,0.00319685233,1,1,1,1,1,1,0,ACCEPT
Q_612E2460,Q_612E2460_N0005,4,612E2460,CONFLUENCE,0,33.19514959,89.72333453,89.6534729,3.532083809,4.507814596,877.6066798,25.30696346,376.6728714,142.2843024,0.5703992089,1.429210305,95.41303253,0.4049844237,0.01141694915,1,1,1,1,1,1,0,ACCEPT
Q_612E2460,Q_612E2460_N0006,5,612E2460,SOURCE,0,10.04289476,10.04289476,10.03509521,2.401787213,2.401787213,975.6604854,20.64998619,305.2650373,140.6173257,0.4378613256,1.277006706,96.0991745,0.2580645161,0.03796561605,1,1,1,1,1,1,0,ACCEPT
Q_612E2460,Q_612E2460_N0007,6,612E2460,CONFLUENCE,0,9.531300281,109.2975296,109.2124786,2.354351802,4.703181529,1098.371598,15.29479168,198.2465533,82.25621137,0.5151536973,1.188133816,96.76307678,0.06666666667,0.1281954533,1,1,1,1,1,1,0,ACCEPT
Q_612E2460,Q_612E2460_N0008,7,612E2460,OUTLET,1,5.754323355,115.0518529,114.9623413,1.910182797,4.754037099,1001.427071,20.80423259,203.0658112,75.1270931,0.6385563446,1.127854904,97.83874512,0.1851851852,0.03486009067,1,1,1,1,1,1,0,ACCEPT
Q_612E2600,Q_612E2600_N0001,0,612E2600,SOURCE,0,11.41300572,11.41300572,11.40421009,2.518744772,2.518744772,982.5381852,28.20455246,354.3396513,118.0872691,0.3652378484,1.438374718,94.46250153,0.5909090909,0.01136094675,1,1,1,1,1,1,0,ACCEPT
Q_612E2600,Q_612E2600_N0002,1,612E2600,SOURCE,0,12.75345377,12.75345377,12.7436533,2.621289976,2.621289976,811.7179954,27.72015692,459.7837346,96.29620026,0.5360984491,1.587569912,92.67501068,0.6363636364,0.0009181439367,1,1,1,1,1,1,0,ACCEPT
Q_612E2600,Q_612E2600_N0003,2,612E2600,SOURCE,0,10.21437634,10.21437634,10.20656013,2.417196557,2.417196557,949.3482871,28.37053026,603.6761452,131.6486952,0.4018511501,1.601616959,90.77999878,0.2395833333,0.001233588862,1,1,1,1,1,1,0,ACCEPT
Q_612E2600,Q_612E2600_N0004,3,612E2600,SOURCE,0,10.1866034,10.1866034,10.1788187,2.414716938,2.414716938,975.841928,27.10838238,526.2851147,89.83016472,0.4642626908,1.615436792,92.86750031,0.6315789474,0.001590808661,1,1,1,1,1,1,0,ACCEPT
Q_612E2600,Q_612E2600_N0005,4,612E2600,CONFLUENCE,0,18.91149934,39.31247908,39.28241348,2.991297421,3.696661075,1007.370618,27.08431726,500.2485461,121.5306929,0.560013766,1.558587511,92.86749268,0.4888888889,0.006470952086,1,1,1,1,1,1,0,ACCEPT
Q_612E2600,Q_612E2600_N0006,5,612E2600,CONFLUENCE,0,77.7530114,129.8189442,129.7193146,4.366316517,4.873814262,880.5224932,27.61994799,396.9723273,140.5402738,0.5950903066,1.427922706,94.17098236,0.4795640327,0.01636574074,1,1,1,1,1,1,0,ACCEPT
Q_612E2600,Q_612E2600_N0007,6,612E2600,CONFLUENCE,0,12.56560603,153.797556,153.6794434,2.607537621,5.042118173,794.2695245,22.24514171,227.512424,75.64662186,0.7661395121,1.092692057,97.21176147,0.1551724138,0.02991269501,1,1,1,1,1,1,0,ACCEPT
Q_612E2600,Q_612E2600_N0008,7,612E2600,OUTLET,1,0.218836215,154.0163922,153.8981171,0.1978964813,5.043530868,447.9069858,7.513760205,136.0049512,27.30486879,1.337696025,1.052770634,98.66999817,0,0.3733905579,1,1,1,1,1,1,0,REVIEW_COARSE_SUPPORT
Q_612E2820,Q_612E2820_N0001,0,612E2820,SOURCE,0,12.40451302,12.40451302,12.39492893,2.595591443,2.595591443,909.6553176,26.70927161,457.4564366,143.5434215,0.5423984499,1.397468726,95.26646423,0.4273504274,0.0008718395815,1,1,1,1,1,1,0,ACCEPT
Q_612E2820,Q_612E2820_N0002,1,612E2820,SOURCE,0,11.71264947,11.71264947,11.70361042,2.542597519,2.542597519,918.6911697,25.40476439,384.9204441,175.3104266,0.5376773451,1.397859116,94.88287354,0.009345794393,0.01873896014,1,1,1,1,0.9333333333,1,0,ACCEPT
Q_612E2820,Q_612E2820_N0003,2,612E2820,SOURCE,0,14.73942721,14.73942721,14.72805691,2.756168851,2.756168851,1009.352569,28.80578152,410.7452951,154.057387,0.4964843383,1.188866695,97.39632416,0.1678832117,0.01057004949,1,1,1,1,1,1,0,ACCEPT
Q_612E2820,Q_612E2820_N0004,3,612E2820,SOURCE,0,11.44741606,11.44741606,11.43861866,2.521513056,2.521513056,1044.647005,27.94557137,487.6421184,132.4141974,0.4475846246,1.578034699,94.17570496,0.5462962963,0,1,1,1,1,1,1,0,ACCEPT
Q_612E2820,Q_612E2820_N0005,4,612E2820,SOURCE,0,10.277452,10.277452,10.26955605,2.422805334,2.422805334,1142.126386,26.78869922,377.664696,92.17975114,0.3071442301,1.314621548,96.43070984,0.170212766,0.01637048061,1,1,1,1,1,1,0,ACCEPT
Q_612E2820,Q_612E2820_N0006,5,612E2820,SOURCE,0,10.80004808,10.80004808,10.79175949,2.468103606,2.468103606,1023.690743,24.86169219,359.339078,131.4567194,0.3819519882,1.374691367,95.21284485,0.1238095238,0.03764784275,1,1,1,1,1,1,0,ACCEPT
Q_612E2820,Q_612E2820_N0007,6,612E2820,CONFLUENCE,0,17.60521041,38.68271048,38.65297318,2.923441671,3.680915589,922.5204543,26.50934267,331.017185,117.1708088,0.5723245353,1.258910159,96.71620178,0.05389221557,0.02453109828,1,1,1,1,1,1,0,ACCEPT
Q_612E2820,Q_612E2820_N0008,7,612E2820,CONFLUENCE,0,19.74187548,73.16401317,73.10771179,3.032154627,4.306279035,824.3708241,23.90923287,289.8731752,115.5509921,0.7200213007,1.172718505,97.05667877,0.06417112299,0.04839371155,1,1,1,1,0.9642857143,1,0,ACCEPT
Q_612E2820,Q_612E2820_N0009,8,612E2820,CONFLUENCE,0,11.37646825,96.25313089,96.17903137,2.515796948,4.577317176,1061.896267,22.74083528,251.3775805,85.73381623,0.4711346117,1.180960735,96.73400116,0.2110091743,0.009897070467,1,1,1,1,0.7142857143,1,0,ACCEPT
Q_612E2820,Q_612E2820_N0010,9,612E2820,CONFLUENCE,0,7.594487497,115.2950344,115.2062912,2.151121009,4.756130363,791.9201653,23.71468768,295.6742135,121.4029932,0.8099058317,1.226227899,97.05667114,0.2361111111,0.00568855179,1,1,1,1,0.9,1,0,ACCEPT
Q_612E2820,Q_612E2820_N0011,10,612E2820,CONFLUENCE,0,19.23876282,146.9383103,146.8251495,3.007599717,4.996795365,934.605238,22.21179522,277.2390691,122.5044721,0.5293257243,1.099915147,98.11153412,0.2722222222,0.01323171872,1,1,1,1,0.9285714286,1,0,ACCEPT
Q_612E2820,Q_612E2820_N0012,11,612E2820,OUTLET,1,30.10286755,177.0411778,176.9047699,3.437300019,5.18201486,1184.955266,16.85554488,200.2704059,110.3644646,0.4846114486,1.064133575,97.61974335,0.04195804196,0.04789254839,1,1,1,1,1,1,0,ACCEPT
Q_61304550,Q_61304550_N0001,0,61304550,SOURCE,0,12.83101878,12.83101878,12.82220459,2.626913807,2.626913807,1054.952579,19.88455544,473.464094,72.61683327,0.3762723491,1.539573749,93.90176392,0.2820512821,0.0008412787437,1,1,1,1,1,1,0,ACCEPT
Q_61304550,Q_61304550_N0002,1,61304550,OUTLET,1,3.816987855,16.64800663,16.63656998,1.572148806,2.870622838,577.8515571,20.97376173,445.8126209,97.62555621,0.7984678089,1.266901354,96.73399353,0.1315789474,0.006611570248,1,1,1,1,1,1,0,ACCEPT
Q_61309200,Q_61309200_N0001,0,61309200,SOURCE,0,10.63932741,10.63932741,10.6316452,2.454389658,2.454389658,951.8472247,27.02526503,1000.534872,157.3370023,0.2838594854,1.52008905,89.60307312,0.4158415842,0.01980030462,1,1,1,1,1,1,0,ACCEPT
Q_61309200,Q_61309200_N0002,1,61309200,OUTLET,1,20.25116821,30.89049562,30.86815453,3.056411869,3.462308022,846.5721973,20.09248937,735.6582337,131.9029784,0.6268868062,1.496596972,91.70518494,0.04787234043,0.02709906708,1,1,1,1,1,1,0,ACCEPT
Q_61310900,Q_61310900_N0001,0,61310900,SOURCE,0,10.13162983,10.13162983,10.12412167,2.40979059,2.40979059,963.5152308,18.54525641,734.0215795,94.35362538,0.53989399,1.585418105,92.05308533,0.4623655914,0.00248712027,1,1,1,1,1,1,0,ACCEPT
Q_61310900,Q_61310900_N0002,1,61310900,SOURCE,0,10.04302006,10.04302006,10.03558922,2.401798559,2.401798559,927.2506855,19.96844789,594.3680662,139.9348327,0.4756904559,1.540156623,92.94714355,0.2553191489,0.01021871639,1,1,1,1,1,1,0,ACCEPT
Q_61310900,Q_61310900_N0003,2,61310900,SOURCE,0,11.05069011,11.05069011,11.04254532,2.489121929,2.489121929,873.958397,22.32596411,635.0917416,117.36189,0.4784375088,1.550041099,92.90600586,0.504950495,0.006998697917,1,1,1,1,1,1,0,ACCEPT
Q_61310900,Q_61310900_N0004,3,61310900,CONFLUENCE,0,22.79249203,43.8862022,43.85378265,3.16937007,3.804130447,1036.637633,20.15525272,535.6361699,149.2193218,0.5750062413,1.463939905,93.82200623,0.2405660377,0.006552976472,1,1,1,1,1,1,0,ACCEPT
Q_61310900,Q_61310900_N0005,4,61310900,OUTLET,1,21.85756494,75.87539697,75.81926727,3.129282132,4.34218589,889.3599358,13.950347,346.1028708,123.7963161,0.5900391467,1.303576171,95.71240234,0.1596244131,0.03107996702,1,1,1,1,1,1,0,ACCEPT
Q_613E2810,Q_613E2810_N0001,0,613E2810,SOURCE,0,10.61605994,10.61605994,10.60749817,2.452388618,2.452388618,924.8658514,16.35251872,211.870394,49.84807255,0.6031120934,1.39601479,95.35124969,0.1057692308,0.007547489824,1,1,1,1,1,1,0,ACCEPT
Q_613E2810,Q_613E2810_N0002,1,613E2810,SOURCE,0,11.01224091,11.01224091,11.00335407,2.485926206,2.485926206,1178.182469,15.90128405,158.8744537,39.49338888,0.4118345465,1.335861663,92.99571228,0.04716981132,0.01216723828,1,1,1,1,1,1,0,ACCEPT
Q_613E2810,Q_613E2810_N0003,2,613E2810,CONFLUENCE,0,4.408803401,26.03710425,26.01610184,1.688027886,3.297210154,752.9714372,12.77043967,142.4536945,40.81372807,1.032830239,1.024757783,89.41165924,0.2820512821,0.02798202614,1,1,1,1,1,1,0,ACCEPT
Q_613E2810,Q_613E2810_N0004,3,613E2810,SOURCE,0,10.02558734,10.02558734,10.01751137,2.400218693,2.400218693,1227.671674,12.56133249,116.8767118,18.99990816,0.4165031416,1.338562687,89.99308014,0,0.00968175706,1,1,1,1,1,1,0,ACCEPT
Q_613E2810,Q_613E2810_N0005,4,613E2810,SOURCE,0,10.25108997,10.25108997,10.242836,2.42046501,2.42046501,920.6185226,17.22284938,183.4698167,53.20724839,0.6887124538,1.300815662,89.6333313,0.3,0.005976445773,1,1,1,1,1,1,0,ACCEPT
Q_613E2810,Q_613E2810_N0006,5,613E2810,CONFLUENCE,0,17.87960511,54.16779934,54.12416077,2.938082245,4.010379438,1058.983328,11.87062662,116.8112245,30.61183381,0.6704411034,1.309567074,79.3092041,0.1212121212,0.02616878869,1,1,1,1,1,1,0,ACCEPT
Q_613E2810,Q_613E2810_N0007,6,613E2810,SOURCE,0,10.13183503,10.13183503,10.12368202,2.409809025,2.409809025,1193.253397,11.33006826,114.6573991,30.15081053,0.5066240325,1.325203141,81.1692276,0.0306122449,0.01226121724,1,1,1,1,1,1,0,ACCEPT
Q_613E2810,Q_613E2810_N0008,7,613E2810,CONFLUENCE,0,2.378016301,66.67765067,66.62394714,1.217288644,4.214756002,553.1293957,6.837103959,83.58740806,11.3814301,1.05314296,1.437719365,93.36000824,0,0.07404608991,1,1,1,1,1,1,0,ACCEPT
Q_613E2810,Q_613E2810_N0009,8,613E2810,CONFLUENCE,0,32.73526776,109.4385058,109.3504105,3.518543811,4.704458857,1031.473782,8.566679528,88.50116636,18.65955805,0.660090597,1.303090731,90.59767914,0,0.02860128706,1,1,1,1,1,1,0,ACCEPT
Q_613E2810,Q_613E2810_N0010,9,613E2810,SOURCE,0,10.25054732,10.25054732,10.2423315,2.420416778,2.420416778,1320.310309,9.186509294,89.09341285,13.25154419,0.2157596783,1.130256315,104.4958267,0,0.01263712154,1,1,1,1,1,1,0,ACCEPT
Q_613E2810,Q_613E2810_N0011,10,613E2810,CONFLUENCE,0,65.35767262,185.0467257,184.8980103,4.195059393,5.225997856,1031.668392,7.769633889,75.53971823,17.49390281,0.5842086028,1.251380106,98.78967285,0.004823151125,0.04884127618,1,1,1,1,1,1,0,ACCEPT
Q_613E2810,Q_613E2810_N0012,11,613E2810,OUTLET,1,3.362402636,188.4091283,188.2577209,1.473022969,5.243909376,1087.002389,5.344665933,59.54536749,16.08767029,0.9552680872,1.439506133,93.36000824,0,0.1307137129,1,1,1,1,1,1,0,ACCEPT
Q_613E2870,Q_613E2870_N0001,0,613E2870,SOURCE,0,11.36825817,11.36825817,11.35902214,2.515133365,2.515133365,912.1851827,20.04736542,424.353108,74.81807777,0.4415698022,1.394497375,94.61284637,0,0.01272727273,1,1,1,1,1,1,0,ACCEPT
Q_613E2870,Q_613E2870_N0002,1,613E2870,SOURCE,0,10.01499517,10.01499517,10.00687313,2.399257542,2.399257542,906.4926799,21.70512009,368.0562828,80.84259215,0.5090502928,1.284098705,97.4708252,0.1595744681,0.01005205529,1,1,1,1,1,1,0,ACCEPT
Q_613E2870,Q_613E2870_N0003,2,613E2870,CONFLUENCE,0,16.73485854,38.11811188,38.08718491,2.875532112,3.666585579,1030.932356,18.80028129,327.4154873,60.16783787,0.6351908084,1.381724477,95.26651764,0.1974522293,0.02761330606,1,1,1,1,1,1,0,ACCEPT
Q_613E2870,Q_613E2870_N0004,3,613E2870,SOURCE,0,11.425141,11.425141,11.41588402,2.51972192,2.51972192,885.3018301,17.31967009,185.9633936,80.10555729,0.5986117382,1.291692197,96.23412323,0.2222222222,0.02267537989,1,1,1,1,1,1,0,ACCEPT
Q_613E2870,Q_613E2870_N0005,4,613E2870,SOURCE,0,15.90269179,15.90269179,15.8898325,2.827472887,2.827472887,863.0486854,21.39283753,307.3961986,54.8479389,0.558280164,1.422049085,94.63523865,0.357615894,0.02839687747,1,1,1,1,1,1,0,ACCEPT
Q_613E2870,Q_613E2870_N0006,5,613E2870,SOURCE,0,10.04410973,10.04410973,10.03599834,2.401897229,2.401897229,783.5545161,24.66928346,375.3804724,115.846894,0.618434998,1.014197876,100.6306992,0.4842105263,0.007347011916,1,1,1,1,1,1,0,ACCEPT
Q_613E2870,Q_613E2870_N0007,6,613E2870,CONFLUENCE,0,20.52384868,46.47065019,46.43306732,3.069161561,3.860111629,975.7103687,22.79747131,278.8618049,75.18095165,0.636239317,1.417464991,94.69407654,0.3080808081,0.01711276876,1,1,1,1,1,1,0,ACCEPT
Q_613E2870,Q_613E2870_N0008,7,613E2870,CONFLUENCE,0,9.411014301,93.99977637,93.92364502,2.342864313,4.553874538,807.5378357,22.48085979,240.5643195,75.48618435,0.7636178945,1.390519222,95.13856506,0.1666666667,0.02076753756,1,1,1,1,1,1,0,ACCEPT
Q_613E2870,Q_613E2870_N0009,8,613E2870,SOURCE,0,11.02736414,11.02736414,11.018466,2.487184399,2.487184399,965.5295603,18.48833903,236.7551678,66.84439969,0.3962621739,1.16601483,96.67874908,0.2815533981,0.01035044825,1,1,1,1,1,1,0,ACCEPT
Q_613E2870,Q_613E2870_N0010,9,613E2870,CONFLUENCE,0,37.73838938,142.7655299,142.6499786,3.656831082,4.968183708,892.4647373,20.97585996,218.1205607,90.87670128,0.6386380959,1.310237467,95.46063995,0.217877095,0.01867531662,1,1,1,1,1,1,0,ACCEPT
Q_613E2870,Q_613E2870_N0011,10,613E2870,CONFLUENCE,0,3.724038053,157.9147089,157.7868805,1.552663954,5.068367637,733.7290978,14.15918919,115.929196,35.92462739,0.9243110292,1.414535065,93.43832397,0,0.06185068857,1,1,1,1,1,1,0,ACCEPT
Q_613E2870,Q_613E2870_N0012,11,613E2870,OUTLET,1,13.47809745,171.3928064,171.2540588,2.672636987,5.149775631,884.1554912,16.88380115,146.596178,70.85302846,0.6651174528,1.409392933,92.64058685,0.078125,0.03684667245,1,1,1,1,1,1,0,ACCEPT
Q_61402050,Q_61402050_N0001,0,61402050,SOURCE,0,10.0954423,10.0954423,10.08712387,2.40653442,2.40653442,1019.892035,27.65017586,901.6423641,191.842302,0.3114596447,1.464182278,88.78153992,0.8315789474,0.001782372338,1,1,1,1,1,1,0,ACCEPT
Q_61402050,Q_61402050_N0002,1,61402050,SOURCE,0,10.17661779,10.17661779,10.16827202,2.413823899,2.413823899,877.1114286,25.84693638,674.4551968,189.7204039,0.5430309754,1.61050715,72.96231079,0.7916666667,0.02915967129,1,1,1,1,1,1,0,ACCEPT
Q_61402050,Q_61402050_N0003,2,61402050,SOURCE,0,12.9527526,12.9527526,12.94213963,2.635676808,2.635676808,1037.600278,23.66688204,843.8898007,131.6833623,0.3481350267,1.578829527,90.13555145,0.6209677419,0.02334305961,1,1,1,1,1,1,0,ACCEPT
Q_61402050,Q_61402050_N0004,3,61402050,CONFLUENCE,0,48.29218547,71.34038037,71.28177643,3.897765559,4.281382485,864.348122,26.67027391,830.9340903,169.9681131,0.5765924392,1.51725775,89.51750946,0.9200863931,0.004287045666,1,1,1,1,1,1,0,ACCEPT
Q_61402050,Q_61402050_N0005,4,61402050,SOURCE,0,10.08872769,10.08872769,10.08046246,2.405929069,2.405929069,859.4180027,24.9152384,716.3347103,118.3393704,0.4365015629,1.563145399,91.83666992,0.2574257426,0.01274850673,1,1,1,1,1,1,0,ACCEPT
Q_61402050,Q_61402050_N0006,5,61402050,CONFLUENCE,0,46.60986857,128.0389766,127.933815,3.863040063,4.860114503,1006.113875,26.3738304,685.598311,193.6199538,0.5725727545,1.595862289,80.74359894,0.7399103139,0.02898075029,1,1,1,1,1,1,0,ACCEPT
Q_61402050,Q_61402050_N0007,6,61402050,CONFLUENCE,0,0.8073102904,139.0229047,138.9087372,0.5918397127,4.941806014,399.0516744,4.631038104,337.2812105,12.34830682,1.911055991,1.555575907,77.06999969,0,0.6064301552,1,1,1,1,1,1,0,REVIEW_COARSE_SUPPORT
Q_61402050,Q_61402050_N0008,7,61402050,OUTLET,1,6.195944411,145.2188491,145.0995789,1.973517591,4.985104466,850.6890362,18.95928698,680.1901181,243.3000524,0.6716062004,1.416832348,81.5357132,0.186440678,0.1283724978,1,1,1,1,1,1,0,ACCEPT
Q_62306134,Q_62306134_N0001,0,62306134,SOURCE,0,10.32356547,10.32356547,10.31698322,2.426885994,2.426885994,1199.254945,20.76156877,633.6341146,163.3898083,0.3631845731,1.72871846,97.72000122,0.4791666667,0.006288758844,1,1,1,1,1,1,0,ACCEPT
Q_62306134,Q_62306134_N0002,1,62306134,SOURCE,0,10.02338034,10.02338034,10.01699829,2.400018503,2.400018503,987.1610204,21.53926162,623.9339688,114.0713021,0.3203628962,1.639685929,108.5614395,0.5434782609,0.005840596639,1,1,1,1,1,1,0,ACCEPT
Q_62306134,Q_62306134_N0003,2,62306134,SOURCE,0,10.29544552,10.29544552,10.28889751,2.424399593,2.424399593,1100.824413,26.59315751,843.6760161,193.4189734,0.3502930926,1.690167824,92.40571594,0.9072164948,0.002361998075,1,1,1,1,1,1,0,ACCEPT
Q_62306134,Q_62306134_N0004,3,62306134,SOURCE,0,20.59460464,20.59460464,20.58152771,3.072443498,3.072443498,930.8891534,20.75339194,727.892796,118.2911711,0.5118501332,1.734664917,101.4543915,0.5473684211,0.002054016257,1,1,1,1,1,1,0,ACCEPT
Q_62306134,Q_62306134_N0005,4,62306134,SOURCE,0,10.01137979,10.01137979,10.00502491,2.398929264,2.398929264,847.2429137,27.64609876,1092.425561,200.6501403,0.3867966972,1.684196353,91.52000427,0.5217391304,0,1,1,1,1,1,1,0,ACCEPT
Q_62306134,Q_62306134_N0006,5,62306134,CONFLUENCE,0,16.50256316,47.10854759,47.07863998,2.862347337,3.873459866,816.5994473,21.84228522,743.8832081,223.2920265,0.7017589035,1.679956933,94.5265274,0.6709677419,0.006047728016,1,1,1,1,1,1,0,ACCEPT
Q_62306134,Q_62306134_N0007,6,62306134,CONFLUENCE,0,9.359311443,66.76330456,66.72089386,2.337885772,4.216020818,1003.885768,19.36996703,562.8521047,120.8678692,0.5431684068,1.639501135,100.390007,0.1511627907,0.01781587057,1,1,1,1,1,1,0,ACCEPT
Q_62306134,Q_62306134_N0008,7,62306134,CONFLUENCE,0,12.73736567,89.52405056,89.4671402,2.620119541,4.505615567,690.924402,18.86800613,499.578542,106.1937744,0.7241086031,1.308106045,100.2853928,0.4700854701,0.01561727086,1,1,1,1,1,1,0,ACCEPT
Q_62306134,Q_62306134_N0009,8,62306134,CONFLUENCE,0,3.495180354,103.3427964,103.2770767,1.50300579,4.647681598,545.9768705,13.8411579,417.638802,76.98872638,1.044484598,1.192963084,99.71999359,0.28125,0.1107133725,1,1,1,1,1,1,0,ACCEPT
Q_62306134,Q_62306134_N0010,9,62306134,OUTLET,1,8.087594698,111.4303911,111.3595047,2.206910263,4.722334284,781.1109466,19.2118066,505.7945283,112.5955434,0.4348721232,1.268776615,99.9825058,0.6578947368,0.03032668079,1,1,1,1,1,1,0,ACCEPT
