GRAPH_ID,STATION_ID,EVENT_ID,SPLIT,TARGET_HOUR_COUNT,MIN_Z,MAX_Z,MEDIAN_Z,TRAIN_EVENT_COUNT,TRAIN_MEDIAN_Q1,TRAIN_MEDIAN_Q3,TRAIN_MEDIAN_IQR,TRAIN_OUTER_FENCE_LOW,TRAIN_OUTER_FENCE_HIGH,OUTSIDE_TRAIN_OUTER_FENCE,QC_STATUS,QC_REASON,ACTION,MASKED_SOURCE_ROW_COUNT
B008,611E1460,B008_F0001,TRAIN,69,141.61,142.07,141.78,25,141.335,141.735,0.4,140.135,142.935,0,OK,NONE,NONE,0
B008,611E1460,B008_F0002,TRAIN,40,141.72,142.07,141.83,25,141.335,141.735,0.4,140.135,142.935,0,OK,NONE,NONE,0
B008,611E1460,B008_F0003,TRAIN,57,141.92,142.62,142.09,25,141.335,141.735,0.4,140.135,142.935,0,OK,NONE,NONE,0
B008,611E1460,B008_F0004,TRAIN,12,141.32,141.58,141.32,25,141.335,141.735,0.4,140.135,142.935,0,OK,NONE,NONE,0
B008,611E1460,B008_F0005,TRAIN,11,141.32,141.43,141.33,25,141.335,141.735,0.4,140.135,142.935,0,OK,NONE,NONE,0
B008,611E1460,B008_F0006,TRAIN,52,141.31,141.66,141.5,25,141.335,141.735,0.4,140.135,142.935,0,OK,NONE,NONE,0
B008,611E1460,B008_F0007,TRAIN,66,141.72,142.07,141.81,25,141.335,141.735,0.4,140.135,142.935,0,OK,NONE,NONE,0
B008,611E1460,B008_F0008,TRAIN,66,141.33,141.71,141.52,25,141.335,141.735,0.4,140.135,142.935,0,OK,NONE,NONE,0
B008,611E1460,B008_F0009,TRAIN,24,141.61,141.84,141.735,25,141.335,141.735,0.4,140.135,142.935,0,OK,NONE,NONE,0
B008,611E1460,B008_F0010,TRAIN,81,141.32,141.85,141.54,25,141.335,141.735,0.4,140.135,142.935,0,OK,NONE,NONE,0
B008,611E1460,B008_F0011,TRAIN,58,141.31,141.53,141.335,25,141.335,141.735,0.4,140.135,142.935,0,OK,NONE,NONE,0
B008,611E1460,B008_F0012,TRAIN,20,141.29,141.46,141.345,25,141.335,141.735,0.4,140.135,142.935,0,OK,NONE,NONE,0
B008,611E1460,B008_F0013,TRAIN,40,141.32,142.08,141.425,25,141.335,141.735,0.4,140.135,142.935,0,OK,NONE,NONE,0
B008,611E1460,B008_F0014,TRAIN,20,141.3,141.42,141.33,25,141.335,141.735,0.4,140.135,142.935,0,OK,NONE,NONE,0
B008,611E1460,B008_F0015,TRAIN,14,141.29,141.4,141.33,25,141.335,141.735,0.4,140.135,142.935,0,OK,NONE,NONE,0
B008,611E1460,B008_F0016,TRAIN,44,141.29,141.39,141.33,25,141.335,141.735,0.4,140.135,142.935,0,OK,NONE,NONE,0
B008,611E1460,B008_F0017,TRAIN,24,141.32,141.86,141.38,25,141.335,141.735,0.4,140.135,142.935,0,OK,NONE,NONE,0
B008,611E1460,B008_F0018,TRAIN,17,141.29,141.45,141.35,25,141.335,141.735,0.4,140.135,142.935,0,OK,NONE,NONE,0
B008,611E1460,B008_F0019,TRAIN,18,141.3,141.42,141.34,25,141.335,141.735,0.4,140.135,142.935,0,OK,NONE,NONE,0
B008,611E1460,B008_F0020,TRAIN,19,141.32,141.41,141.33,25,141.335,141.735,0.4,140.135,142.935,0,OK,NONE,NONE,0
B008,611E1460,B008_F0021,TRAIN,55,141.39,141.51,141.47,25,141.335,141.735,0.4,140.135,142.935,0,OK,NONE,NONE,0
B008,611E1460,B008_F0022,TRAIN,35,141.4,141.53,141.47,25,141.335,141.735,0.4,140.135,142.935,0,OK,NONE,NONE,0
B008,611E1460,B008_F0023,TRAIN,97,141.69,141.9,141.79,25,141.335,141.735,0.4,140.135,142.935,0,OK,NONE,NONE,0
B008,611E1460,B008_F0024,TRAIN,26,141.75,141.9,141.805,25,141.335,141.735,0.4,140.135,142.935,0,OK,NONE,NONE,0
B008,611E1460,B008_F0025,TRAIN,59,141.44,141.68,141.5,25,141.335,141.735,0.4,140.135,142.935,0,OK,NONE,NONE,0
B008,611E1460,B008_F0026,VALIDATION,95,141.41,141.59,141.49,25,141.335,141.735,0.4,140.135,142.935,0,OK,NONE,NONE,0
B008,611E1460,B008_F0027,VALIDATION,9,141.6,141.72,141.62,25,141.335,141.735,0.4,140.135,142.935,0,OK,NONE,NONE,0
B008,611E1460,B008_F0028,VALIDATION,45,141.72,141.96,141.82,25,141.335,141.735,0.4,140.135,142.935,0,OK,NONE,NONE,0
B008,611E1460,B008_F0029,VALIDATION,6,141.6,141.61,141.6,25,141.335,141.735,0.4,140.135,142.935,0,OK,NONE,NONE,0
B008,611E1460,B008_F0030,VALIDATION,108,141.67,142.35,142.06,25,141.335,141.735,0.4,140.135,142.935,0,OK,NONE,NONE,0
B008,611E1460,B008_F0031,TEST,17,141.55,141.7,141.62,25,141.335,141.735,0.4,140.135,142.935,0,OK,NONE,NONE,0
B008,611E1460,B008_F0032,TEST,155,141.46,142.05,141.74,25,141.335,141.735,0.4,140.135,142.935,0,OK,NONE,NONE,0
B008,611E1460,B008_F0033,TEST,74,141.86,142.4,142.025,25,141.335,141.735,0.4,140.135,142.935,0,OK,NONE,NONE,0
B010,611E2360,B010_F0001,TRAIN,47,79.53,79.77,79.59,28,79.49625,79.83625,0.34,78.47625,80.85625,0,OK,NONE,NONE,0
B010,611E2360,B010_F0002,TRAIN,32,79.78,80.57,79.99,28,79.49625,79.83625,0.34,78.47625,80.85625,0,OK,NONE,NONE,0
B010,611E2360,B010_F0003,TRAIN,41,79.61,80.63,79.87,28,79.49625,79.83625,0.34,78.47625,80.85625,0,OK,NONE,NONE,0
B010,611E2360,B010_F0004,TRAIN,29,79.77,80.53,79.97,28,79.49625,79.83625,0.34,78.47625,80.85625,0,OK,NONE,NONE,0
B010,611E2360,B010_F0005,TRAIN,43,79.45,79.9,79.57,28,79.49625,79.83625,0.34,78.47625,80.85625,0,OK,NONE,NONE,0
B010,611E2360,B010_F0006,TRAIN,64,79.39,79.79,79.45,28,79.49625,79.83625,0.34,78.47625,80.85625,0,OK,NONE,NONE,0
B010,611E2360,B010_F0007,TRAIN,43,79.48,79.9,79.58,28,79.49625,79.83625,0.34,78.47625,80.85625,0,OK,NONE,NONE,0
B010,611E2360,B010_F0008,TRAIN,103,79.46,79.77,79.57,28,79.49625,79.83625,0.34,78.47625,80.85625,0,OK,NONE,NONE,0
B010,611E2360,B010_F0009,TRAIN,125,79.32,79.9,79.51,28,79.49625,79.83625,0.34,78.47625,80.85625,0,OK,NONE,NONE,0
B010,611E2360,B010_F0010,TRAIN,55,79.42,80,79.65,28,79.49625,79.83625,0.34,78.47625,80.85625,0,OK,NONE,NONE,0
B010,611E2360,B010_F0011,TRAIN,80,79.45,80.47,79.825,28,79.49625,79.83625,0.34,78.47625,80.85625,0,OK,NONE,NONE,0
B010,611E2360,B010_F0012,TRAIN,37,79.61,80.47,79.91,28,79.49625,79.83625,0.34,78.47625,80.85625,0,OK,NONE,NONE,0
B010,611E2360,B010_F0013,TRAIN,41,79.6,80.84,79.98,28,79.49625,79.83625,0.34,78.47625,80.85625,0,OK,NONE,NONE,0
B010,611E2360,B010_F0014,TRAIN,41,79.43,80.83,79.81,28,79.49625,79.83625,0.34,78.47625,80.85625,0,OK,NONE,NONE,0
B010,611E2360,B010_F0015,TRAIN,41,79.35,80.08,79.55,28,79.49625,79.83625,0.34,78.47625,80.85625,0,OK,NONE,NONE,0
B010,611E2360,B010_F0016,TRAIN,46,79.32,79.57,79.37,28,79.49625,79.83625,0.34,78.47625,80.85625,0,OK,NONE,NONE,0
B010,611E2360,B010_F0017,TRAIN,55,79.32,80.59,79.79,28,79.49625,79.83625,0.34,78.47625,80.85625,0,OK,NONE,NONE,0
B010,611E2360,B010_F0018,TRAIN,48,79.3,80.41,79.545,28,79.49625,79.83625,0.34,78.47625,80.85625,0,OK,NONE,NONE,0
B010,611E2360,B010_F0019,TRAIN,43,79.3,80.24,79.55,28,79.49625,79.83625,0.34,78.47625,80.85625,0,OK,NONE,NONE,0
B010,611E2360,B010_F0020,TRAIN,101,79.26,80.87,79.53,28,79.49625,79.83625,0.34,78.47625,80.85625,0,OK,NONE,NONE,0
B010,611E2360,B010_F0021,TRAIN,74,79.24,79.43,79.31,28,79.49625,79.83625,0.34,78.47625,80.85625,0,OK,NONE,NONE,0
B010,611E2360,B010_F0022,TRAIN,53,79.21,80,79.43,28,79.49625,79.83625,0.34,78.47625,80.85625,0,OK,NONE,NONE,0
B010,611E2360,B010_F0023,TRAIN,42,79.37,79.75,79.455,28,79.49625,79.83625,0.34,78.47625,80.85625,0,OK,NONE,NONE,0
B010,611E2360,B010_F0024,TRAIN,53,79.3,79.76,79.41,28,79.49625,79.83625,0.34,78.47625,80.85625,0,OK,NONE,NONE,0
B010,611E2360,B010_F0025,TRAIN,48,79.28,79.69,79.42,28,79.49625,79.83625,0.34,78.47625,80.85625,0,OK,NONE,NONE,0
B010,611E2360,B010_F0026,TRAIN,39,79.26,80.38,79.54,28,79.49625,79.83625,0.34,78.47625,80.85625,0,OK,NONE,NONE,0
B010,611E2360,B010_F0027,TRAIN,60,79.18,81.93,79.9,28,79.49625,79.83625,0.34,78.47625,80.85625,0,OK,NONE,NONE,0
B010,611E2360,B010_F0028,TRAIN,107,79.21,82.31,80,28,79.49625,79.83625,0.34,78.47625,80.85625,0,OK,NONE,NONE,0
B010,611E2360,B010_F0029,VALIDATION,29,79.29,79.9,79.44,28,79.49625,79.83625,0.34,78.47625,80.85625,0,OK,NONE,NONE,0
B010,611E2360,B010_F0030,VALIDATION,26,79.32,79.56,79.375,28,79.49625,79.83625,0.34,78.47625,80.85625,0,OK,NONE,NONE,0
B010,611E2360,B010_F0031,VALIDATION,27,79.32,80.21,79.56,28,79.49625,79.83625,0.34,78.47625,80.85625,0,OK,NONE,NONE,0
B010,611E2360,B010_F0032,VALIDATION,36,79.27,80.07,79.525,28,79.49625,79.83625,0.34,78.47625,80.85625,0,OK,NONE,NONE,0
B010,611E2360,B010_F0033,TEST,80,79.26,79.56,79.34,28,79.49625,79.83625,0.34,78.47625,80.85625,0,OK,NONE,NONE,0
B010,611E2360,B010_F0034,TEST,52,79.21,79.59,79.33,28,79.49625,79.83625,0.34,78.47625,80.85625,0,OK,NONE,NONE,0
B010,611E2360,B010_F0035,TEST,34,79.24,80.22,79.495,28,79.49625,79.83625,0.34,78.47625,80.85625,0,OK,NONE,NONE,0
B010,611E2360,B010_F0036,TEST,34,79.51,81.02,79.92,28,79.49625,79.83625,0.34,78.47625,80.85625,0,OK,NONE,NONE,0
B010,611E2360,B010_F0037,TEST,45,79.47,80.22,79.71,28,79.49625,79.83625,0.34,78.47625,80.85625,0,OK,NONE,NONE,0
B013,611E2820,B013_F0001,TRAIN,71,42.31,43.37,42.84,15,42.61,42.8825,0.2725,41.7925,43.7,0,OK,NONE,NONE,0
B013,611E2820,B013_F0002,TRAIN,44,42.68,43.2,42.925,15,42.61,42.8825,0.2725,41.7925,43.7,0,OK,NONE,NONE,0
B013,611E2820,B013_F0003,TRAIN,13,42.49,43.07,42.65,15,42.61,42.8825,0.2725,41.7925,43.7,0,OK,NONE,NONE,0
B013,611E2820,B013_F0004,TRAIN,43,42.1,42.7,42.52,15,42.61,42.8825,0.2725,41.7925,43.7,0,OK,NONE,NONE,0
B013,611E2820,B013_F0005,TRAIN,41,42.46,43.57,42.66,15,42.61,42.8825,0.2725,41.7925,43.7,0,OK,NONE,NONE,0
B013,611E2820,B013_F0006,TRAIN,78,42.1,42.7,42.62,15,42.61,42.8825,0.2725,41.7925,43.7,0,OK,NONE,NONE,0
B013,611E2820,B013_F0007,TRAIN,64,42.57,45.24,43.045,15,42.61,42.8825,0.2725,41.7925,43.7,0,OK,NONE,NONE,0
B013,611E2820,B013_F0008,TRAIN,71,42.27,42.72,42.6,15,42.61,42.8825,0.2725,41.7925,43.7,0,OK,NONE,NONE,0
B013,611E2820,B013_F0009,TRAIN,42,42.59,43.25,42.735,15,42.61,42.8825,0.2725,41.7925,43.7,0,OK,NONE,NONE,0
B013,611E2820,B013_F0010,TRAIN,72,42.36,43.63,42.64,15,42.61,42.8825,0.2725,41.7925,43.7,0,OK,NONE,NONE,0
B013,611E2820,B013_F0011,TRAIN,28,41.98,42.41,42.16,15,42.61,42.8825,0.2725,41.7925,43.7,0,OK,NONE,NONE,0
B013,611E2820,B013_F0012,TRAIN,234,42.1,44.07,42.66,15,42.61,42.8825,0.2725,41.7925,43.7,0,OK,NONE,NONE,0
B013,611E2820,B013_F0013,TRAIN,76,42.45,45.6,43.52,15,42.61,42.8825,0.2725,41.7925,43.7,0,OK,NONE,NONE,0
B013,611E2820,B013_F0014,TRAIN,160,42.51,44.28,43.085,15,42.61,42.8825,0.2725,41.7925,43.7,0,OK,NONE,NONE,0
B013,611E2820,B013_F0015,TRAIN,45,41.89,43.08,42.36,15,42.61,42.8825,0.2725,41.7925,43.7,0,OK,NONE,NONE,0
B013,611E2820,B013_F0016,VALIDATION,42,42.12,42.77,42.585,15,42.61,42.8825,0.2725,41.7925,43.7,0,OK,NONE,NONE,0
B013,611E2820,B013_F0017,VALIDATION,22,42.39,42.96,42.76,15,42.61,42.8825,0.2725,41.7925,43.7,0,OK,NONE,NONE,0
B013,611E2820,B013_F0018,VALIDATION,26,42.24,43.02,42.385,15,42.61,42.8825,0.2725,41.7925,43.7,0,OK,NONE,NONE,0
B013,611E2820,B013_F0019,TEST,51,42.16,42.65,42.32,15,42.61,42.8825,0.2725,41.7925,43.7,0,OK,NONE,NONE,0
B013,611E2820,B013_F0020,TEST,49,41.73,42.27,42.02,15,42.61,42.8825,0.2725,41.7925,43.7,0,OK,NONE,NONE,0
B013,611E2820,B013_F0021,TEST,78,41.83,42.35,42.05,15,42.61,42.8825,0.2725,41.7925,43.7,0,OK,NONE,NONE,0
B014,611E2920,B014_F0001,TRAIN,32,83.57,84.03,83.805,11,83.44,84.105,0.665,81.445,86.1,0,OK,NONE,NONE,0
B014,611E2920,B014_F0002,TRAIN,23,84.06,84.26,84.11,11,83.44,84.105,0.665,81.445,86.1,0,OK,NONE,NONE,0
B014,611E2920,B014_F0003,TRAIN,52,83.28,84.12,83.83,11,83.44,84.105,0.665,81.445,86.1,0,OK,NONE,NONE,0
B014,611E2920,B014_F0004,TRAIN,17,83.96,84.4,84.1,11,83.44,84.105,0.665,81.445,86.1,0,OK,NONE,NONE,0
B014,611E2920,B014_F0005,TRAIN,24,84.08,84.36,84.235,11,83.44,84.105,0.665,81.445,86.1,0,OK,NONE,NONE,0
B014,611E2920,B014_F0006,TRAIN,17,84.18,84.34,84.24,11,83.44,84.105,0.665,81.445,86.1,0,OK,NONE,NONE,0
B014,611E2920,B014_F0007,TRAIN,71,83.85,84.15,83.89,11,83.44,84.105,0.665,81.445,86.1,0,OK,NONE,NONE,0
B014,611E2920,B014_F0008,TRAIN,42,83.21,84.14,83.44,11,83.44,84.105,0.665,81.445,86.1,0,OK,NONE,NONE,0
B014,611E2920,B014_F0009,TRAIN,39,83.16,83.55,83.3,11,83.44,84.105,0.665,81.445,86.1,0,OK,NONE,NONE,0
B014,611E2920,B014_F0010,TRAIN,63,82.83,83.52,83.09,11,83.44,84.105,0.665,81.445,86.1,0,OK,NONE,NONE,0
B014,611E2920,B014_F0011,TRAIN,29,83.09,83.69,83.44,11,83.44,84.105,0.665,81.445,86.1,0,OK,NONE,NONE,0
B014,611E2920,B014_F0012,VALIDATION,33,83.05,83.72,83.24,11,83.44,84.105,0.665,81.445,86.1,0,OK,NONE,NONE,0
B014,611E2920,B014_F0013,VALIDATION,21,83.46,84.5,83.91,11,83.44,84.105,0.665,81.445,86.1,0,OK,NONE,NONE,0
B014,611E2920,B014_F0014,VALIDATION,14,84.56,84.83,84.715,11,83.44,84.105,0.665,81.445,86.1,0,OK,NONE,NONE,0
B014,611E2920,B014_F0015,TEST,55,84.42,85.41,84.58,11,83.44,84.105,0.665,81.445,86.1,0,OK,NONE,NONE,0
B014,611E2920,B014_F0016,TEST,52,84.85,85.15,85.08,11,83.44,84.105,0.665,81.445,86.1,0,OK,NONE,NONE,0
B014,611E2920,B014_F0017,TEST,34,84.73,85.49,84.835,11,83.44,84.105,0.665,81.445,86.1,0,OK,NONE,NONE,0
B014,611E2920,B014_F0018,TEST,31,84.39,85.7,85.01,11,83.44,84.105,0.665,81.445,86.1,0,OK,NONE,NONE,0
B016,611G3160,B016_F0001,TRAIN,38,573.93,574.83,574.455,15,574.225,574.6975,0.4725,572.8075,576.115,0,OK,NONE,NONE,0
B016,611G3160,B016_F0002,TRAIN,21,573.18,574.66,574.16,15,574.225,574.6975,0.4725,572.8075,576.115,0,OK,NONE,NONE,0
B016,611G3160,B016_F0003,TRAIN,24,573.73,574.68,574.325,15,574.225,574.6975,0.4725,572.8075,576.115,0,OK,NONE,NONE,0
B016,611G3160,B016_F0004,TRAIN,20,574.06,574.7,574.3,15,574.225,574.6975,0.4725,572.8075,576.115,0,OK,NONE,NONE,0
B016,611G3160,B016_F0005,TRAIN,39,574,574.73,574.35,15,574.225,574.6975,0.4725,572.8075,576.115,0,OK,NONE,NONE,0
B016,611G3160,B016_F0006,TRAIN,21,574.21,574.86,574.5,15,574.225,574.6975,0.4725,572.8075,576.115,0,OK,NONE,NONE,0
B016,611G3160,B016_F0007,TRAIN,26,574,574.7,574.29,15,574.225,574.6975,0.4725,572.8075,576.115,0,OK,NONE,NONE,0
B016,611G3160,B016_F0008,TRAIN,54,572.17,574.62,573.96,15,574.225,574.6975,0.4725,572.8075,576.115,0,OK,NONE,NONE,0
B016,611G3160,B016_F0009,TRAIN,29,574.43,575.31,574.84,15,574.225,574.6975,0.4725,572.8075,576.115,0,OK,NONE,NONE,0
B016,611G3160,B016_F0010,TRAIN,17,573.69,575.33,574.6,15,574.225,574.6975,0.4725,572.8075,576.115,0,OK,NONE,NONE,0
B016,611G3160,B016_F0011,TRAIN,43,574.67,575.34,575.01,15,574.225,574.6975,0.4725,572.8075,576.115,0,OK,NONE,NONE,0
B016,611G3160,B016_F0012,TRAIN,98,573.99,575.31,574.795,15,574.225,574.6975,0.4725,572.8075,576.115,0,OK,NONE,NONE,0
B016,611G3160,B016_F0013,TRAIN,109,1.3,3.95,1.98,15,574.225,574.6975,0.4725,572.8075,576.115,1,FAIL,TRAIN_EVENT_WATER_LEVEL_REFERENCE_SHIFT,EXCLUDE_EVENT_AND_MASK_SOURCE_WINDOW,252
B016,611G3160,B016_F0014,TRAIN,19,0.12,2.01,1.51,15,574.225,574.6975,0.4725,572.8075,576.115,1,FAIL,TRAIN_EVENT_WATER_LEVEL_REFERENCE_SHIFT,EXCLUDE_EVENT_AND_MASK_SOURCE_WINDOW,79
B016,611G3160,B016_F0015,TRAIN,38,574.45,576.12,574.975,15,574.225,574.6975,0.4725,572.8075,576.115,0,OK,NONE,NONE,0
B016,611G3160,B016_F0016,VALIDATION,36,575.18,576.34,576.025,15,574.225,574.6975,0.4725,572.8075,576.115,0,OK,NONE,NONE,0
B016,611G3160,B016_F0017,VALIDATION,27,575.76,576.69,576.06,15,574.225,574.6975,0.4725,572.8075,576.115,0,OK,NONE,NONE,0
B016,611G3160,B016_F0018,VALIDATION,21,575.58,576.55,576.07,15,574.225,574.6975,0.4725,572.8075,576.115,0,OK,NONE,NONE,0
B016,611G3160,B016_F0019,VALIDATION,37,575.65,576.48,576.1,15,574.225,574.6975,0.4725,572.8075,576.115,0,OK,NONE,NONE,0
B016,611G3160,B016_F0020,VALIDATION,63,575.56,576.43,576.07,15,574.225,574.6975,0.4725,572.8075,576.115,0,OK,NONE,NONE,0
B016,611G3160,B016_F0021,VALIDATION,51,575.81,576.52,576.24,15,574.225,574.6975,0.4725,572.8075,576.115,0,OK,NONE,NONE,0
B016,611G3160,B016_F0022,VALIDATION,28,575.85,576.69,576.23,15,574.225,574.6975,0.4725,572.8075,576.115,0,OK,NONE,NONE,0
B016,611G3160,B016_F0023,VALIDATION,21,575.8,576.56,576.23,15,574.225,574.6975,0.4725,572.8075,576.115,0,OK,NONE,NONE,0
B016,611G3160,B016_F0024,TEST,35,578.05,578.74,578.39,15,574.225,574.6975,0.4725,572.8075,576.115,1,REVIEW,NONTRAIN_EVENT_OUTSIDE_TRAIN_REFERENCE_FENCE,NONE_DO_NOT_FILTER_VALIDATION_OR_TEST,0
B016,611G3160,B016_F0025,TEST,25,576.34,578.42,577.5,15,574.225,574.6975,0.4725,572.8075,576.115,1,REVIEW,NONTRAIN_EVENT_OUTSIDE_TRAIN_REFERENCE_FENCE,NONE_DO_NOT_FILTER_VALIDATION_OR_TEST,0
B016,611G3160,B016_F0026,TEST,19,576.64,577.6,577.02,15,574.225,574.6975,0.4725,572.8075,576.115,1,REVIEW,NONTRAIN_EVENT_OUTSIDE_TRAIN_REFERENCE_FENCE,NONE_DO_NOT_FILTER_VALIDATION_OR_TEST,0
B017,611H1650,B017_F0001,TRAIN,38,293.99,295.49,295.275,14,294.9675,295.3375,0.37,293.8575,296.4475,0,OK,NONE,NONE,0
B017,611H1650,B017_F0002,TRAIN,37,293.6,295.53,295.29,14,294.9675,295.3375,0.37,293.8575,296.4475,0,OK,NONE,NONE,0
B017,611H1650,B017_F0003,TRAIN,34,294.99,295.58,295.265,14,294.9675,295.3375,0.37,293.8575,296.4475,0,OK,NONE,NONE,0
B017,611H1650,B017_F0004,TRAIN,78,293.9,295.38,294.895,14,294.9675,295.3375,0.37,293.8575,296.4475,0,OK,NONE,NONE,0
B017,611H1650,B017_F0005,TRAIN,79,295.13,295.65,295.39,14,294.9675,295.3375,0.37,293.8575,296.4475,0,OK,NONE,NONE,0
B017,611H1650,B017_F0006,TRAIN,46,294.12,295.47,295.185,14,294.9675,295.3375,0.37,293.8575,296.4475,0,OK,NONE,NONE,0
B017,611H1650,B017_F0007,TRAIN,126,295.2,295.57,295.39,14,294.9675,295.3375,0.37,293.8575,296.4475,0,OK,NONE,NONE,0
B017,611H1650,B017_F0008,TRAIN,20,293.48,295.45,294.645,14,294.9675,295.3375,0.37,293.8575,296.4475,0,OK,NONE,NONE,0
B017,611H1650,B017_F0009,TRAIN,36,294.13,295.22,294.845,14,294.9675,295.3375,0.37,293.8575,296.4475,0,OK,NONE,NONE,0
B017,611H1650,B017_F0010,TRAIN,62,294.81,295.46,295.185,14,294.9675,295.3375,0.37,293.8575,296.4475,0,OK,NONE,NONE,0
B017,611H1650,B017_F0011,TRAIN,37,295.02,295.45,295.3,14,294.9675,295.3375,0.37,293.8575,296.4475,0,OK,NONE,NONE,0
B017,611H1650,B017_F0012,TRAIN,63,294.03,295.67,295.35,14,294.9675,295.3375,0.37,293.8575,296.4475,0,OK,NONE,NONE,0
B017,611H1650,B017_F0013,TRAIN,74,294.19,295.24,294.71,14,294.9675,295.3375,0.37,293.8575,296.4475,0,OK,NONE,NONE,0
B017,611H1650,B017_F0014,TRAIN,48,295.16,295.62,295.355,14,294.9675,295.3375,0.37,293.8575,296.4475,0,OK,NONE,NONE,0
B017,611H1650,B017_F0015,VALIDATION,33,294.9,295.43,295.21,14,294.9675,295.3375,0.37,293.8575,296.4475,0,OK,NONE,NONE,0
B017,611H1650,B017_F0016,VALIDATION,148,293.69,295.32,294.99,14,294.9675,295.3375,0.37,293.8575,296.4475,0,OK,NONE,NONE,0
B017,611H1650,B017_F0017,TEST,17,294.95,295.38,295.09,14,294.9675,295.3375,0.37,293.8575,296.4475,0,OK,NONE,NONE,0
B017,611H1650,B017_F0018,TEST,19,294.81,295.28,295.02,14,294.9675,295.3375,0.37,293.8575,296.4475,0,OK,NONE,NONE,0
B017,611H1650,B017_F0019,TEST,101,294.47,295.46,295.03,14,294.9675,295.3375,0.37,293.8575,296.4475,0,OK,NONE,NONE,0
B017,611H1650,B017_F0020,TEST,33,294.34,295.17,294.83,14,294.9675,295.3375,0.37,293.8575,296.4475,0,OK,NONE,NONE,0
B017,611H1650,B017_F0021,TEST,80,294.27,295.24,294.755,14,294.9675,295.3375,0.37,293.8575,296.4475,0,OK,NONE,NONE,0
B018,611H2032,B018_F0001,TRAIN,69,40.89,42.02,41.45,7,41.275,41.8025,0.5275,39.6925,43.385,0,OK,NONE,NONE,0
B018,611H2032,B018_F0002,TRAIN,23,41.12,41.77,41.35,7,41.275,41.8025,0.5275,39.6925,43.385,0,OK,NONE,NONE,0
B018,611H2032,B018_F0003,TRAIN,65,41.22,42.85,41.85,7,41.275,41.8025,0.5275,39.6925,43.385,0,OK,NONE,NONE,0
B018,611H2032,B018_F0004,TRAIN,45,40.92,42.04,41.13,7,41.275,41.8025,0.5275,39.6925,43.385,0,OK,NONE,NONE,0
B018,611H2032,B018_F0005,TRAIN,52,40.96,41.29,41.2,7,41.275,41.8025,0.5275,39.6925,43.385,0,OK,NONE,NONE,0
B018,611H2032,B018_F0006,TRAIN,59,41.15,42.6,41.94,7,41.275,41.8025,0.5275,39.6925,43.385,0,OK,NONE,NONE,0
B018,611H2032,B018_F0007,TRAIN,28,41.45,42.24,41.755,7,41.275,41.8025,0.5275,39.6925,43.385,0,OK,NONE,NONE,0
B018,611H2032,B018_F0008,VALIDATION,36,41.63,42.18,41.955,7,41.275,41.8025,0.5275,39.6925,43.385,0,OK,NONE,NONE,0
B018,611H2032,B018_F0009,VALIDATION,14,42.03,42.69,42.45,7,41.275,41.8025,0.5275,39.6925,43.385,0,OK,NONE,NONE,0
B018,611H2032,B018_F0010,VALIDATION,9,41.8,42.19,41.99,7,41.275,41.8025,0.5275,39.6925,43.385,0,OK,NONE,NONE,0
B018,611H2032,B018_F0011,TEST,30,42.14,42.77,42.58,7,41.275,41.8025,0.5275,39.6925,43.385,0,OK,NONE,NONE,0
B018,611H2032,B018_F0012,TEST,34,42,42.43,42.2,7,41.275,41.8025,0.5275,39.6925,43.385,0,OK,NONE,NONE,0
B018,611H2032,B018_F0013,TEST,28,41.67,42.08,41.865,7,41.275,41.8025,0.5275,39.6925,43.385,0,OK,NONE,NONE,0
B018,611H2032,B018_F0014,TEST,48,41.57,42.11,41.865,7,41.275,41.8025,0.5275,39.6925,43.385,0,OK,NONE,NONE,0
B018,611H2032,B018_F0015,TEST,17,42.39,42.68,42.47,7,41.275,41.8025,0.5275,39.6925,43.385,0,OK,NONE,NONE,0
B018,611H2032,B018_F0016,TEST,13,42.53,42.87,42.65,7,41.275,41.8025,0.5275,39.6925,43.385,0,OK,NONE,NONE,0
B019,612E1060,B019_F0001,TRAIN,44,266.99,267.29,267.14,27,266.2475,266.9375,0.69,264.1775,269.0075,0,OK,NONE,NONE,0
B019,612E1060,B019_F0002,TRAIN,58,266.78,266.99,266.87,27,266.2475,266.9375,0.69,264.1775,269.0075,0,OK,NONE,NONE,0
B019,612E1060,B019_F0003,TRAIN,70,266.77,267.38,266.98,27,266.2475,266.9375,0.69,264.1775,269.0075,0,OK,NONE,NONE,0
B019,612E1060,B019_F0004,TRAIN,38,266.87,267.91,267.185,27,266.2475,266.9375,0.69,264.1775,269.0075,0,OK,NONE,NONE,0
B019,612E1060,B019_F0005,TRAIN,51,266.92,270.02,267.74,27,266.2475,266.9375,0.69,264.1775,269.0075,0,OK,NONE,NONE,0
B019,612E1060,B019_F0006,TRAIN,30,267.67,268.82,267.98,27,266.2475,266.9375,0.69,264.1775,269.0075,0,OK,NONE,NONE,0
B019,612E1060,B019_F0007,TRAIN,59,266.97,267.58,267.15,27,266.2475,266.9375,0.69,264.1775,269.0075,0,OK,NONE,NONE,0
B019,612E1060,B019_F0008,TRAIN,59,265.98,267.14,266.29,27,266.2475,266.9375,0.69,264.1775,269.0075,0,OK,NONE,NONE,0
B019,612E1060,B019_F0009,TRAIN,34,266,266.16,266.085,27,266.2475,266.9375,0.69,264.1775,269.0075,0,OK,NONE,NONE,0
B019,612E1060,B019_F0010,TRAIN,31,266.26,266.62,266.48,27,266.2475,266.9375,0.69,264.1775,269.0075,0,OK,NONE,NONE,0
B019,612E1060,B019_F0011,TRAIN,55,266.07,266.19,266.14,27,266.2475,266.9375,0.69,264.1775,269.0075,0,OK,NONE,NONE,0
B019,612E1060,B019_F0012,TRAIN,86,266.26,266.79,266.47,27,266.2475,266.9375,0.69,264.1775,269.0075,0,OK,NONE,NONE,0
B019,612E1060,B019_F0013,TRAIN,33,266.58,268.06,267.06,27,266.2475,266.9375,0.69,264.1775,269.0075,0,OK,NONE,NONE,0
B019,612E1060,B019_F0014,TRAIN,43,266.12,266.91,266.22,27,266.2475,266.9375,0.69,264.1775,269.0075,0,OK,NONE,NONE,0
B019,612E1060,B019_F0015,TRAIN,90,265.98,267.31,266.36,27,266.2475,266.9375,0.69,264.1775,269.0075,0,OK,NONE,NONE,0
B019,612E1060,B019_F0016,TRAIN,75,266.04,267.8,266.35,27,266.2475,266.9375,0.69,264.1775,269.0075,0,OK,NONE,NONE,0
B019,612E1060,B019_F0017,TRAIN,67,265.96,266.32,266.16,27,266.2475,266.9375,0.69,264.1775,269.0075,0,OK,NONE,NONE,0
B019,612E1060,B019_F0018,TRAIN,76,266.05,266.53,266.24,27,266.2475,266.9375,0.69,264.1775,269.0075,0,OK,NONE,NONE,0
B019,612E1060,B019_F0019,TRAIN,40,266.18,266.45,266.255,27,266.2475,266.9375,0.69,264.1775,269.0075,0,OK,NONE,NONE,0
B019,612E1060,B019_F0020,TRAIN,81,266.09,266.29,266.17,27,266.2475,266.9375,0.69,264.1775,269.0075,0,OK,NONE,NONE,0
B019,612E1060,B019_F0021,TRAIN,93,266.17,267.47,266.66,27,266.2475,266.9375,0.69,264.1775,269.0075,0,OK,NONE,NONE,0
B019,612E1060,B019_F0022,TRAIN,42,266.05,266.21,266.115,27,266.2475,266.9375,0.69,264.1775,269.0075,0,OK,NONE,NONE,0
B019,612E1060,B019_F0023,TRAIN,78,266.11,267.66,266.64,27,266.2475,266.9375,0.69,264.1775,269.0075,0,OK,NONE,NONE,0
B019,612E1060,B019_F0024,TRAIN,50,266.23,266.87,266.415,27,266.2475,266.9375,0.69,264.1775,269.0075,0,OK,NONE,NONE,0
B019,612E1060,B019_F0025,TRAIN,83,266.28,266.67,266.41,27,266.2475,266.9375,0.69,264.1775,269.0075,0,OK,NONE,NONE,0
B019,612E1060,B019_F0026,TRAIN,84,266.17,267.27,266.49,27,266.2475,266.9375,0.69,264.1775,269.0075,0,OK,NONE,NONE,0
B019,612E1060,B019_F0027,TRAIN,42,266.51,267.51,266.895,27,266.2475,266.9375,0.69,264.1775,269.0075,0,OK,NONE,NONE,0
B019,612E1060,B019_F0029,VALIDATION,52,266.07,266.5,266.265,27,266.2475,266.9375,0.69,264.1775,269.0075,0,OK,NONE,NONE,0
B019,612E1060,B019_F0030,VALIDATION,61,265.9,266.11,266.05,27,266.2475,266.9375,0.69,264.1775,269.0075,0,OK,NONE,NONE,0
B019,612E1060,B019_F0031,VALIDATION,59,265.91,267.63,266.37,27,266.2475,266.9375,0.69,264.1775,269.0075,0,OK,NONE,NONE,0
B019,612E1060,B019_F0032,VALIDATION,66,266.15,267.1,266.56,27,266.2475,266.9375,0.69,264.1775,269.0075,0,OK,NONE,NONE,0
B019,612E1060,B019_F0033,VALIDATION,61,266.11,268.81,266.85,27,266.2475,266.9375,0.69,264.1775,269.0075,0,OK,NONE,NONE,0
B019,612E1060,B019_F0034,TEST,38,266.31,266.68,266.39,27,266.2475,266.9375,0.69,264.1775,269.0075,0,OK,NONE,NONE,0
B019,612E1060,B019_F0035,TEST,30,266.21,266.35,266.23,27,266.2475,266.9375,0.69,264.1775,269.0075,0,OK,NONE,NONE,0
B019,612E1060,B019_F0036,TEST,61,265.94,267.09,266.21,27,266.2475,266.9375,0.69,264.1775,269.0075,0,OK,NONE,NONE,0
B019,612E1060,B019_F0037,TEST,79,266.37,267.38,266.74,27,266.2475,266.9375,0.69,264.1775,269.0075,0,OK,NONE,NONE,0
B022,612E2800,B022_F0001,TRAIN,43,48.74,49.74,48.94,27,48.3125,48.67,0.3575,47.24,49.7425,0,OK,NONE,NONE,0
B022,612E2800,B022_F0002,TRAIN,54,48.37,48.71,48.495,27,48.3125,48.67,0.3575,47.24,49.7425,0,OK,NONE,NONE,0
B022,612E2800,B022_F0003,TRAIN,78,48.37,48.77,48.48,27,48.3125,48.67,0.3575,47.24,49.7425,0,OK,NONE,NONE,0
B022,612E2800,B022_F0004,TRAIN,78,48.37,49.09,48.78,27,48.3125,48.67,0.3575,47.24,49.7425,0,OK,NONE,NONE,0
B022,612E2800,B022_F0005,TRAIN,42,48.2,49.14,48.375,27,48.3125,48.67,0.3575,47.24,49.7425,0,OK,NONE,NONE,0
B022,612E2800,B022_F0006,TRAIN,51,48.26,48.53,48.34,27,48.3125,48.67,0.3575,47.24,49.7425,0,OK,NONE,NONE,0
B022,612E2800,B022_F0007,TRAIN,36,48.23,48.96,48.39,27,48.3125,48.67,0.3575,47.24,49.7425,0,OK,NONE,NONE,0
B022,612E2800,B022_F0008,TRAIN,65,48.22,48.72,48.39,27,48.3125,48.67,0.3575,47.24,49.7425,0,OK,NONE,NONE,0
B022,612E2800,B022_F0009,TRAIN,48,48.25,48.47,48.315,27,48.3125,48.67,0.3575,47.24,49.7425,0,OK,NONE,NONE,0
B022,612E2800,B022_F0010,TRAIN,70,48.25,48.64,48.49,27,48.3125,48.67,0.3575,47.24,49.7425,0,OK,NONE,NONE,0
B022,612E2800,B022_F0011,TRAIN,30,48.59,50.04,48.965,27,48.3125,48.67,0.3575,47.24,49.7425,0,OK,NONE,NONE,0
B022,612E2800,B022_F0012,TRAIN,29,48.24,48.5,48.29,27,48.3125,48.67,0.3575,47.24,49.7425,0,OK,NONE,NONE,0
B022,612E2800,B022_F0013,TRAIN,82,48.21,48.34,48.27,27,48.3125,48.67,0.3575,47.24,49.7425,0,OK,NONE,NONE,0
B022,612E2800,B022_F0014,TRAIN,111,48.23,49.01,48.51,27,48.3125,48.67,0.3575,47.24,49.7425,0,OK,NONE,NONE,0
B022,612E2800,B022_F0015,TRAIN,69,48.25,48.41,48.31,27,48.3125,48.67,0.3575,47.24,49.7425,0,OK,NONE,NONE,0
B022,612E2800,B022_F0016,TRAIN,34,48.2,50.87,48.65,27,48.3125,48.67,0.3575,47.24,49.7425,0,OK,NONE,NONE,0
B022,612E2800,B022_F0017,TRAIN,43,48.23,48.52,48.26,27,48.3125,48.67,0.3575,47.24,49.7425,0,OK,NONE,NONE,0
B022,612E2800,B022_F0018,TRAIN,24,48.28,48.52,48.335,27,48.3125,48.67,0.3575,47.24,49.7425,0,OK,NONE,NONE,0
B022,612E2800,B022_F0019,TRAIN,34,48.24,48.45,48.3,27,48.3125,48.67,0.3575,47.24,49.7425,0,OK,NONE,NONE,0
B022,612E2800,B022_F0020,TRAIN,48,48.22,48.4,48.26,27,48.3125,48.67,0.3575,47.24,49.7425,0,OK,NONE,NONE,0
B022,612E2800,B022_F0021,TRAIN,63,48.21,48.54,48.29,27,48.3125,48.67,0.3575,47.24,49.7425,0,OK,NONE,NONE,0
B022,612E2800,B022_F0022,TRAIN,45,48.45,49.35,48.73,27,48.3125,48.67,0.3575,47.24,49.7425,0,OK,NONE,NONE,0
B022,612E2800,B022_F0023,TRAIN,58,48.27,49.93,48.69,27,48.3125,48.67,0.3575,47.24,49.7425,0,OK,NONE,NONE,0
B022,612E2800,B022_F0024,TRAIN,39,48.29,48.47,48.34,27,48.3125,48.67,0.3575,47.24,49.7425,0,OK,NONE,NONE,0
B022,612E2800,B022_F0025,TRAIN,43,48.66,49.68,48.91,27,48.3125,48.67,0.3575,47.24,49.7425,0,OK,NONE,NONE,0
B022,612E2800,B022_F0026,TRAIN,48,48.74,50.64,49.655,27,48.3125,48.67,0.3575,47.24,49.7425,0,OK,NONE,NONE,0
B022,612E2800,B022_F0027,TRAIN,75,48.2,49.17,48.37,27,48.3125,48.67,0.3575,47.24,49.7425,0,OK,NONE,NONE,0
B022,612E2800,B022_F0028,VALIDATION,17,48.14,48.49,48.25,27,48.3125,48.67,0.3575,47.24,49.7425,0,OK,NONE,NONE,0
B022,612E2800,B022_F0029,VALIDATION,50,48.18,49,48.35,27,48.3125,48.67,0.3575,47.24,49.7425,0,OK,NONE,NONE,0
B022,612E2800,B022_F0030,VALIDATION,112,48.01,51.05,48.225,27,48.3125,48.67,0.3575,47.24,49.7425,0,OK,NONE,NONE,0
B022,612E2800,B022_F0031,VALIDATION,33,48.26,48.66,48.39,27,48.3125,48.67,0.3575,47.24,49.7425,0,OK,NONE,NONE,0
B022,612E2800,B022_F0032,VALIDATION,37,48.11,48.45,48.27,27,48.3125,48.67,0.3575,47.24,49.7425,0,OK,NONE,NONE,0
B022,612E2800,B022_F0033,TEST,28,48.17,48.3,48.29,27,48.3125,48.67,0.3575,47.24,49.7425,0,OK,NONE,NONE,0
B022,612E2800,B022_F0034,TEST,46,48.65,49.42,48.915,27,48.3125,48.67,0.3575,47.24,49.7425,0,OK,NONE,NONE,0
B023,613E1450,B023_F0001,TRAIN,114,149.24,152.67,150.135,10,148.65,149.655,1.005,145.635,152.67,0,OK,NONE,NONE,0
B023,613E1450,B023_F0002,TRAIN,66,148.76,150.79,149.25,10,148.65,149.655,1.005,145.635,152.67,0,OK,NONE,NONE,0
B023,613E1450,B023_F0003,TRAIN,45,149.24,151.43,150.07,10,148.65,149.655,1.005,145.635,152.67,0,OK,NONE,NONE,0
B023,613E1450,B023_F0004,TRAIN,45,148.95,150.73,149.46,10,148.65,149.655,1.005,145.635,152.67,0,OK,NONE,NONE,0
B023,613E1450,B023_F0005,TRAIN,95,148.44,148.8,148.68,10,148.65,149.655,1.005,145.635,152.67,0,OK,NONE,NONE,0
B023,613E1450,B023_F0006,TRAIN,48,148.43,148.83,148.505,10,148.65,149.655,1.005,145.635,152.67,0,OK,NONE,NONE,0
B023,613E1450,B023_F0007,TRAIN,63,148.47,148.69,148.64,10,148.65,149.655,1.005,145.635,152.67,0,OK,NONE,NONE,0
B023,613E1450,B023_F0008,TRAIN,81,148.6,148.68,148.63,10,148.65,149.655,1.005,145.635,152.67,0,OK,NONE,NONE,0
B023,613E1450,B023_F0009,TRAIN,68,148.82,150.21,148.915,10,148.65,149.655,1.005,145.635,152.67,0,OK,NONE,NONE,0
B023,613E1450,B023_F0010,TRAIN,43,148.85,149.77,149.72,10,148.65,149.655,1.005,145.635,152.67,0,OK,NONE,NONE,0
B023,613E1450,B023_F0011,VALIDATION,223,148.53,149.03,148.64,10,148.65,149.655,1.005,145.635,152.67,0,OK,NONE,NONE,0
B023,613E1450,B023_F0012,TEST,70,148.33,148.41,148.41,10,148.65,149.655,1.005,145.635,152.67,0,OK,NONE,NONE,0
B024,613E1540,B024_F0001,TRAIN,46,186.85,187.9,187.195,25,186.365,187.195,0.83,183.875,189.685,0,OK,NONE,NONE,0
B024,613E1540,B024_F0002,TRAIN,34,186.92,188.18,187.38,25,186.365,187.195,0.83,183.875,189.685,0,OK,NONE,NONE,0
B024,613E1540,B024_F0003,TRAIN,86,186.2,186.8,186.47,25,186.365,187.195,0.83,183.875,189.685,0,OK,NONE,NONE,0
B024,613E1540,B024_F0004,TRAIN,69,186.01,187,186.29,25,186.365,187.195,0.83,183.875,189.685,0,OK,NONE,NONE,0
B024,613E1540,B024_F0005,TRAIN,129,186.13,187.69,186.81,25,186.365,187.195,0.83,183.875,189.685,0,OK,NONE,NONE,0
B024,613E1540,B024_F0006,TRAIN,150,186.33,186.72,186.42,25,186.365,187.195,0.83,183.875,189.685,0,OK,NONE,NONE,0
B024,613E1540,B024_F0007,TRAIN,134,186.23,187.78,186.615,25,186.365,187.195,0.83,183.875,189.685,0,OK,NONE,NONE,0
B024,613E1540,B024_F0008,TRAIN,66,186.17,190.11,186.98,25,186.365,187.195,0.83,183.875,189.685,0,OK,NONE,NONE,0
B024,613E1540,B024_F0009,TRAIN,95,186.56,187.74,186.91,25,186.365,187.195,0.83,183.875,189.685,0,OK,NONE,NONE,0
B024,613E1540,B024_F0010,TRAIN,146,186.12,187.93,186.55,25,186.365,187.195,0.83,183.875,189.685,0,OK,NONE,NONE,0
B024,613E1540,B024_F0011,TRAIN,169,186.26,194.48,187.95,25,186.365,187.195,0.83,183.875,189.685,0,OK,NONE,NONE,0
B024,613E1540,B024_F0012,TRAIN,74,185.87,186.03,185.94,25,186.365,187.195,0.83,183.875,189.685,0,OK,NONE,NONE,0
B024,613E1540,B024_F0013,TRAIN,98,186.31,187.86,186.82,25,186.365,187.195,0.83,183.875,189.685,0,OK,NONE,NONE,0
B024,613E1540,B024_F0014,TRAIN,76,186.33,187.59,186.665,25,186.365,187.195,0.83,183.875,189.685,0,OK,NONE,NONE,0
B024,613E1540,B024_F0015,TRAIN,37,186.17,190.75,187.33,25,186.365,187.195,0.83,183.875,189.685,0,OK,NONE,NONE,0
B024,613E1540,B024_F0016,TRAIN,44,186.5,189.93,187.32,25,186.365,187.195,0.83,183.875,189.685,0,OK,NONE,NONE,0
B024,613E1540,B024_F0017,TRAIN,48,186.13,186.77,186.365,25,186.365,187.195,0.83,183.875,189.685,0,OK,NONE,NONE,0
B024,613E1540,B024_F0018,TRAIN,66,186.13,186.53,186.265,25,186.365,187.195,0.83,183.875,189.685,0,OK,NONE,NONE,0
B024,613E1540,B024_F0019,TRAIN,37,186.09,186.39,186.23,25,186.365,187.195,0.83,183.875,189.685,0,OK,NONE,NONE,0
B024,613E1540,B024_F0020,TRAIN,56,186.01,186.2,186.12,25,186.365,187.195,0.83,183.875,189.685,0,OK,NONE,NONE,0
B024,613E1540,B024_F0021,TRAIN,51,186.1,186.23,186.17,25,186.365,187.195,0.83,183.875,189.685,0,OK,NONE,NONE,0
B024,613E1540,B024_F0022,TRAIN,143,186.21,187.44,186.48,25,186.365,187.195,0.83,183.875,189.685,0,OK,NONE,NONE,0
B024,613E1540,B024_F0023,TRAIN,35,186.42,189.01,187.23,25,186.365,187.195,0.83,183.875,189.685,0,OK,NONE,NONE,0
B024,613E1540,B024_F0024,TRAIN,118,186.67,189.58,187.505,25,186.365,187.195,0.83,183.875,189.685,0,OK,NONE,NONE,0
B024,613E1540,B024_F0025,TRAIN,114,185.94,187.68,186.505,25,186.365,187.195,0.83,183.875,189.685,0,OK,NONE,NONE,0
B024,613E1540,B024_F0026,VALIDATION,26,185.98,186.3,186.035,25,186.365,187.195,0.83,183.875,189.685,0,OK,NONE,NONE,0
B024,613E1540,B024_F0027,VALIDATION,28,186.14,186.28,186.19,25,186.365,187.195,0.83,183.875,189.685,0,OK,NONE,NONE,0
B024,613E1540,B024_F0028,VALIDATION,80,185.97,187.69,186.53,25,186.365,187.195,0.83,183.875,189.685,0,OK,NONE,NONE,0
B024,613E1540,B024_F0029,TEST,23,186,186.32,186.09,25,186.365,187.195,0.83,183.875,189.685,0,OK,NONE,NONE,0
B024,613E1540,B024_F0030,TEST,87,186.07,186.51,186.25,25,186.365,187.195,0.83,183.875,189.685,0,OK,NONE,NONE,0
B024,613E1540,B024_F0031,TEST,125,186.32,186.87,186.53,25,186.365,187.195,0.83,183.875,189.685,0,OK,NONE,NONE,0
B024,613E1540,B024_F0032,TEST,132,186.28,187.08,186.89,25,186.365,187.195,0.83,183.875,189.685,0,OK,NONE,NONE,0
B024,613E1540,B024_F0033,TEST,59,186.68,188.19,187.11,25,186.365,187.195,0.83,183.875,189.685,0,OK,NONE,NONE,0
B024,613E1540,B024_F0034,TEST,68,186.56,188.09,187.075,25,186.365,187.195,0.83,183.875,189.685,0,OK,NONE,NONE,0
B025,613E2580,B025_F0001,TRAIN,92,191.27,192.13,191.45,25,191.45,191.835,0.385,190.295,192.99,0,OK,NONE,NONE,0
B025,613E2580,B025_F0002,TRAIN,50,191.4,192.71,191.835,25,191.45,191.835,0.385,190.295,192.99,0,OK,NONE,NONE,0
B025,613E2580,B025_F0003,TRAIN,22,191.36,192.37,191.625,25,191.45,191.835,0.385,190.295,192.99,0,OK,NONE,NONE,0
B025,613E2580,B025_F0004,TRAIN,44,191.31,193.47,191.905,25,191.45,191.835,0.385,190.295,192.99,0,OK,NONE,NONE,0
B025,613E2580,B025_F0005,TRAIN,42,191.2,191.93,191.34,25,191.45,191.835,0.385,190.295,192.99,0,OK,NONE,NONE,0
B025,613E2580,B025_F0006,TRAIN,55,191.57,192.48,192.03,25,191.45,191.835,0.385,190.295,192.99,0,OK,NONE,NONE,0
B025,613E2580,B025_F0007,TRAIN,26,191.38,195.97,192.35,25,191.45,191.835,0.385,190.295,192.99,0,OK,NONE,NONE,0
B025,613E2580,B025_F0008,TRAIN,55,191.24,193.04,191.64,25,191.45,191.835,0.385,190.295,192.99,0,OK,NONE,NONE,0
B025,613E2580,B025_F0009,TRAIN,78,191.29,191.8,191.59,25,191.45,191.835,0.385,190.295,192.99,0,OK,NONE,NONE,0
B025,613E2580,B025_F0010,TRAIN,71,191.25,193.71,191.31,25,191.45,191.835,0.385,190.295,192.99,0,OK,NONE,NONE,0
B025,613E2580,B025_F0011,TRAIN,77,191.21,192.28,191.45,25,191.45,191.835,0.385,190.295,192.99,0,OK,NONE,NONE,0
B025,613E2580,B025_F0012,TRAIN,35,191.34,192.29,191.61,25,191.45,191.835,0.385,190.295,192.99,0,OK,NONE,NONE,0
B025,613E2580,B025_F0013,TRAIN,59,191.16,194.7,192.05,25,191.45,191.835,0.385,190.295,192.99,0,OK,NONE,NONE,0
B025,613E2580,B025_F0014,TRAIN,40,191.48,194.7,192.55,25,191.45,191.835,0.385,190.295,192.99,0,OK,NONE,NONE,0
B025,613E2580,B025_F0015,TRAIN,56,191.23,191.52,191.315,25,191.45,191.835,0.385,190.295,192.99,0,OK,NONE,NONE,0
B025,613E2580,B025_F0016,TRAIN,79,191.27,191.95,191.47,25,191.45,191.835,0.385,190.295,192.99,0,OK,NONE,NONE,0
B025,613E2580,B025_F0017,TRAIN,37,191.19,193.83,191.73,25,191.45,191.835,0.385,190.295,192.99,0,OK,NONE,NONE,0
B025,613E2580,B025_F0018,TRAIN,62,191.07,191.3,191.27,25,191.45,191.835,0.385,190.295,192.99,0,OK,NONE,NONE,0
B025,613E2580,B025_F0019,TRAIN,32,191.64,192.38,191.8,25,191.45,191.835,0.385,190.295,192.99,0,OK,NONE,NONE,0
B025,613E2580,B025_F0020,TRAIN,47,191.34,191.97,191.61,25,191.45,191.835,0.385,190.295,192.99,0,OK,NONE,NONE,0
B025,613E2580,B025_F0021,TRAIN,38,191.26,193.27,191.755,25,191.45,191.835,0.385,190.295,192.99,0,OK,NONE,NONE,0
B025,613E2580,B025_F0022,TRAIN,45,191.27,191.6,191.35,25,191.45,191.835,0.385,190.295,192.99,0,OK,NONE,NONE,0
B025,613E2580,B025_F0023,TRAIN,72,191.26,191.59,191.48,25,191.45,191.835,0.385,190.295,192.99,0,OK,NONE,NONE,0
B025,613E2580,B025_F0024,TRAIN,30,191.55,198.27,193.345,25,191.45,191.835,0.385,190.295,192.99,0,OK,NONE,NONE,0
B025,613E2580,B025_F0025,TRAIN,91,191.11,191.83,191.34,25,191.45,191.835,0.385,190.295,192.99,0,OK,NONE,NONE,0
B025,613E2580,B025_F0026,VALIDATION,66,191.03,191.3,191.19,25,191.45,191.835,0.385,190.295,192.99,0,OK,NONE,NONE,0
B025,613E2580,B025_F0027,VALIDATION,68,191.07,192.34,191.585,25,191.45,191.835,0.385,190.295,192.99,0,OK,NONE,NONE,0
B025,613E2580,B025_F0028,VALIDATION,25,191.49,193.7,191.98,25,191.45,191.835,0.385,190.295,192.99,0,OK,NONE,NONE,0
B025,613E2580,B025_F0029,VALIDATION,40,191.05,194.16,191.745,25,191.45,191.835,0.385,190.295,192.99,0,OK,NONE,NONE,0
B025,613E2580,B025_F0030,VALIDATION,27,191.1,199.91,192.83,25,191.45,191.835,0.385,190.295,192.99,0,OK,NONE,NONE,0
B025,613E2580,B025_F0031,VALIDATION,28,191.16,194.93,191.82,25,191.45,191.835,0.385,190.295,192.99,0,OK,NONE,NONE,0
B025,613E2580,B025_F0032,VALIDATION,45,191.16,191.72,191.32,25,191.45,191.835,0.385,190.295,192.99,0,OK,NONE,NONE,0
B025,613E2580,B025_F0033,TEST,39,191.11,192.21,191.4,25,191.45,191.835,0.385,190.295,192.99,0,OK,NONE,NONE,0
B028,613G1535,B028_F0001,TRAIN,121,1,4.65,1.43,16,1.14125,1.2975,0.15625,0.6725,1.76625,0,OK,NONE,NONE,0
B028,613G1535,B028_F0002,TRAIN,58,1.16,1.31,1.2,16,1.14125,1.2975,0.15625,0.6725,1.76625,0,OK,NONE,NONE,0
B028,613G1535,B028_F0003,TRAIN,66,1.05,1.21,1.165,16,1.14125,1.2975,0.15625,0.6725,1.76625,0,OK,NONE,NONE,0
B028,613G1535,B028_F0004,TRAIN,89,0.99,1.22,1.17,16,1.14125,1.2975,0.15625,0.6725,1.76625,0,OK,NONE,NONE,0
B028,613G1535,B028_F0005,TRAIN,40,1,2.39,1.42,16,1.14125,1.2975,0.15625,0.6725,1.76625,0,OK,NONE,NONE,0
B028,613G1535,B028_F0006,TRAIN,37,1.1,3.49,1.41,16,1.14125,1.2975,0.15625,0.6725,1.76625,0,OK,NONE,NONE,0
B028,613G1535,B028_F0007,TRAIN,29,1.28,3.97,1.66,16,1.14125,1.2975,0.15625,0.6725,1.76625,0,OK,NONE,NONE,0
B028,613G1535,B028_F0008,TRAIN,52,1.07,1.36,1.22,16,1.14125,1.2975,0.15625,0.6725,1.76625,0,OK,NONE,NONE,0
B028,613G1535,B028_F0009,TRAIN,72,1.17,1.41,1.26,16,1.14125,1.2975,0.15625,0.6725,1.76625,0,OK,NONE,NONE,0
B028,613G1535,B028_F0010,TRAIN,51,1.12,1.24,1.17,16,1.14125,1.2975,0.15625,0.6725,1.76625,0,OK,NONE,NONE,0
B028,613G1535,B028_F0011,TRAIN,50,0.71,1.27,1.22,16,1.14125,1.2975,0.15625,0.6725,1.76625,0,OK,NONE,NONE,0
B028,613G1535,B028_F0012,TRAIN,22,0.98,1.09,1.045,16,1.14125,1.2975,0.15625,0.6725,1.76625,0,OK,NONE,NONE,0
B028,613G1535,B028_F0013,TRAIN,49,0.97,1.33,1.07,16,1.14125,1.2975,0.15625,0.6725,1.76625,0,OK,NONE,NONE,0
B028,613G1535,B028_F0014,TRAIN,79,0.77,1.11,0.96,16,1.14125,1.2975,0.15625,0.6725,1.76625,0,OK,NONE,NONE,0
B028,613G1535,B028_F0015,TRAIN,45,0.89,2.05,1.19,16,1.14125,1.2975,0.15625,0.6725,1.76625,0,OK,NONE,NONE,0
B028,613G1535,B028_F0016,TRAIN,53,0.9,1.19,0.99,16,1.14125,1.2975,0.15625,0.6725,1.76625,0,OK,NONE,NONE,0
B028,613G1535,B028_F0017,VALIDATION,58,0.79,0.9,0.86,16,1.14125,1.2975,0.15625,0.6725,1.76625,0,OK,NONE,NONE,0
B028,613G1535,B028_F0018,TEST,19,0.27,0.33,0.28,16,1.14125,1.2975,0.15625,0.6725,1.76625,1,REVIEW,NONTRAIN_EVENT_OUTSIDE_TRAIN_REFERENCE_FENCE,NONE_DO_NOT_FILTER_VALIDATION_OR_TEST,0
B029,613H1300,B029_F0001,TRAIN,30,259.48,259.86,259.53,6,260.22125,263.585,3.36375,250.13,273.67625,0,OK,NONE,NONE,0
B029,613H1300,B029_F0002,TRAIN,58,260.01,260.59,260.11,6,260.22125,263.585,3.36375,250.13,273.67625,0,OK,NONE,NONE,0
B029,613H1300,B029_F0003,TRAIN,64,259.96,261.82,260.555,6,260.22125,263.585,3.36375,250.13,273.67625,0,OK,NONE,NONE,0
B029,613H1300,B029_F0004,TRAIN,29,263.09,264.02,263.45,6,260.22125,263.585,3.36375,250.13,273.67625,0,OK,NONE,NONE,0
B029,613H1300,B029_F0005,TRAIN,24,263,264.2,263.63,6,260.22125,263.585,3.36375,250.13,273.67625,0,OK,NONE,NONE,0
B029,613H1300,B029_F0006,TRAIN,107,266.92,268.29,267.55,6,260.22125,263.585,3.36375,250.13,273.67625,0,OK,NONE,NONE,0
B029,613H1300,B029_F0007,VALIDATION,15,265,268.05,266.16,6,260.22125,263.585,3.36375,250.13,273.67625,0,OK,NONE,NONE,0
B030,613H9508,B030_F0001,TRAIN,38,163.95,164.64,164.155,5,163.86,164.155,0.295,162.975,165.04,0,OK,NONE,NONE,0
B030,613H9508,B030_F0002,TRAIN,49,163.39,164.66,163.89,5,163.86,164.155,0.295,162.975,165.04,0,OK,NONE,NONE,0
B030,613H9508,B030_F0003,TRAIN,40,164.17,165.37,164.615,5,163.86,164.155,0.295,162.975,165.04,0,OK,NONE,NONE,0
B030,613H9508,B030_F0004,TRAIN,30,163.09,164.1,163.525,5,163.86,164.155,0.295,162.975,165.04,0,OK,NONE,NONE,0
B030,613H9508,B030_F0005,TRAIN,26,163.46,164.07,163.86,5,163.86,164.155,0.295,162.975,165.04,0,OK,NONE,NONE,0
B030,613H9508,B030_F0006,VALIDATION,42,163.5,164.13,163.79,5,163.86,164.155,0.295,162.975,165.04,0,OK,NONE,NONE,0
B031,61402050,B031_F0001,TRAIN,62,306.73,307.68,307.18,29,306.67,306.865,0.195,306.085,307.45,0,OK,NONE,NONE,0
B031,61402050,B031_F0002,TRAIN,51,306.79,306.9,306.84,29,306.67,306.865,0.195,306.085,307.45,0,OK,NONE,NONE,0
B031,61402050,B031_F0003,TRAIN,55,306.66,306.83,306.75,29,306.67,306.865,0.195,306.085,307.45,0,OK,NONE,NONE,0
B031,61402050,B031_F0004,TRAIN,51,306.54,306.87,306.63,29,306.67,306.865,0.195,306.085,307.45,0,OK,NONE,NONE,0
B031,61402050,B031_F0005,TRAIN,62,306.66,308.74,306.88,29,306.67,306.865,0.195,306.085,307.45,0,OK,NONE,NONE,0
B031,61402050,B031_F0006,TRAIN,23,306.8,306.91,306.82,29,306.67,306.865,0.195,306.085,307.45,0,OK,NONE,NONE,0
B031,61402050,B031_F0007,TRAIN,40,306.56,306.64,306.59,29,306.67,306.865,0.195,306.085,307.45,0,OK,NONE,NONE,0
B031,61402050,B031_F0008,TRAIN,83,306.55,306.94,306.7,29,306.67,306.865,0.195,306.085,307.45,0,OK,NONE,NONE,0
B031,61402050,B031_F0009,TRAIN,54,306.77,306.99,306.865,29,306.67,306.865,0.195,306.085,307.45,0,OK,NONE,NONE,0
B031,61402050,B031_F0010,TRAIN,28,306.4,306.52,306.42,29,306.67,306.865,0.195,306.085,307.45,0,OK,NONE,NONE,0
B031,61402050,B031_F0011,TRAIN,76,306.68,306.83,306.74,29,306.67,306.865,0.195,306.085,307.45,0,OK,NONE,NONE,0
B031,61402050,B031_F0012,TRAIN,35,306.75,306.98,306.88,29,306.67,306.865,0.195,306.085,307.45,0,OK,NONE,NONE,0
B031,61402050,B031_F0013,TRAIN,105,306.99,307.17,307.06,29,306.67,306.865,0.195,306.085,307.45,0,OK,NONE,NONE,0
B031,61402050,B031_F0014,TRAIN,99,306.82,307.22,306.91,29,306.67,306.865,0.195,306.085,307.45,0,OK,NONE,NONE,0
B031,61402050,B031_F0015,TRAIN,151,306.66,306.9,306.77,29,306.67,306.865,0.195,306.085,307.45,0,OK,NONE,NONE,0
B031,61402050,B031_F0016,TRAIN,77,306.58,306.76,306.66,29,306.67,306.865,0.195,306.085,307.45,0,OK,NONE,NONE,0
B031,61402050,B031_F0017,TRAIN,56,306.62,306.76,306.67,29,306.67,306.865,0.195,306.085,307.45,0,OK,NONE,NONE,0
B031,61402050,B031_F0018,TRAIN,66,306.62,307.3,306.83,29,306.67,306.865,0.195,306.085,307.45,0,OK,NONE,NONE,0
B031,61402050,B031_F0019,TRAIN,66,306.68,306.77,306.73,29,306.67,306.865,0.195,306.085,307.45,0,OK,NONE,NONE,0
B031,61402050,B031_F0020,TRAIN,64,306.66,307.22,306.835,29,306.67,306.865,0.195,306.085,307.45,0,OK,NONE,NONE,0
B031,61402050,B031_F0021,TRAIN,56,306.78,306.88,306.82,29,306.67,306.865,0.195,306.085,307.45,0,OK,NONE,NONE,0
B031,61402050,B031_F0022,TRAIN,57,306.66,306.82,306.7,29,306.67,306.865,0.195,306.085,307.45,0,OK,NONE,NONE,0
B031,61402050,B031_F0023,TRAIN,57,306.6,306.76,306.66,29,306.67,306.865,0.195,306.085,307.45,0,OK,NONE,NONE,0
B031,61402050,B031_F0024,TRAIN,65,306.6,306.67,306.65,29,306.67,306.865,0.195,306.085,307.45,0,OK,NONE,NONE,0
B031,61402050,B031_F0025,TRAIN,62,306.69,306.95,306.76,29,306.67,306.865,0.195,306.085,307.45,0,OK,NONE,NONE,0
B031,61402050,B031_F0026,TRAIN,68,306.92,307.66,307.195,29,306.67,306.865,0.195,306.085,307.45,0,OK,NONE,NONE,0
B031,61402050,B031_F0027,TRAIN,34,307.08,307.24,307.185,29,306.67,306.865,0.195,306.085,307.45,0,OK,NONE,NONE,0
B031,61402050,B031_F0028,TRAIN,25,306.65,306.95,306.66,29,306.67,306.865,0.195,306.085,307.45,0,OK,NONE,NONE,0
B031,61402050,B031_F0029,TRAIN,30,306.63,306.88,306.69,29,306.67,306.865,0.195,306.085,307.45,0,OK,NONE,NONE,0
B031,61402050,B031_F0030,VALIDATION,50,306.57,306.82,306.66,29,306.67,306.865,0.195,306.085,307.45,0,OK,NONE,NONE,0
B031,61402050,B031_F0031,VALIDATION,98,306.63,306.74,306.69,29,306.67,306.865,0.195,306.085,307.45,0,OK,NONE,NONE,0
B031,61402050,B031_F0032,VALIDATION,76,306.64,306.93,306.72,29,306.67,306.865,0.195,306.085,307.45,0,OK,NONE,NONE,0
B031,61402050,B031_F0033,VALIDATION,66,306.64,306.72,306.66,29,306.67,306.865,0.195,306.085,307.45,0,OK,NONE,NONE,0
B031,61402050,B031_F0034,VALIDATION,76,306.68,307.4,306.93,29,306.67,306.865,0.195,306.085,307.45,0,OK,NONE,NONE,0
B031,61402050,B031_F0035,VALIDATION,66,306.75,307.71,307.005,29,306.67,306.865,0.195,306.085,307.45,0,OK,NONE,NONE,0
B031,61402050,B031_F0036,TEST,34,306.65,306.76,306.66,29,306.67,306.865,0.195,306.085,307.45,0,OK,NONE,NONE,0
B031,61402050,B031_F0037,TEST,18,306.66,306.72,306.66,29,306.67,306.865,0.195,306.085,307.45,0,OK,NONE,NONE,0
B031,61402050,B031_F0038,TEST,22,306.66,306.74,306.675,29,306.67,306.865,0.195,306.085,307.45,0,OK,NONE,NONE,0
B031,61402050,B031_F0039,TEST,103,306.66,307.29,306.9,29,306.67,306.865,0.195,306.085,307.45,0,OK,NONE,NONE,0
B031,61402050,B031_F0040,TEST,82,306.75,306.83,306.82,29,306.67,306.865,0.195,306.085,307.45,0,OK,NONE,NONE,0
B031,61402050,B031_F0041,TEST,71,306.61,306.78,306.66,29,306.67,306.865,0.195,306.085,307.45,0,OK,NONE,NONE,0
B031,61402050,B031_F0042,TEST,100,306.83,306.96,306.87,29,306.67,306.865,0.195,306.085,307.45,0,OK,NONE,NONE,0
B031,61402050,B031_F0043,TEST,78,306.85,307.01,306.92,29,306.67,306.865,0.195,306.085,307.45,0,OK,NONE,NONE,0
B031,61402050,B031_F0044,TEST,33,306.9,307.01,306.95,29,306.67,306.865,0.195,306.085,307.45,0,OK,NONE,NONE,0
B032,614E1550,B032_F0001,TRAIN,49,274.65,275.38,274.88,34,274.5625,274.7375,0.175,274.0375,275.2625,0,OK,NONE,NONE,0
B032,614E1550,B032_F0002,TRAIN,57,274.6,274.71,274.65,34,274.5625,274.7375,0.175,274.0375,275.2625,0,OK,NONE,NONE,0
B032,614E1550,B032_F0003,TRAIN,54,274.49,274.97,274.55,34,274.5625,274.7375,0.175,274.0375,275.2625,0,OK,NONE,NONE,0
B032,614E1550,B032_F0004,TRAIN,52,274.54,275,274.71,34,274.5625,274.7375,0.175,274.0375,275.2625,0,OK,NONE,NONE,0
B032,614E1550,B032_F0005,TRAIN,37,274.51,275.5,274.79,34,274.5625,274.7375,0.175,274.0375,275.2625,0,OK,NONE,NONE,0
B032,614E1550,B032_F0006,TRAIN,46,274.53,276.48,274.855,34,274.5625,274.7375,0.175,274.0375,275.2625,0,OK,NONE,NONE,0
B032,614E1550,B032_F0007,TRAIN,46,274.42,274.73,274.51,34,274.5625,274.7375,0.175,274.0375,275.2625,0,OK,NONE,NONE,0
B032,614E1550,B032_F0008,TRAIN,47,274.52,274.71,274.54,34,274.5625,274.7375,0.175,274.0375,275.2625,0,OK,NONE,NONE,0
B032,614E1550,B032_F0009,TRAIN,78,274.48,275.15,274.665,34,274.5625,274.7375,0.175,274.0375,275.2625,0,OK,NONE,NONE,0
B032,614E1550,B032_F0010,TRAIN,72,274.42,275.05,274.685,34,274.5625,274.7375,0.175,274.0375,275.2625,0,OK,NONE,NONE,0
B032,614E1550,B032_F0011,TRAIN,47,274.45,274.67,274.51,34,274.5625,274.7375,0.175,274.0375,275.2625,0,OK,NONE,NONE,0
B032,614E1550,B032_F0012,TRAIN,67,274.45,275.5,274.67,34,274.5625,274.7375,0.175,274.0375,275.2625,0,OK,NONE,NONE,0
B032,614E1550,B032_F0013,TRAIN,91,274.42,274.82,274.44,34,274.5625,274.7375,0.175,274.0375,275.2625,0,OK,NONE,NONE,0
B032,614E1550,B032_F0014,TRAIN,59,274.45,275.61,274.65,34,274.5625,274.7375,0.175,274.0375,275.2625,0,OK,NONE,NONE,0
B032,614E1550,B032_F0015,TRAIN,42,274.4,275.09,274.58,34,274.5625,274.7375,0.175,274.0375,275.2625,0,OK,NONE,NONE,0
B032,614E1550,B032_F0016,TRAIN,75,274.42,274.58,274.52,34,274.5625,274.7375,0.175,274.0375,275.2625,0,OK,NONE,NONE,0
B032,614E1550,B032_F0017,TRAIN,59,274.5,275.27,274.74,34,274.5625,274.7375,0.175,274.0375,275.2625,0,OK,NONE,NONE,0
B032,614E1550,B032_F0018,TRAIN,118,274.48,274.83,274.58,34,274.5625,274.7375,0.175,274.0375,275.2625,0,OK,NONE,NONE,0
B032,614E1550,B032_F0019,TRAIN,41,274.49,275.05,274.61,34,274.5625,274.7375,0.175,274.0375,275.2625,0,OK,NONE,NONE,0
B032,614E1550,B032_F0020,TRAIN,35,274.54,274.59,274.56,34,274.5625,274.7375,0.175,274.0375,275.2625,0,OK,NONE,NONE,0
B032,614E1550,B032_F0021,TRAIN,23,274.52,274.58,274.52,34,274.5625,274.7375,0.175,274.0375,275.2625,0,OK,NONE,NONE,0
B032,614E1550,B032_F0022,TRAIN,37,274.53,274.6,274.57,34,274.5625,274.7375,0.175,274.0375,275.2625,0,OK,NONE,NONE,0
B032,614E1550,B032_F0023,TRAIN,33,274.56,274.64,274.59,34,274.5625,274.7375,0.175,274.0375,275.2625,0,OK,NONE,NONE,0
B032,614E1550,B032_F0024,TRAIN,56,274.53,274.98,274.66,34,274.5625,274.7375,0.175,274.0375,275.2625,0,OK,NONE,NONE,0
B032,614E1550,B032_F0025,TRAIN,61,274.45,274.83,274.57,34,274.5625,274.7375,0.175,274.0375,275.2625,0,OK,NONE,NONE,0
B032,614E1550,B032_F0026,TRAIN,25,274.69,275.11,274.88,34,274.5625,274.7375,0.175,274.0375,275.2625,0,OK,NONE,NONE,0
B032,614E1550,B032_F0027,TRAIN,46,274.64,275.11,274.845,34,274.5625,274.7375,0.175,274.0375,275.2625,0,OK,NONE,NONE,0
B032,614E1550,B032_F0028,TRAIN,41,274.66,275.59,275.02,34,274.5625,274.7375,0.175,274.0375,275.2625,0,OK,NONE,NONE,0
B032,614E1550,B032_F0029,TRAIN,60,274.48,274.95,274.73,34,274.5625,274.7375,0.175,274.0375,275.2625,0,OK,NONE,NONE,0
B032,614E1550,B032_F0030,TRAIN,35,274.56,276.02,274.88,34,274.5625,274.7375,0.175,274.0375,275.2625,0,OK,NONE,NONE,0
B032,614E1550,B032_F0031,TRAIN,31,274.64,275.12,274.75,34,274.5625,274.7375,0.175,274.0375,275.2625,0,OK,NONE,NONE,0
B032,614E1550,B032_F0032,TRAIN,77,274.31,274.6,274.43,34,274.5625,274.7375,0.175,274.0375,275.2625,0,OK,NONE,NONE,0
B032,614E1550,B032_F0033,TRAIN,91,274.42,275.12,274.6,34,274.5625,274.7375,0.175,274.0375,275.2625,0,OK,NONE,NONE,0
B032,614E1550,B032_F0034,TRAIN,38,274.51,275.12,274.61,34,274.5625,274.7375,0.175,274.0375,275.2625,0,OK,NONE,NONE,0
B032,614E1550,B032_F0035,VALIDATION,41,274.45,274.68,274.63,34,274.5625,274.7375,0.175,274.0375,275.2625,0,OK,NONE,NONE,0
B032,614E1550,B032_F0036,VALIDATION,88,274.48,274.89,274.58,34,274.5625,274.7375,0.175,274.0375,275.2625,0,OK,NONE,NONE,0
B032,614E1550,B032_F0037,VALIDATION,41,274.49,276.12,274.85,34,274.5625,274.7375,0.175,274.0375,275.2625,0,OK,NONE,NONE,0
B032,614E1550,B032_F0038,VALIDATION,61,274.53,274.64,274.56,34,274.5625,274.7375,0.175,274.0375,275.2625,0,OK,NONE,NONE,0
B032,614E1550,B032_F0039,TEST,93,274.42,274.57,274.48,34,274.5625,274.7375,0.175,274.0375,275.2625,0,OK,NONE,NONE,0
B032,614E1550,B032_F0040,TEST,67,274.53,274.84,274.62,34,274.5625,274.7375,0.175,274.0375,275.2625,0,OK,NONE,NONE,0
B034,61711890,B034_F0001,TRAIN,65,23.09,25.14,23.34,19,23.235,23.7025,0.4675,21.8325,25.105,0,OK,NONE,NONE,0
B034,61711890,B034_F0002,TRAIN,45,23.29,25.26,23.78,19,23.235,23.7025,0.4675,21.8325,25.105,0,OK,NONE,NONE,0
B034,61711890,B034_F0003,TRAIN,32,23.12,24.04,23.4,19,23.235,23.7025,0.4675,21.8325,25.105,0,OK,NONE,NONE,0
B034,61711890,B034_F0004,TRAIN,46,23.23,26.24,23.945,19,23.235,23.7025,0.4675,21.8325,25.105,0,OK,NONE,NONE,0
B034,61711890,B034_F0005,TRAIN,99,23.01,23.62,23.14,19,23.235,23.7025,0.4675,21.8325,25.105,0,OK,NONE,NONE,0
B034,61711890,B034_F0006,TRAIN,63,23.11,23.65,23.25,19,23.235,23.7025,0.4675,21.8325,25.105,0,OK,NONE,NONE,0
B034,61711890,B034_F0007,TRAIN,59,23.98,24.52,24.13,19,23.235,23.7025,0.4675,21.8325,25.105,0,OK,NONE,NONE,0
B034,61711890,B034_F0008,TRAIN,91,23.01,23.75,23.27,19,23.235,23.7025,0.4675,21.8325,25.105,0,OK,NONE,NONE,0
B034,61711890,B034_F0009,TRAIN,49,23.04,25.31,23.5,19,23.235,23.7025,0.4675,21.8325,25.105,0,OK,NONE,NONE,0
B034,61711890,B034_F0010,TRAIN,64,23.55,25.23,23.99,19,23.235,23.7025,0.4675,21.8325,25.105,0,OK,NONE,NONE,0
B034,61711890,B034_F0011,TRAIN,139,24.26,24.95,24.34,19,23.235,23.7025,0.4675,21.8325,25.105,0,OK,NONE,NONE,0
B034,61711890,B034_F0012,TRAIN,32,23.16,23.83,23.22,19,23.235,23.7025,0.4675,21.8325,25.105,0,OK,NONE,NONE,0
B034,61711890,B034_F0013,TRAIN,78,23.15,23.66,23.315,19,23.235,23.7025,0.4675,21.8325,25.105,0,OK,NONE,NONE,0
B034,61711890,B034_F0014,TRAIN,55,23.08,23.56,23.21,19,23.235,23.7025,0.4675,21.8325,25.105,0,OK,NONE,NONE,0
B034,61711890,B034_F0015,TRAIN,38,23.02,25.3,23.625,19,23.235,23.7025,0.4675,21.8325,25.105,0,OK,NONE,NONE,0
B034,61711890,B034_F0016,TRAIN,26,23.22,24.05,23.35,19,23.235,23.7025,0.4675,21.8325,25.105,0,OK,NONE,NONE,0
B034,61711890,B034_F0017,TRAIN,57,23.15,25.11,23.5,19,23.235,23.7025,0.4675,21.8325,25.105,0,OK,NONE,NONE,0
B034,61711890,B034_F0018,TRAIN,55,22.98,23.19,23.06,19,23.235,23.7025,0.4675,21.8325,25.105,0,OK,NONE,NONE,0
B034,61711890,B034_F0019,TRAIN,203,23.03,23.91,23.1,19,23.235,23.7025,0.4675,21.8325,25.105,0,OK,NONE,NONE,0
B034,61711890,B034_F0020,VALIDATION,15,24.04,24.41,24.1,19,23.235,23.7025,0.4675,21.8325,25.105,0,OK,NONE,NONE,0
B034,61711890,B034_F0021,VALIDATION,35,22.95,25.49,23.61,19,23.235,23.7025,0.4675,21.8325,25.105,0,OK,NONE,NONE,0
B034,61711890,B034_F0022,VALIDATION,37,22.97,24.59,23.59,19,23.235,23.7025,0.4675,21.8325,25.105,0,OK,NONE,NONE,0
B034,61711890,B034_F0023,VALIDATION,23,23.01,23.57,23.12,19,23.235,23.7025,0.4675,21.8325,25.105,0,OK,NONE,NONE,0
B034,61711890,B034_F0024,TEST,110,23.04,24.58,23.585,19,23.235,23.7025,0.4675,21.8325,25.105,0,OK,NONE,NONE,0
B034,61711890,B034_F0025,TEST,39,23.29,24.21,23.51,19,23.235,23.7025,0.4675,21.8325,25.105,0,OK,NONE,NONE,0
B034,61711890,B034_F0026,TEST,65,23.21,23.53,23.41,19,23.235,23.7025,0.4675,21.8325,25.105,0,OK,NONE,NONE,0
B035,810G0060,B035_F0001,TRAIN,28,260.34,260.98,260.47,4,259.55,260.4725,0.9225,256.7825,263.24,0,OK,NONE,NONE,0
B035,810G0060,B035_F0002,TRAIN,36,260.37,260.85,260.48,4,259.55,260.4725,0.9225,256.7825,263.24,0,OK,NONE,NONE,0
B035,810G0060,B035_F0003,TRAIN,67,259,260.26,259.65,4,259.55,260.4725,0.9225,256.7825,263.24,0,OK,NONE,NONE,0
B035,810G0060,B035_F0004,TRAIN,40,259.17,260.55,259.25,4,259.55,260.4725,0.9225,256.7825,263.24,0,OK,NONE,NONE,0
