FILE,STATION_ID,ROW_COUNT_RAW,ROW_COUNT_USED,INTERNAL_ID_MISMATCH,HAS_FLOW_FIELD,HAS_LEVEL_FIELD,NEGATIVE_FLOW_RAW_AS_MISSING,NEGATIVE_FLOW_IN_RANGE_AS_MISSING,NEGATIVE_FLOW_SELECTED_AS_MISSING,NEGATIVE_FLOW_RAW_RETAINED,NEGATIVE_FLOW_IN_RANGE_RETAINED,NEGATIVE_FLOW_SELECTED_RETAINED,STATUS
E:\FSN-PostDoc\other-projects\Flash flood prediction\Hunan\归档_正确解压\河道\三里溪_613K2251.csv,613K2251,8,0,0,1,1,0,0,0,0,0,0,LOADED
E:\FSN-PostDoc\other-projects\Flash flood prediction\Hunan\归档_正确解压\河道\上扶水库_611H2605.csv,611H2605,95,0,0,1,1,0,0,0,0,0,0,LOADED
E:\FSN-PostDoc\other-projects\Flash flood prediction\Hunan\归档_正确解压\河道\东泉公园_611H0751.csv,611H0751,1659,1622,0,1,1,0,0,0,0,0,0,LOADED
E:\FSN-PostDoc\other-projects\Flash flood prediction\Hunan\归档_正确解压\河道\临湘_617E2950.csv,617E2950,81204,42392,0,1,1,0,0,0,0,0,0,LOADED
E:\FSN-PostDoc\other-projects\Flash flood prediction\Hunan\归档_正确解压\河道\乌川水库_611F2023.csv,611F2023,15813,14832,0,1,1,0,0,0,0,0,0,LOADED
E:\FSN-PostDoc\other-projects\Flash flood prediction\Hunan\归档_正确解压\河道\乾州_613E1540.csv,613E1540,81407,42151,0,1,1,0,0,0,0,0,0,LOADED
E:\FSN-PostDoc\other-projects\Flash flood prediction\Hunan\归档_正确解压\河道\井坡_611G3130.csv,611G3130,80458,40776,0,1,1,0,0,0,0,0,0,LOADED
E:\FSN-PostDoc\other-projects\Flash flood prediction\Hunan\归档_正确解压\河道\先锋_613H0214.csv,613H0214,19505,16431,0,1,1,0,0,0,0,0,0,LOADED
E:\FSN-PostDoc\other-projects\Flash flood prediction\Hunan\归档_正确解压\河道\八家湾大桥_614H0033.csv,614H0033,366,317,0,1,1,0,0,0,0,0,0,LOADED
E:\FSN-PostDoc\other-projects\Flash flood prediction\Hunan\归档_正确解压\河道\六步溪_612E2390.csv,612E2390,70739,40074,0,1,1,0,0,0,0,0,0,LOADED
E:\FSN-PostDoc\other-projects\Flash flood prediction\Hunan\归档_正确解压\河道\军民水库_611H1843.csv,611H1843,33,1,0,1,1,0,0,0,0,0,0,LOADED
E:\FSN-PostDoc\other-projects\Flash flood prediction\Hunan\归档_正确解压\河道\刘家岗_614E1550.csv,614E1550,81955,42705,0,1,1,0,0,0,0,0,0,LOADED
E:\FSN-PostDoc\other-projects\Flash flood prediction\Hunan\归档_正确解压\河道\加义(二)_61510100.csv,61510100,81875,42182,0,1,1,0,0,0,0,0,0,LOADED
E:\FSN-PostDoc\other-projects\Flash flood prediction\Hunan\归档_正确解压\河道\县城_613H1300.csv,613H1300,79508,40002,0,1,1,0,0,0,0,0,0,LOADED
E:\FSN-PostDoc\other-projects\Flash flood prediction\Hunan\归档_正确解压\河道\合水_613E0900.csv,613E0900,63050,40279,0,1,1,0,0,0,0,0,0,LOADED
E:\FSN-PostDoc\other-projects\Flash flood prediction\Hunan\归档_正确解压\河道\吉信_613E1630.csv,613E1630,75548,36374,0,1,1,0,0,0,0,0,0,LOADED
E:\FSN-PostDoc\other-projects\Flash flood prediction\Hunan\归档_正确解压\河道\团结水库_611H1860.csv,611H1860,28,1,0,1,1,0,0,0,0,0,0,LOADED
E:\FSN-PostDoc\other-projects\Flash flood prediction\Hunan\归档_正确解压\河道\坪村_613E0590.csv,613E0590,77747,41783,0,1,1,0,0,0,0,0,0,LOADED
E:\FSN-PostDoc\other-projects\Flash flood prediction\Hunan\归档_正确解压\河道\城关_611G3150.csv,611G3150,70551,35988,0,1,1,0,0,0,0,0,0,LOADED
E:\FSN-PostDoc\other-projects\Flash flood prediction\Hunan\归档_正确解压\河道\外沙乡_611G3160.csv,611G3160,78618,37221,0,1,1,0,0,0,0,0,0,LOADED
E:\FSN-PostDoc\other-projects\Flash flood prediction\Hunan\归档_正确解压\河道\大麻_611H0397.csv,611H0397,20855,17929,0,1,1,0,0,0,0,0,0,LOADED
E:\FSN-PostDoc\other-projects\Flash flood prediction\Hunan\归档_正确解压\河道\天子地_611H0547.csv,611H0547,1654,1615,0,1,1,0,0,0,0,0,0,LOADED
E:\FSN-PostDoc\other-projects\Flash flood prediction\Hunan\归档_正确解压\河道\太平铺_613H2228.csv,613H2228,8912,8412,0,1,1,0,0,0,0,0,0,LOADED
E:\FSN-PostDoc\other-projects\Flash flood prediction\Hunan\归档_正确解压\河道\宋家_611H2657.csv,611H2657,15033,9842,0,1,1,0,0,0,0,0,0,LOADED
E:\FSN-PostDoc\other-projects\Flash flood prediction\Hunan\归档_正确解压\河道\官桥_611F2000.csv,611F2000,41034,36336,0,1,1,0,0,0,0,0,0,LOADED
E:\FSN-PostDoc\other-projects\Flash flood prediction\Hunan\归档_正确解压\河道\山河_611K0501.csv,611K0501,2,0,0,1,1,0,0,0,0,0,0,LOADED
E:\FSN-PostDoc\other-projects\Flash flood prediction\Hunan\归档_正确解压\河道\山门街_612H0500.csv,612H0500,64810,40715,0,1,1,0,0,0,0,0,0,LOADED
E:\FSN-PostDoc\other-projects\Flash flood prediction\Hunan\归档_正确解压\河道\岩塘水库_612H0510.csv,612H0510,70,0,0,1,1,0,0,0,0,0,0,LOADED
E:\FSN-PostDoc\other-projects\Flash flood prediction\Hunan\归档_正确解压\河道\岩门_613E1450.csv,613E1450,79722,40185,0,1,1,0,0,0,0,0,0,LOADED
E:\FSN-PostDoc\other-projects\Flash flood prediction\Hunan\归档_正确解压\河道\岩门_613H9508.csv,613H9508,45936,17311,0,1,1,0,0,0,0,0,0,LOADED
E:\FSN-PostDoc\other-projects\Flash flood prediction\Hunan\归档_正确解压\河道\岳龙水库_611H1856.csv,611H1856,47,19,0,1,1,0,0,0,0,0,0,LOADED
E:\FSN-PostDoc\other-projects\Flash flood prediction\Hunan\归档_正确解压\河道\峡山塘_61114260.csv,61114260,4,0,0,1,1,0,0,0,0,0,0,LOADED
E:\FSN-PostDoc\other-projects\Flash flood prediction\Hunan\归档_正确解压\河道\廖家_611G3140.csv,611G3140,78299,38364,0,1,1,0,0,0,0,0,0,LOADED
E:\FSN-PostDoc\other-projects\Flash flood prediction\Hunan\归档_正确解压\河道\廖家庄_611H0394.csv,611H0394,14279,12817,0,1,1,0,0,0,0,0,0,LOADED
E:\FSN-PostDoc\other-projects\Flash flood prediction\Hunan\归档_正确解压\河道\所城下游_611H0399.csv,611H0399,13607,12038,0,1,1,0,0,0,0,0,0,LOADED
E:\FSN-PostDoc\other-projects\Flash flood prediction\Hunan\归档_正确解压\河道\所城村_611H0396.csv,611H0396,18639,16116,0,1,1,0,0,0,0,0,0,LOADED
E:\FSN-PostDoc\other-projects\Flash flood prediction\Hunan\归档_正确解压\河道\所城河道_611H0361.csv,611H0361,75722,40830,0,1,1,0,0,0,0,0,0,LOADED
E:\FSN-PostDoc\other-projects\Flash flood prediction\Hunan\归档_正确解压\河道\报木林_613H0212.csv,613H0212,19396,16371,0,1,1,0,0,0,0,0,0,LOADED
E:\FSN-PostDoc\other-projects\Flash flood prediction\Hunan\归档_正确解压\河道\拉豪中桥_613H0213.csv,613H0213,19939,16840,0,1,1,0,0,0,0,0,0,LOADED
E:\FSN-PostDoc\other-projects\Flash flood prediction\Hunan\归档_正确解压\河道\杨楼_611H2656.csv,611H2656,15575,14504,0,1,1,0,0,0,0,0,0,LOADED
E:\FSN-PostDoc\other-projects\Flash flood prediction\Hunan\归档_正确解压\河道\松阳坪_613E2680.csv,613E2680,77997,36184,0,1,1,0,0,0,0,0,0,LOADED
E:\FSN-PostDoc\other-projects\Flash flood prediction\Hunan\归档_正确解压\河道\标志门_614G2040.csv,614G2040,55333,30563,0,1,1,0,0,0,0,0,0,LOADED
E:\FSN-PostDoc\other-projects\Flash flood prediction\Hunan\归档_正确解压\河道\桥口_611H4513.csv,611H4513,1660,1623,0,1,1,0,0,0,0,0,0,LOADED
E:\FSN-PostDoc\other-projects\Flash flood prediction\Hunan\归档_正确解压\河道\梨树洲_611K1658.csv,611K1658,80,0,0,1,1,0,0,0,0,0,0,LOADED
E:\FSN-PostDoc\other-projects\Flash flood prediction\Hunan\归档_正确解压\河道\横江水上游_611H0393.csv,611H0393,21957,18496,0,1,1,0,0,0,0,0,0,LOADED
E:\FSN-PostDoc\other-projects\Flash flood prediction\Hunan\归档_正确解压\河道\武水桥_810G0060.csv,810G0060,76614,36001,0,1,1,0,0,0,0,0,0,LOADED
E:\FSN-PostDoc\other-projects\Flash flood prediction\Hunan\归档_正确解压\河道\武陵源_61402050.csv,61402050,83609,43731,0,1,1,0,0,0,0,0,0,LOADED
E:\FSN-PostDoc\other-projects\Flash flood prediction\Hunan\归档_正确解压\河道\毛家_611E1500.csv,611E1500,84907,42873,0,1,1,0,0,0,0,0,0,LOADED
E:\FSN-PostDoc\other-projects\Flash flood prediction\Hunan\归档_正确解压\河道\水东_612E1060.csv,612E1060,77950,42203,0,1,1,0,0,0,0,0,0,LOADED
E:\FSN-PostDoc\other-projects\Flash flood prediction\Hunan\归档_正确解压\河道\水口镇_611H1650.csv,611H1650,79108,42829,0,1,1,0,0,0,0,0,0,LOADED
E:\FSN-PostDoc\other-projects\Flash flood prediction\Hunan\归档_正确解压\河道\水西_611E1800.csv,611E1800,82878,41654,0,1,1,0,0,0,0,0,0,LOADED
E:\FSN-PostDoc\other-projects\Flash flood prediction\Hunan\归档_正确解压\河道\永江Ⅲ级(胡家洞)_611K0151.csv,611K0151,2,0,0,1,1,0,0,0,0,0,0,LOADED
E:\FSN-PostDoc\other-projects\Flash flood prediction\Hunan\归档_正确解压\河道\汝城_61108780.csv,61108780,84479,41627,0,1,1,0,0,0,0,0,0,LOADED
E:\FSN-PostDoc\other-projects\Flash flood prediction\Hunan\归档_正确解压\河道\江口_611H0534.csv,611H0534,9389,8727,0,1,1,0,0,0,0,0,0,LOADED
E:\FSN-PostDoc\other-projects\Flash flood prediction\Hunan\归档_正确解压\河道\沾溪_612E2800.csv,612E2800,82466,42516,0,1,1,0,0,0,0,0,0,LOADED
E:\FSN-PostDoc\other-projects\Flash flood prediction\Hunan\归档_正确解压\河道\泷泊_611E0470.csv,611E0470,76954,40211,0,1,1,0,0,0,0,0,0,LOADED
E:\FSN-PostDoc\other-projects\Flash flood prediction\Hunan\归档_正确解压\河道\洞庭_61116750.csv,61116750,2,1,0,1,1,0,0,0,0,0,0,LOADED
E:\FSN-PostDoc\other-projects\Flash flood prediction\Hunan\归档_正确解压\河道\洞庭桥水库_611H1952.csv,611H1952,99,0,0,1,1,0,0,0,0,0,0,LOADED
E:\FSN-PostDoc\other-projects\Flash flood prediction\Hunan\归档_正确解压\河道\洪家桥_611H7405.csv,611H7405,59781,37239,0,1,1,0,0,0,0,0,0,LOADED
E:\FSN-PostDoc\other-projects\Flash flood prediction\Hunan\归档_正确解压\河道\海泉_611H0522.csv,611H0522,74845,35998,0,1,1,0,0,0,0,0,0,LOADED
E:\FSN-PostDoc\other-projects\Flash flood prediction\Hunan\归档_正确解压\河道\涟源(二)_61113300.csv,61113300,85155,42962,0,1,1,0,0,0,0,0,0,LOADED
E:\FSN-PostDoc\other-projects\Flash flood prediction\Hunan\归档_正确解压\河道\涧江(润江)_611F2025.csv,611F2025,9337,7085,0,1,1,0,0,0,0,0,0,LOADED
E:\FSN-PostDoc\other-projects\Flash flood prediction\Hunan\归档_正确解压\河道\深水港_613E2810.csv,613E2810,78278,42432,0,1,1,0,0,0,0,0,0,LOADED
E:\FSN-PostDoc\other-projects\Flash flood prediction\Hunan\归档_正确解压\河道\湘山寺_611E1810.csv,611E1810,71642,33402,0,1,1,0,0,0,0,0,0,LOADED
E:\FSN-PostDoc\other-projects\Flash flood prediction\Hunan\归档_正确解压\河道\灰汤_611E2920.csv,611E2920,81783,42076,0,1,1,0,0,0,0,0,0,LOADED
E:\FSN-PostDoc\other-projects\Flash flood prediction\Hunan\归档_正确解压\河道\炎陵_61110900.csv,61110900,84643,43129,0,1,1,0,0,0,0,0,0,LOADED
E:\FSN-PostDoc\other-projects\Flash flood prediction\Hunan\归档_正确解压\河道\玉龙岩电站_613H1902.csv,613H1902,240,0,0,1,1,0,0,0,0,0,0,LOADED
E:\FSN-PostDoc\other-projects\Flash flood prediction\Hunan\归档_正确解压\河道\珍珠_611K2634.csv,611K2634,2,0,0,1,1,0,0,0,0,0,0,LOADED
E:\FSN-PostDoc\other-projects\Flash flood prediction\Hunan\归档_正确解压\河道\白溪_611E1460.csv,611E1460,80544,42240,0,1,1,0,0,0,0,0,0,LOADED
E:\FSN-PostDoc\other-projects\Flash flood prediction\Hunan\归档_正确解压\河道\白溪_612E1940.csv,612E1940,80408,42463,0,1,1,0,0,0,0,0,0,LOADED
E:\FSN-PostDoc\other-projects\Flash flood prediction\Hunan\归档_正确解压\河道\白石源水库_611H1845.csv,611H1845,52,19,0,1,1,0,0,0,0,0,0,LOADED
E:\FSN-PostDoc\other-projects\Flash flood prediction\Hunan\归档_正确解压\河道\白碧_611H7406.csv,611H7406,56911,25893,0,1,1,0,0,0,0,0,0,LOADED
E:\FSN-PostDoc\other-projects\Flash flood prediction\Hunan\归档_正确解压\河道\竹山_611E1998.csv,611E1998,80850,42628,0,1,1,0,0,0,0,0,0,LOADED
E:\FSN-PostDoc\other-projects\Flash flood prediction\Hunan\归档_正确解压\河道\竿子坪_613H0207.csv,613H0207,53334,25492,0,1,1,0,0,0,0,0,0,LOADED
E:\FSN-PostDoc\other-projects\Flash flood prediction\Hunan\归档_正确解压\河道\策源乡_611H1651.csv,611H1651,48453,36103,0,1,1,0,0,0,0,0,0,LOADED
E:\FSN-PostDoc\other-projects\Flash flood prediction\Hunan\归档_正确解压\河道\筷子篓_611K1656.csv,611K1656,82,0,0,1,1,0,0,0,0,0,0,LOADED
E:\FSN-PostDoc\other-projects\Flash flood prediction\Hunan\归档_正确解压\河道\老屋坪_612H1255.csv,612H1255,24063,21681,0,1,1,0,0,0,0,0,0,LOADED
E:\FSN-PostDoc\other-projects\Flash flood prediction\Hunan\归档_正确解压\河道\聂市_61711890.csv,61711890,81212,42251,0,1,1,0,0,0,0,0,0,LOADED
E:\FSN-PostDoc\other-projects\Flash flood prediction\Hunan\归档_正确解压\河道\良溪_611H7703.csv,611H7703,47866,20837,0,1,1,0,0,0,0,0,0,LOADED
E:\FSN-PostDoc\other-projects\Flash flood prediction\Hunan\归档_正确解压\河道\花桥_611K2623.csv,611K2623,2,0,0,1,1,0,0,0,0,0,0,LOADED
E:\FSN-PostDoc\other-projects\Flash flood prediction\Hunan\归档_正确解压\河道\茅头园_613H9504.csv,613H9504,66793,35607,0,1,1,0,0,0,0,0,0,LOADED
E:\FSN-PostDoc\other-projects\Flash flood prediction\Hunan\归档_正确解压\河道\茨岩_613H0215.csv,613H0215,19808,16662,0,1,1,0,0,0,0,0,0,LOADED
E:\FSN-PostDoc\other-projects\Flash flood prediction\Hunan\归档_正确解压\河道\茶安_61111950.csv,61111950,2,0,0,1,1,0,0,0,0,0,0,LOADED
E:\FSN-PostDoc\other-projects\Flash flood prediction\Hunan\归档_正确解压\河道\草坪河_611H1655.csv,611H1655,72366,41709,0,1,1,0,0,0,0,0,0,LOADED
E:\FSN-PostDoc\other-projects\Flash flood prediction\Hunan\归档_正确解压\河道\落马桥_611T2300.csv,611T2300,367,332,0,1,1,0,0,0,0,0,0,LOADED
E:\FSN-PostDoc\other-projects\Flash flood prediction\Hunan\归档_正确解压\河道\葫芦溪_613H2404.csv,613H2404,196,186,0,1,1,0,0,0,0,0,0,LOADED
E:\FSN-PostDoc\other-projects\Flash flood prediction\Hunan\归档_正确解压\河道\蓝山_61106450.csv,61106450,84302,43116,0,1,1,0,0,0,0,0,0,LOADED
E:\FSN-PostDoc\other-projects\Flash flood prediction\Hunan\归档_正确解压\河道\蔡山江水库_612H0511.csv,612H0511,3,0,0,1,1,0,0,0,0,0,0,LOADED
E:\FSN-PostDoc\other-projects\Flash flood prediction\Hunan\归档_正确解压\河道\螺岭桥_61116100.csv,61116100,85250,43197,0,1,1,0,0,0,7,7,7,LOADED
E:\FSN-PostDoc\other-projects\Flash flood prediction\Hunan\归档_正确解压\河道\达岚河道_613H0107.csv,613H0107,34600,19427,0,1,1,0,0,0,0,0,0,LOADED
E:\FSN-PostDoc\other-projects\Flash flood prediction\Hunan\归档_正确解压\河道\迷水桥_611E2536.csv,611E2536,81984,42560,0,1,1,0,0,0,0,0,0,LOADED
E:\FSN-PostDoc\other-projects\Flash flood prediction\Hunan\归档_正确解压\河道\郴州_61109600.csv,61109600,84912,42907,0,1,1,0,0,0,0,0,0,LOADED
E:\FSN-PostDoc\other-projects\Flash flood prediction\Hunan\归档_正确解压\河道\金井河_611H1899.csv,611H1899,48683,40159,0,1,1,0,0,0,0,0,0,LOADED
E:\FSN-PostDoc\other-projects\Flash flood prediction\Hunan\归档_正确解压\河道\金洞(三)_61105000.csv,61105000,84190,41859,0,1,1,0,0,0,0,0,0,LOADED
E:\FSN-PostDoc\other-projects\Flash flood prediction\Hunan\归档_正确解压\河道\金鞭溪_614E1950.csv,614E1950,78691,42954,0,1,1,0,0,0,0,0,0,LOADED
E:\FSN-PostDoc\other-projects\Flash flood prediction\Hunan\归档_正确解压\河道\镇头_611E2820.csv,611E2820,83484,43475,0,1,1,0,0,0,0,0,0,LOADED
E:\FSN-PostDoc\other-projects\Flash flood prediction\Hunan\归档_正确解压\河道\镇头_611H2032.csv,611H2032,40676,28073,0,1,1,0,0,0,0,0,0,LOADED
E:\FSN-PostDoc\other-projects\Flash flood prediction\Hunan\归档_正确解压\河道\隆资_611E2360.csv,611E2360,81287,40768,0,1,1,0,0,0,0,0,0,LOADED
E:\FSN-PostDoc\other-projects\Flash flood prediction\Hunan\归档_正确解压\河道\青山水库_611H1857.csv,611H1857,28,1,0,1,1,0,0,0,0,0,0,LOADED
E:\FSN-PostDoc\other-projects\Flash flood prediction\Hunan\归档_正确解压\河道\青草_613G1535.csv,613G1535,68335,36331,0,1,1,0,0,0,0,0,0,LOADED
E:\FSN-PostDoc\other-projects\Flash flood prediction\Hunan\归档_正确解压\河道\韶山_611E2590.csv,611E2590,78476,40387,0,1,1,0,0,0,0,0,0,LOADED
E:\FSN-PostDoc\other-projects\Flash flood prediction\Hunan\归档_正确解压\河道\高塘岭_611E2950.csv,611E2950,83166,42017,0,1,1,3006,3006,2509,0,0,0,LOADED
E:\FSN-PostDoc\other-projects\Flash flood prediction\Hunan\归档_正确解压\河道\高桥_613E2580.csv,613E2580,78797,41489,0,1,1,0,0,0,0,0,0,LOADED
E:\FSN-PostDoc\other-projects\Flash flood prediction\Hunan\归档_正确解压\河道\鸬鹚_612E2790.csv,612E2790,70044,38441,0,1,1,0,0,0,0,0,0,LOADED
E:\FSN-PostDoc\other-projects\Flash flood prediction\Hunan\归档_正确解压\河道\黄土溪_61310550.csv,61310550,2,1,0,1,1,0,0,0,0,0,0,LOADED
E:\FSN-PostDoc\other-projects\Flash flood prediction\Hunan\归档_正确解压\河道\黄泥铺(上)_611H0395.csv,611H0395,20881,17386,0,1,1,0,0,0,0,0,0,LOADED
E:\FSN-PostDoc\other-projects\Flash flood prediction\Hunan\归档_正确解压\河道\黄泥铺(下)_611H0398.csv,611H0398,14409,13275,0,1,1,0,0,0,0,0,0,LOADED
E:\FSN-PostDoc\other-projects\Flash flood prediction\Hunan\归档_正确解压\河道\黄石洞_613K0001.csv,613K0001,10,1,0,1,1,0,0,0,0,0,0,LOADED
E:\FSN-PostDoc\other-projects\Flash flood prediction\Hunan\归档_正确解压\河道\龙华水库_611H1844.csv,611H1844,51,19,0,1,1,0,0,0,0,0,0,LOADED
E:\FSN-PostDoc\other-projects\Flash flood prediction\Hunan\归档_正确解压\河道\龙江_612K0504.csv,612K0504,3,0,0,1,1,0,0,0,0,0,0,LOADED
E:\FSN-PostDoc\other-projects\Flash flood prediction\Hunan\归档_正确解压\河道\龙船塘_613E1060.csv,613E1060,82441,43325,0,1,1,0,0,0,0,0,0,LOADED
