station_id,graph_ids,split,valid_count,min_z,max_z,mean_z,std_z,train_min_z,train_max_z,out_of_train_range_count,out_of_train_range_fraction,normalization_train_min_z,normalization_train_max_z,out_of_normalization_range_count,out_of_normalization_range_fraction,max_abs_delta_z,train_jump_outer_fence_m,suspicious_jump_count,train_event_count,train_reference_shift_event_count,train_reference_shift_event_ids,max_train_event_median_shift_m,normalization_computed_from_split,qc_status,qc_reason
611E1460,B008,TRAIN,968,141.29,142.62,141.5843285123967,0.2336088671763271,141.29,142.62,0,0.0,0.31,1175.29,0,0.0,0.75,0.08000000000004093,37,25,0,,0.7700000000000102,TRAIN,REVIEW,HOURLY_JUMP_EXCEEDS_TRAIN_TUKEY_OUTER_FENCE
611E1460,B008,VALIDATION,263,141.41,142.35,141.78482889733843,0.27392352253715857,141.29,142.62,0,0.0,0.31,1175.29,0,0.0,0.28000000000000114,0.08000000000004093,8,25,0,,0.7700000000000102,TRAIN,REVIEW,HOURLY_JUMP_EXCEEDS_TRAIN_TUKEY_OUTER_FENCE
611E1460,B008,TEST,246,141.46,142.4,141.7989837398374,0.2430935944663399,141.29,142.62,0,0.0,0.31,1175.29,0,0.0,0.18999999999999773,0.08000000000004093,4,25,0,,0.7700000000000102,TRAIN,REVIEW,HOURLY_JUMP_EXCEEDS_TRAIN_TUKEY_OUTER_FENCE
611E2360,B010,TRAIN,1558,79.18,82.31,79.69033376123235,0.40202570061683446,79.18,82.31,0,0.0,0.31,1175.29,0,0.0,1.710000000000008,0.08000000000004093,121,28,0,,0.4200000000000017,TRAIN,REVIEW,HOURLY_JUMP_EXCEEDS_TRAIN_TUKEY_OUTER_FENCE
611E2360,B010,VALIDATION,118,79.27,80.21,79.54855932203388,0.2319565835461198,79.18,82.31,0,0.0,0.31,1175.29,0,0.0,0.21000000000000796,0.08000000000004093,7,28,0,,0.4200000000000017,TRAIN,REVIEW,HOURLY_JUMP_EXCEEDS_TRAIN_TUKEY_OUTER_FENCE
611E2360,B010,TEST,245,79.21,81.02,79.55575510204082,0.3364459219433883,79.18,82.31,0,0.0,0.31,1175.29,0,0.0,1.1400000000000006,0.08000000000004093,19,28,0,,0.4200000000000017,TRAIN,REVIEW,HOURLY_JUMP_EXCEEDS_TRAIN_TUKEY_OUTER_FENCE
611E2820,B013,TRAIN,1082,41.89,45.6,42.86037892791128,0.5486339485153517,41.89,45.6,0,0.0,0.31,1175.29,0,0.0,1.1799999999999997,0.4099999999999824,25,15,0,,0.8599999999999994,TRAIN,REVIEW,HOURLY_JUMP_EXCEEDS_TRAIN_TUKEY_OUTER_FENCE
611E2820,B013,VALIDATION,90,42.12,43.02,42.56077777777777,0.2509281782050073,41.89,45.6,0,0.0,0.31,1175.29,0,0.0,0.2700000000000031,0.4099999999999824,0,15,0,,0.8599999999999994,TRAIN,OK,NONE
611E2820,B013,TEST,178,41.73,42.65,42.13303370786517,0.1886969182410446,41.89,45.6,15,0.08426966292134831,0.31,1175.29,0,0.0,0.14000000000000057,0.4099999999999824,0,15,0,,0.8599999999999994,TRAIN,REVIEW,OUTSIDE_STATION_TRAIN_RANGE
611E2920,B014,TRAIN,409,82.83,84.4,83.68259168704158,0.39145972451979616,82.83,84.4,0,0.0,0.31,1175.29,0,0.0,0.4399999999999977,0.12999999999999545,20,11,0,,0.45000000000000284,TRAIN,REVIEW,HOURLY_JUMP_EXCEEDS_TRAIN_TUKEY_OUTER_FENCE
611E2920,B014,VALIDATION,68,83.05,84.83,83.80073529411766,0.578805352267192,82.83,84.4,15,0.22058823529411764,0.31,1175.29,0,0.0,0.7199999999999989,0.12999999999999545,6,11,0,,0.45000000000000284,TRAIN,REVIEW,OUTSIDE_STATION_TRAIN_RANGE;HOURLY_JUMP_EXCEEDS_TRAIN_TUKEY_OUTER_FENCE
611E2920,B014,TEST,172,84.39,85.7,84.91017441860464,0.2818016658582336,82.83,84.4,170,0.9883720930232558,0.31,1175.29,0,0.0,0.6700000000000017,0.12999999999999545,21,11,0,,0.45000000000000284,TRAIN,REVIEW,OUTSIDE_STATION_TRAIN_RANGE;HOURLY_JUMP_EXCEEDS_TRAIN_TUKEY_OUTER_FENCE
611G3160,B016,TRAIN,596,0.12,576.12,451.54491610738256,235.12954010864811,0.12,576.12,0,0.0,0.31,1175.29,2,0.003355704697986577,1.1000000000000227,0.45999999999998176,15,15,2,B016_F0013;B016_F0014,573.465,TRAIN,FAIL,TRAIN_WATER_LEVEL_REFERENCE_SHIFT_EVENTS=B016_F0013;B016_F0014
611G3160,B016,VALIDATION,284,575.18,576.69,576.1005985915493,0.2755123156128512,0.12,576.12,153,0.5387323943661971,0.31,1175.29,0,0.0,0.5,0.45999999999998176,2,15,2,B016_F0013;B016_F0014,573.465,TRAIN,FAIL,TRAIN_WATER_LEVEL_REFERENCE_SHIFT_EVENTS=B016_F0013;B016_F0014
611G3160,B016,TEST,79,576.34,578.74,577.7950632911392,0.6438528674950277,0.12,576.12,79,1.0,0.31,1175.29,0,0.0,0.7699999999999818,0.45999999999998176,6,15,2,B016_F0013;B016_F0014,573.465,TRAIN,FAIL,TRAIN_WATER_LEVEL_REFERENCE_SHIFT_EVENTS=B016_F0013;B016_F0014
611H1650,B017,TRAIN,778,293.48,295.67,295.1288303341902,0.38352517840834516,293.48,295.67,0,0.0,0.31,1175.29,0,0.0,1.3799999999999955,0.20999999999986585,44,14,0,,0.7450000000000045,TRAIN,REVIEW,HOURLY_JUMP_EXCEEDS_TRAIN_TUKEY_OUTER_FENCE
611H1650,B017,VALIDATION,181,293.69,295.43,294.983591160221,0.30383884345946843,293.48,295.67,0,0.0,0.31,1175.29,0,0.0,0.4200000000000159,0.20999999999986585,6,14,0,,0.7450000000000045,TRAIN,REVIEW,HOURLY_JUMP_EXCEEDS_TRAIN_TUKEY_OUTER_FENCE
611H1650,B017,TEST,250,294.27,295.46,294.90892,0.2575127833720114,293.48,295.67,0,0.0,0.31,1175.29,0,0.0,0.3699999999999477,0.20999999999986585,4,14,0,,0.7450000000000045,TRAIN,REVIEW,HOURLY_JUMP_EXCEEDS_TRAIN_TUKEY_OUTER_FENCE
611H2032,B018,TRAIN,336,40.89,42.85,41.56738095238095,0.41147996261930936,40.89,42.85,0,0.0,0.31,1175.29,0,0.0,1.0,0.5000000000000142,3,7,0,,0.7399999999999949,TRAIN,REVIEW,HOURLY_JUMP_EXCEEDS_TRAIN_TUKEY_OUTER_FENCE
611H2032,B018,VALIDATION,59,41.63,42.69,42.06118644067798,0.2587262459137437,40.89,42.85,0,0.0,0.31,1175.29,0,0.0,0.14000000000000057,0.5000000000000142,0,7,0,,0.7399999999999949,TRAIN,OK,NONE
611H2032,B018,TEST,170,41.57,42.87,42.16782352941177,0.32820810028612263,40.89,42.85,1,0.0058823529411764705,0.31,1175.29,0,0.0,0.3200000000000003,0.5000000000000142,0,7,0,,0.7399999999999949,TRAIN,REVIEW,OUTSIDE_STATION_TRAIN_RANGE
612E1060,B019,TRAIN,1592,265.96,270.02,266.6322864321608,0.5406797539658544,265.96,270.02,0,0.0,0.31,1175.29,0,0.0,1.839999999999975,0.08000000000015461,88,27,0,,0.8599999999999568,TRAIN,REVIEW,HOURLY_JUMP_EXCEEDS_TRAIN_TUKEY_OUTER_FENCE
612E1060,B019,VALIDATION,299,265.9,268.81,266.4974247491639,0.49608540186409755,265.96,270.02,5,0.016722408026755852,0.31,1175.29,0,0.0,1.1800000000000068,0.08000000000015461,26,27,0,,0.8599999999999568,TRAIN,REVIEW,OUTSIDE_STATION_TRAIN_RANGE;HOURLY_JUMP_EXCEEDS_TRAIN_TUKEY_OUTER_FENCE
612E1060,B019,TEST,208,265.94,267.38,266.48812499999997,0.338592737765163,265.96,270.02,1,0.004807692307692308,0.31,1175.29,0,0.0,0.5699999999999932,0.08000000000015461,12,27,0,,0.8599999999999568,TRAIN,REVIEW,OUTSIDE_STATION_TRAIN_RANGE;HOURLY_JUMP_EXCEEDS_TRAIN_TUKEY_OUTER_FENCE
612E2800,B022,TRAIN,1466,48.2,50.87,48.56338335607094,0.3835306812512428,48.2,50.87,0,0.0,0.31,1175.29,0,0.0,2.0799999999999983,0.0800000000000125,93,27,0,,1.2850000000000037,TRAIN,REVIEW,HOURLY_JUMP_EXCEEDS_TRAIN_TUKEY_OUTER_FENCE
612E2800,B022,VALIDATION,249,48.01,51.05,48.45265060240963,0.45400515982777045,48.2,50.87,63,0.25301204819277107,0.31,1175.29,0,0.0,1.009999999999998,0.0800000000000125,42,27,0,,1.2850000000000037,TRAIN,REVIEW,OUTSIDE_STATION_TRAIN_RANGE;HOURLY_JUMP_EXCEEDS_TRAIN_TUKEY_OUTER_FENCE
612E2800,B022,TEST,74,48.17,49.42,48.67891891891891,0.3575576595632441,48.2,50.87,4,0.05405405405405406,0.31,1175.29,0,0.0,0.3400000000000034,0.0800000000000125,6,27,0,,1.2850000000000037,TRAIN,REVIEW,OUTSIDE_STATION_TRAIN_RANGE;HOURLY_JUMP_EXCEEDS_TRAIN_TUKEY_OUTER_FENCE
613E1450,B023,TRAIN,668,148.43,152.67,149.29369760479042,0.8338118289171532,148.43,152.67,0,0.0,0.31,1175.29,0,0.0,2.1200000000000045,0.04000000000007731,76,10,0,,0.8849999999999909,TRAIN,REVIEW,HOURLY_JUMP_EXCEEDS_TRAIN_TUKEY_OUTER_FENCE
613E1450,B023,VALIDATION,223,148.53,149.03,148.7564125560538,0.18681817789290164,148.43,152.67,0,0.0,0.31,1175.29,0,0.0,0.10999999999998522,0.04000000000007731,8,10,0,,0.8849999999999909,TRAIN,REVIEW,HOURLY_JUMP_EXCEEDS_TRAIN_TUKEY_OUTER_FENCE
613E1450,B023,TEST,70,148.33,148.41,148.39842857142852,0.024936245237211833,148.43,152.67,70,1.0,0.31,1175.29,0,0.0,0.07999999999998408,0.04000000000007731,1,10,0,,0.8849999999999909,TRAIN,REVIEW,OUTSIDE_STATION_TRAIN_RANGE;HOURLY_JUMP_EXCEEDS_TRAIN_TUKEY_OUTER_FENCE
613E1540,B024,TRAIN,2142,185.87,194.48,186.8683426704015,0.8949239613411857,185.87,194.48,0,0.0,0.31,1175.29,0,0.0,2.569999999999993,0.12000000000000455,147,25,0,,2.009999999999991,TRAIN,REVIEW,HOURLY_JUMP_EXCEEDS_TRAIN_TUKEY_OUTER_FENCE
613E1540,B024,VALIDATION,134,185.97,187.69,186.45335820895522,0.45856678744978446,185.87,194.48,0,0.0,0.31,1175.29,0,0.0,0.44999999999998863,0.12000000000000455,5,25,0,,2.009999999999991,TRAIN,REVIEW,HOURLY_JUMP_EXCEEDS_TRAIN_TUKEY_OUTER_FENCE
613E1540,B024,TEST,494,186.0,188.19,186.71722672064777,0.4414291764581457,185.87,194.48,0,0.0,0.31,1175.29,0,0.0,0.4200000000000159,0.12000000000000455,13,25,0,,2.009999999999991,TRAIN,REVIEW,HOURLY_JUMP_EXCEEDS_TRAIN_TUKEY_OUTER_FENCE
613E2580,B025,TRAIN,1295,191.07,198.27,191.70345173745173,0.6582360133076339,191.07,198.27,0,0.0,0.31,1175.29,0,0.0,3.039999999999992,0.12000000000000455,104,25,0,,2.0049999999999955,TRAIN,REVIEW,HOURLY_JUMP_EXCEEDS_TRAIN_TUKEY_OUTER_FENCE
613E2580,B025,VALIDATION,299,191.03,199.91,191.90959866220737,1.3928351680953353,191.07,198.27,13,0.043478260869565216,0.31,1175.29,0,0.0,3.9499999999999886,0.12000000000000455,44,25,0,,2.0049999999999955,TRAIN,REVIEW,OUTSIDE_STATION_TRAIN_RANGE;HOURLY_JUMP_EXCEEDS_TRAIN_TUKEY_OUTER_FENCE
613E2580,B025,TEST,39,191.11,192.21,191.48974358974363,0.26897228128551476,191.07,198.27,0,0.0,0.31,1175.29,0,0.0,0.6599999999999966,0.12000000000000455,3,25,0,,2.0049999999999955,TRAIN,REVIEW,HOURLY_JUMP_EXCEEDS_TRAIN_TUKEY_OUTER_FENCE
613G1535,B028,TRAIN,913,0.71,4.65,1.3202190580503834,0.5436642505194447,0.71,4.65,0,0.0,0.31,1175.29,0,0.0,0.9900000000000002,0.08000000000000007,77,16,0,,0.43999999999999995,TRAIN,REVIEW,HOURLY_JUMP_EXCEEDS_TRAIN_TUKEY_OUTER_FENCE
613G1535,B028,VALIDATION,58,0.79,0.9,0.8601724137931036,0.029448457562227127,0.71,4.65,0,0.0,0.31,1175.29,0,0.0,0.06999999999999995,0.08000000000000007,0,16,0,,0.43999999999999995,TRAIN,OK,NONE
613G1535,B028,TEST,19,0.27,0.33,0.28736842105263155,0.020986738986712508,0.71,4.65,19,1.0,0.31,1175.29,15,0.7894736842105263,0.04999999999999999,0.08000000000000007,0,16,0,,0.43999999999999995,TRAIN,REVIEW,OUTSIDE_STATION_TRAIN_RANGE;OUTSIDE_GLOBAL_TRAIN_NORMALIZATION_RANGE
613H1300,B029,TRAIN,312,259.48,268.29,263.3392628205128,3.31857830351589,259.48,268.29,0,0.0,0.31,1175.29,0,0.0,0.5500000000000114,0.21000000000003638,12,6,0,,3.920000000000016,TRAIN,REVIEW,HOURLY_JUMP_EXCEEDS_TRAIN_TUKEY_OUTER_FENCE
613H1300,B029,VALIDATION,15,265.0,268.05,266.38666666666666,1.0354172535209598,259.48,268.29,0,0.0,0.31,1175.29,0,0.0,1.8899999999999864,0.21000000000003638,12,6,0,,3.920000000000016,TRAIN,REVIEW,HOURLY_JUMP_EXCEEDS_TRAIN_TUKEY_OUTER_FENCE
613H9508,B030,TRAIN,183,163.09,165.37,164.09743169398908,0.5051023425820055,163.09,165.37,0,0.0,0.31,1175.29,0,0.0,0.38999999999998636,0.4399999999999409,0,5,0,,1.0900000000000034,TRAIN,OK,NONE
613H9508,B030,VALIDATION,42,163.5,164.13,163.83261904761906,0.2024617485778215,163.09,165.37,0,0.0,0.31,1175.29,0,0.0,0.25,0.4399999999999409,0,5,0,,1.0900000000000034,TRAIN,OK,NONE
61402050,B031,TRAIN,1726,306.4,308.74,306.82743916570104,0.22993384245806592,306.4,308.74,0,0.0,0.31,1175.29,0,0.0,0.30000000000001137,0.03999999999996362,101,29,0,,0.5249999999999773,TRAIN,REVIEW,HOURLY_JUMP_EXCEEDS_TRAIN_TUKEY_OUTER_FENCE
61402050,B031,VALIDATION,432,306.57,307.71,306.79613425925925,0.20043150333719234,306.4,308.74,0,0.0,0.31,1175.29,0,0.0,0.4600000000000364,0.03999999999996362,27,29,0,,0.5249999999999773,TRAIN,REVIEW,HOURLY_JUMP_EXCEEDS_TRAIN_TUKEY_OUTER_FENCE
61402050,B031,TEST,500,306.61,307.29,306.81078,0.13227241435763834,306.4,308.74,0,0.0,0.31,1175.29,0,0.0,0.4200000000000159,0.03999999999996362,16,29,0,,0.5249999999999773,TRAIN,REVIEW,HOURLY_JUMP_EXCEEDS_TRAIN_TUKEY_OUTER_FENCE
614E1550,B032,TRAIN,1786,274.31,276.48,274.67324188129896,0.22496451071025317,274.31,276.48,0,0.0,0.31,1175.29,0,0.0,1.0300000000000296,0.07999999999992724,94,34,0,,0.3450000000000273,TRAIN,REVIEW,HOURLY_JUMP_EXCEEDS_TRAIN_TUKEY_OUTER_FENCE
614E1550,B032,VALIDATION,231,274.45,276.12,274.6614285714286,0.24770486358449612,274.31,276.48,0,0.0,0.31,1175.29,0,0.0,0.5900000000000318,0.07999999999992724,15,34,0,,0.3450000000000273,TRAIN,REVIEW,HOURLY_JUMP_EXCEEDS_TRAIN_TUKEY_OUTER_FENCE
614E1550,B032,TEST,160,274.42,274.84,274.5519375,0.09705988406004286,274.31,276.48,0,0.0,0.31,1175.29,0,0.0,0.12000000000000455,0.07999999999992724,2,34,0,,0.3450000000000273,TRAIN,REVIEW,HOURLY_JUMP_EXCEEDS_TRAIN_TUKEY_OUTER_FENCE
61711890,B034,TRAIN,1328,22.98,26.24,23.604751506024098,0.5815306959214938,22.98,26.24,0,0.0,0.31,1175.29,0,0.0,1.370000000000001,0.12000000000000455,88,19,0,,1.120000000000001,TRAIN,REVIEW,HOURLY_JUMP_EXCEEDS_TRAIN_TUKEY_OUTER_FENCE
61711890,B034,VALIDATION,110,22.95,25.49,23.685818181818178,0.6024938804942817,22.98,26.24,4,0.03636363636363636,0.31,1175.29,0,0.0,1.5899999999999999,0.12000000000000455,21,19,0,,1.120000000000001,TRAIN,REVIEW,OUTSIDE_STATION_TRAIN_RANGE;HOURLY_JUMP_EXCEEDS_TRAIN_TUKEY_OUTER_FENCE
61711890,B034,TEST,214,23.04,24.58,23.525420560747666,0.33683319140131096,22.98,26.24,0,0.0,0.31,1175.29,0,0.0,0.25,0.12000000000000455,17,19,0,,1.120000000000001,TRAIN,REVIEW,HOURLY_JUMP_EXCEEDS_TRAIN_TUKEY_OUTER_FENCE
810G0060,B035,TRAIN,171,259.0,260.98,260.0209941520468,0.5477072413142122,259.0,260.98,0,0.0,0.31,1175.29,0,0.0,1.2799999999999727,0.12000000000011823,15,4,0,,0.8300000000000409,TRAIN,REVIEW,HOURLY_JUMP_EXCEEDS_TRAIN_TUKEY_OUTER_FENCE
