GRAPH_ID,TIMESTAMP,NODE_INDEX,STATION_ID,RAIN_MM,FLOW,WATER_LEVEL,RAIN_MASK,FLOW_MASK,WATER_LEVEL_MASK
B035,2022-04-24 04:00:00,0,810G0060,0,,260.32,1,0,1
B035,2022-04-24 05:00:00,0,810G0060,0,,260.32,1,0,1
B035,2022-04-24 06:00:00,0,810G0060,0.1736414599,,260.32,1,0,1
B035,2022-04-24 07:00:00,0,810G0060,0.9707221773,,,1,0,0
B035,2022-04-24 08:00:00,0,810G0060,0,,260.31,1,0,1
B035,2022-04-24 09:00:00,0,810G0060,0,,260.31,1,0,1
B035,2022-04-24 10:00:00,0,810G0060,0,,260.31,1,0,1
B035,2022-04-24 11:00:00,0,810G0060,0,,260.31,1,0,1
B035,2022-04-24 12:00:00,0,810G0060,0,,260.31,1,0,1
B035,2022-04-24 13:00:00,0,810G0060,0.6137310383,,260.31,1,0,1
B035,2022-04-24 14:00:00,0,810G0060,0.1845624841,,260.31,1,0,1
B035,2022-04-24 15:00:00,0,810G0060,0,,260.31,1,0,1
B035,2022-04-24 16:00:00,0,810G0060,0.0009657812988,,260.31,1,0,1
B035,2022-04-24 17:00:00,0,810G0060,0.1142313387,,260.31,1,0,1
B035,2022-04-24 18:00:00,0,810G0060,0.04205583543,,260.31,1,0,1
B035,2022-04-24 19:00:00,0,810G0060,0.1968823965,,260.31,1,0,1
B035,2022-04-24 20:00:00,0,810G0060,0,,260.32,1,0,1
B035,2022-04-24 21:00:00,0,810G0060,0.02855831006,,260.32,1,0,1
B035,2022-04-24 22:00:00,0,810G0060,0,,260.32,1,0,1
B035,2022-04-24 23:00:00,0,810G0060,0,,260.32,1,0,1
B035,2022-04-25 00:00:00,0,810G0060,0,,260.32,1,0,1
B035,2022-04-25 01:00:00,0,810G0060,0.03351551719,,260.32,1,0,1
B035,2022-04-25 02:00:00,0,810G0060,0,,260.32,1,0,1
B035,2022-04-25 03:00:00,0,810G0060,0,,260.32,1,0,1
B035,2022-04-25 04:00:00,0,810G0060,0,,260.32,1,0,1
B035,2022-04-25 05:00:00,0,810G0060,0,,260.32,1,0,1
B035,2022-04-25 06:00:00,0,810G0060,0,,260.32,1,0,1
B035,2022-04-25 07:00:00,0,810G0060,1.152582671,,,1,0,0
B035,2022-04-25 08:00:00,0,810G0060,1.334248139,,260.32,1,0,1
B035,2022-04-25 09:00:00,0,810G0060,0.8454537019,,260.33,1,0,1
B035,2022-04-25 10:00:00,0,810G0060,0.1440822804,,260.33,1,0,1
B035,2022-04-25 11:00:00,0,810G0060,0.01381945247,,260.33,1,0,1
B035,2022-04-25 12:00:00,0,810G0060,0.003863125195,,260.33,1,0,1
B035,2022-04-25 13:00:00,0,810G0060,0.0006438541992,,260.34,1,0,1
B035,2022-04-25 14:00:00,0,810G0060,1.466058966,,260.34,1,0,1
B035,2022-04-25 15:00:00,0,810G0060,0.7453036869,,260.36,1,0,1
B035,2022-04-25 16:00:00,0,810G0060,0.04615732986,,260.36,1,0,1
B035,2022-04-25 17:00:00,0,810G0060,0.02855831006,,260.37,1,0,1
B035,2022-04-25 18:00:00,0,810G0060,0,,260.38,1,0,1
B035,2022-04-25 19:00:00,0,810G0060,0,,260.38,1,0,1
B035,2022-04-25 20:00:00,0,810G0060,0,,260.38,1,0,1
B035,2022-04-25 21:00:00,0,810G0060,0,,260.38,1,0,1
B035,2022-04-25 22:00:00,0,810G0060,0,,260.37,1,0,1
B035,2022-04-25 23:00:00,0,810G0060,0,,260.37,1,0,1
B035,2022-04-26 00:00:00,0,810G0060,0,,260.36,1,0,1
B035,2022-04-26 01:00:00,0,810G0060,0,,260.36,1,0,1
B035,2022-04-26 02:00:00,0,810G0060,0,,260.36,1,0,1
B035,2022-04-26 03:00:00,0,810G0060,0,,260.36,1,0,1
B035,2022-04-26 04:00:00,0,810G0060,0.1894708694,,260.35,1,0,1
B035,2022-04-26 05:00:00,0,810G0060,0.06259079268,,260.35,1,0,1
B035,2022-04-26 06:00:00,0,810G0060,0,,260.35,1,0,1
B035,2022-04-26 07:00:00,0,810G0060,5.045412063,,,1,0,0
B035,2022-04-26 08:00:00,0,810G0060,0.005257230074,,260.35,1,0,1
B035,2022-04-26 09:00:00,0,810G0060,0.04057817269,,260.35,1,0,1
B035,2022-04-26 10:00:00,0,810G0060,0.3724370028,,260.34,1,0,1
B035,2022-04-26 11:00:00,0,810G0060,1.534994325,,260.34,1,0,1
B035,2022-04-26 12:00:00,0,810G0060,7.504139984,,260.38,1,0,1
B035,2022-04-26 13:00:00,0,810G0060,5.365872584,,260.54,1,0,1
B035,2022-04-26 14:00:00,0,810G0060,2.466155664,,260.82,1,0,1
B035,2022-04-26 15:00:00,0,810G0060,0.06905088618,,260.98,1,0,1
B035,2022-04-26 16:00:00,0,810G0060,0.04154395399,,260.87,1,0,1
B035,2022-04-26 17:00:00,0,810G0060,0,,260.81,1,0,1
B035,2022-04-26 18:00:00,0,810G0060,0,,260.75,1,0,1
B035,2022-04-26 19:00:00,0,810G0060,0.0003219270996,,260.7,1,0,1
B035,2022-04-26 20:00:00,0,810G0060,0,,260.64,1,0,1
B035,2022-04-26 21:00:00,0,810G0060,0,,260.61,1,0,1
B035,2022-04-26 22:00:00,0,810G0060,0,,260.57,1,0,1
B035,2022-04-26 23:00:00,0,810G0060,0,,260.54,1,0,1
B035,2022-04-27 00:00:00,0,810G0060,0,,260.51,1,0,1
B035,2022-04-27 01:00:00,0,810G0060,0,,260.5,1,0,1
B035,2022-04-27 02:00:00,0,810G0060,0,,260.48,1,0,1
B035,2022-04-27 03:00:00,0,810G0060,0,,260.46,1,0,1
B035,2022-04-27 04:00:00,0,810G0060,0,,260.45,1,0,1
B035,2022-04-27 05:00:00,0,810G0060,0,,260.44,1,0,1
B035,2022-04-27 06:00:00,0,810G0060,0,,260.43,1,0,1
B035,2022-04-27 07:00:00,0,810G0060,18.28465652,,,1,0,0
B035,2022-04-27 08:00:00,0,810G0060,0,,260.42,1,0,1
B035,2022-04-27 09:00:00,0,810G0060,0,,260.4,1,0,1
B035,2022-04-27 10:00:00,0,810G0060,0,,260.39,1,0,1
B035,2022-04-27 11:00:00,0,810G0060,0,,260.39,1,0,1
B035,2022-04-27 12:00:00,0,810G0060,0,,260.38,1,0,1
B035,2022-04-27 13:00:00,0,810G0060,0,,260.38,1,0,1
B035,2022-04-27 14:00:00,0,810G0060,0,,260.37,1,0,1
B035,2022-04-27 15:00:00,0,810G0060,0,,260.37,1,0,1
B035,2022-04-27 16:00:00,0,810G0060,0,,260.37,1,0,1
B035,2022-04-27 17:00:00,0,810G0060,0.02699505074,,260.36,1,0,1
B035,2022-04-27 18:00:00,0,810G0060,0.8465377134,,260.36,1,0,1
B035,2022-04-27 19:00:00,0,810G0060,0.007082396191,,260.36,1,0,1
B035,2022-04-27 20:00:00,0,810G0060,0.0584507047,,260.37,1,0,1
B035,2022-04-27 21:00:00,0,810G0060,0,,260.38,1,0,1
B035,2022-04-27 22:00:00,0,810G0060,0.01058630437,,260.38,1,0,1
B035,2022-04-27 23:00:00,0,810G0060,0,,260.38,1,0,1
B035,2022-04-28 00:00:00,0,810G0060,0,,260.38,1,0,1
B035,2022-04-28 01:00:00,0,810G0060,0,,260.37,1,0,1
B035,2022-04-28 02:00:00,0,810G0060,0,,260.37,1,0,1
B035,2022-04-28 03:00:00,0,810G0060,0.04057817269,,260.36,1,0,1
B035,2022-04-28 04:00:00,0,810G0060,0,,260.36,1,0,1
B035,2022-04-28 05:00:00,0,810G0060,0,,260.36,1,0,1
B035,2022-04-28 06:00:00,0,810G0060,0,,260.35,1,0,1
B035,2022-04-28 07:00:00,0,810G0060,1.002289044,,,1,0,0
B035,2022-04-28 08:00:00,0,810G0060,0.02001799182,,260.35,1,0,1
B035,2022-04-28 09:00:00,0,810G0060,0,,260.35,1,0,1
B035,2022-04-28 10:00:00,0,810G0060,0,,260.35,1,0,1
B035,2022-04-28 11:00:00,0,810G0060,0,,260.35,1,0,1
B035,2022-04-28 12:00:00,0,810G0060,0,,260.34,1,0,1
B035,2022-04-28 13:00:00,0,810G0060,0,,260.34,1,0,1
B035,2022-04-28 14:00:00,0,810G0060,0,,260.34,1,0,1
B035,2022-04-28 15:00:00,0,810G0060,0,,260.34,1,0,1
B035,2022-04-28 16:00:00,0,810G0060,0,,260.33,1,0,1
B035,2022-04-28 17:00:00,0,810G0060,0,,260.31,1,0,1
B035,2022-04-28 18:00:00,0,810G0060,0,,260.31,1,0,1
B035,2022-04-28 19:00:00,0,810G0060,0,,260.31,1,0,1
B035,2022-04-28 20:00:00,0,810G0060,0,,260.31,1,0,1
B035,2023-05-23 04:00:00,0,810G0060,0,,260.38,1,0,1
B035,2023-05-23 05:00:00,0,810G0060,0,,260.38,1,0,1
B035,2023-05-23 06:00:00,0,810G0060,0,,260.38,1,0,1
B035,2023-05-23 07:00:00,0,810G0060,3.262733056,,260.38,1,0,1
B035,2023-05-23 08:00:00,0,810G0060,0,,260.38,1,0,1
B035,2023-05-23 09:00:00,0,810G0060,0,,260.38,1,0,1
B035,2023-05-23 10:00:00,0,810G0060,0,,260.38,1,0,1
B035,2023-05-23 11:00:00,0,810G0060,0,,260.38,1,0,1
B035,2023-05-23 12:00:00,0,810G0060,0,,260.38,1,0,1
B035,2023-05-23 13:00:00,0,810G0060,0,,260.38,1,0,1
B035,2023-05-23 14:00:00,0,810G0060,0,,260.38,1,0,1
B035,2023-05-23 15:00:00,0,810G0060,0,,260.38,1,0,1
B035,2023-05-23 16:00:00,0,810G0060,0,,260.38,1,0,1
B035,2023-05-23 17:00:00,0,810G0060,0,,260.38,1,0,1
B035,2023-05-23 18:00:00,0,810G0060,0,,260.38,1,0,1
B035,2023-05-23 19:00:00,0,810G0060,0,,260.38,1,0,1
B035,2023-05-23 20:00:00,0,810G0060,0,,260.38,1,0,1
B035,2023-05-23 21:00:00,0,810G0060,0,,260.37,1,0,1
B035,2023-05-23 22:00:00,0,810G0060,0,,260.37,1,0,1
B035,2023-05-23 23:00:00,0,810G0060,0,,260.37,1,0,1
B035,2023-05-24 00:00:00,0,810G0060,0,,260.37,1,0,1
B035,2023-05-24 01:00:00,0,810G0060,0,,260.37,1,0,1
B035,2023-05-24 02:00:00,0,810G0060,0,,260.37,1,0,1
B035,2023-05-24 03:00:00,0,810G0060,0,,260.37,1,0,1
B035,2023-05-24 04:00:00,0,810G0060,0,,260.37,1,0,1
B035,2023-05-24 05:00:00,0,810G0060,0.04057817269,,260.37,1,0,1
B035,2023-05-24 06:00:00,0,810G0060,0.04110355744,,260.37,1,0,1
B035,2023-05-24 07:00:00,0,810G0060,0.2452240793,,260.37,1,0,1
B035,2023-05-24 08:00:00,0,810G0060,0,,260.37,1,0,1
B035,2023-05-24 09:00:00,0,810G0060,0,,260.37,1,0,1
B035,2023-05-24 10:00:00,0,810G0060,0,,260.37,1,0,1
B035,2023-05-24 11:00:00,0,810G0060,0,,260.37,1,0,1
B035,2023-05-24 12:00:00,0,810G0060,0,,260.37,1,0,1
B035,2023-05-24 13:00:00,0,810G0060,0,,260.37,1,0,1
B035,2023-05-24 14:00:00,0,810G0060,0,,260.37,1,0,1
B035,2023-05-24 15:00:00,0,810G0060,0,,260.37,1,0,1
B035,2023-05-24 16:00:00,0,810G0060,0,,260.37,1,0,1
B035,2023-05-24 17:00:00,0,810G0060,0,,260.37,1,0,1
B035,2023-05-24 18:00:00,0,810G0060,0,,260.37,1,0,1
B035,2023-05-24 19:00:00,0,810G0060,0,,260.37,1,0,1
B035,2023-05-24 20:00:00,0,810G0060,0,,260.37,1,0,1
B035,2023-05-24 21:00:00,0,810G0060,0,,260.37,1,0,1
B035,2023-05-24 22:00:00,0,810G0060,0,,260.37,1,0,1
B035,2023-05-24 23:00:00,0,810G0060,0,,260.37,1,0,1
B035,2023-05-25 00:00:00,0,810G0060,0,,260.37,1,0,1
B035,2023-05-25 01:00:00,0,810G0060,0,,260.37,1,0,1
B035,2023-05-25 02:00:00,0,810G0060,0,,260.37,1,0,1
B035,2023-05-25 03:00:00,0,810G0060,0,,260.37,1,0,1
B035,2023-05-25 04:00:00,0,810G0060,0.05257230074,,260.37,1,0,1
B035,2023-05-25 05:00:00,0,810G0060,0.04057817269,,260.37,1,0,1
B035,2023-05-25 06:00:00,0,810G0060,0.9448128334,,260.37,1,0,1
B035,2023-05-25 07:00:00,0,810G0060,1.27220205,,260.37,1,0,1
B035,2023-05-25 08:00:00,0,810G0060,1.50349866,,260.38,1,0,1
B035,2023-05-25 09:00:00,0,810G0060,0.781868462,,260.44,1,0,1
B035,2023-05-25 10:00:00,0,810G0060,0.1174525112,,260.43,1,0,1
B035,2023-05-25 11:00:00,0,810G0060,0.2840590141,,260.49,1,0,1
B035,2023-05-25 12:00:00,0,810G0060,1.148700061,,260.5,1,0,1
B035,2023-05-25 13:00:00,0,810G0060,3.561191049,,260.49,1,0,1
B035,2023-05-25 14:00:00,0,810G0060,3.607357061,,260.48,1,0,1
B035,2023-05-25 15:00:00,0,810G0060,0.33343955,,260.72,1,0,1
B035,2023-05-25 16:00:00,0,810G0060,0.06466200243,,260.85,1,0,1
B035,2023-05-25 17:00:00,0,810G0060,0,,260.83,1,0,1
B035,2023-05-25 18:00:00,0,810G0060,0.02855831006,,260.78,1,0,1
B035,2023-05-25 19:00:00,0,810G0060,0.1840030526,,260.72,1,0,1
B035,2023-05-25 20:00:00,0,810G0060,0,,260.66,1,0,1
B035,2023-05-25 21:00:00,0,810G0060,0,,260.62,1,0,1
B035,2023-05-25 22:00:00,0,810G0060,0,,260.59,1,0,1
B035,2023-05-25 23:00:00,0,810G0060,0,,260.56,1,0,1
B035,2023-05-26 00:00:00,0,810G0060,0,,260.54,1,0,1
B035,2023-05-26 01:00:00,0,810G0060,0,,260.52,1,0,1
B035,2023-05-26 02:00:00,0,810G0060,0,,260.51,1,0,1
B035,2023-05-26 03:00:00,0,810G0060,0,,260.5,1,0,1
B035,2023-05-26 04:00:00,0,810G0060,0,,260.49,1,0,1
B035,2023-05-26 05:00:00,0,810G0060,0,,260.48,1,0,1
B035,2023-05-26 06:00:00,0,810G0060,0,,260.47,1,0,1
B035,2023-05-26 07:00:00,0,810G0060,10.27901429,,260.47,1,0,1
B035,2023-05-26 08:00:00,0,810G0060,0,,260.46,1,0,1
B035,2023-05-26 09:00:00,0,810G0060,0,,260.46,1,0,1
B035,2023-05-26 10:00:00,0,810G0060,0,,260.45,1,0,1
B035,2023-05-26 11:00:00,0,810G0060,0,,260.44,1,0,1
B035,2023-05-26 12:00:00,0,810G0060,0.04057817269,,260.44,1,0,1
B035,2023-05-26 13:00:00,0,810G0060,0,,260.43,1,0,1
B035,2023-05-26 14:00:00,0,810G0060,0.06748762686,,260.43,1,0,1
B035,2023-05-26 15:00:00,0,810G0060,0,,260.42,1,0,1
B035,2023-05-26 16:00:00,0,810G0060,0,,260.42,1,0,1
B035,2023-05-26 17:00:00,0,810G0060,0.09570464026,,260.42,1,0,1
B035,2023-05-26 18:00:00,0,810G0060,0,,260.41,1,0,1
B035,2023-05-26 19:00:00,0,810G0060,0,,260.41,1,0,1
B035,2023-05-26 20:00:00,0,810G0060,0,,260.41,1,0,1
B035,2023-05-26 21:00:00,0,810G0060,0,,260.41,1,0,1
B035,2023-05-26 22:00:00,0,810G0060,0.02699505074,,260.41,1,0,1
B035,2023-05-26 23:00:00,0,810G0060,0.0712633281,,260.4,1,0,1
B035,2023-05-27 00:00:00,0,810G0060,0,,260.4,1,0,1
B035,2023-05-27 01:00:00,0,810G0060,0.06809860819,,260.4,1,0,1
B035,2023-05-27 02:00:00,0,810G0060,0,,260.4,1,0,1
B035,2023-05-27 03:00:00,0,810G0060,0.02699505074,,260.4,1,0,1
B035,2023-05-27 04:00:00,0,810G0060,0.01349752537,,260.39,1,0,1
B035,2023-05-27 05:00:00,0,810G0060,0,,260.39,1,0,1
B035,2023-05-27 06:00:00,0,810G0060,0,,260.39,1,0,1
B035,2023-05-27 07:00:00,0,810G0060,0.4427765407,,260.39,1,0,1
B035,2023-05-27 08:00:00,0,810G0060,0,,260.4,1,0,1
B035,2023-05-27 09:00:00,0,810G0060,0,,260.4,1,0,1
B035,2023-05-27 10:00:00,0,810G0060,0,,260.39,1,0,1
B035,2023-05-27 11:00:00,0,810G0060,0,,260.39,1,0,1
B035,2023-05-27 12:00:00,0,810G0060,0,,260.39,1,0,1
B035,2023-05-27 13:00:00,0,810G0060,0,,260.39,1,0,1
B035,2023-05-27 14:00:00,0,810G0060,0.03175891311,,260.39,1,0,1
B035,2023-05-27 15:00:00,0,810G0060,0,,260.38,1,0,1
B035,2023-05-27 16:00:00,0,810G0060,0,,260.38,1,0,1
B035,2023-05-27 17:00:00,0,810G0060,0,,260.38,1,0,1
B035,2023-05-27 18:00:00,0,810G0060,0,,260.38,1,0,1
B035,2023-05-27 19:00:00,0,810G0060,0,,260.38,1,0,1
B035,2023-05-27 20:00:00,0,810G0060,0,,260.38,1,0,1
B035,2024-02-01 19:00:00,0,810G0060,0.04130605607,,259.06,1,0,1
B035,2024-02-01 20:00:00,0,810G0060,0.0003639416916,,259.06,1,0,1
B035,2024-02-01 21:00:00,0,810G0060,0.0003219270996,,259,1,0,1
B035,2024-02-01 22:00:00,0,810G0060,0.02855831006,,259,1,0,1
B035,2024-02-01 23:00:00,0,810G0060,0.0003639416916,,259,1,0,1
B035,2024-02-02 00:00:00,0,810G0060,0.0003639416916,,259,1,0,1
B035,2024-02-02 01:00:00,0,810G0060,0,,259,1,0,1
B035,2024-02-02 02:00:00,0,810G0060,0.04094211438,,259,1,0,1
B035,2024-02-02 03:00:00,0,810G0060,0,,259,1,0,1
B035,2024-02-02 04:00:00,0,810G0060,0.0009657812988,,259,1,0,1
B035,2024-02-02 05:00:00,0,810G0060,0,,259,1,0,1
B035,2024-02-02 06:00:00,0,810G0060,0,,259,1,0,1
B035,2024-02-02 07:00:00,0,810G0060,0.1135499557,,259,1,0,1
B035,2024-02-02 08:00:00,0,810G0060,0,,259,1,0,1
B035,2024-02-02 09:00:00,0,810G0060,0,,259,1,0,1
B035,2024-02-02 10:00:00,0,810G0060,0,,259,1,0,1
B035,2024-02-02 11:00:00,0,810G0060,0,,259,1,0,1
B035,2024-02-02 12:00:00,0,810G0060,0,,259,1,0,1
B035,2024-02-02 13:00:00,0,810G0060,0,,259,1,0,1
B035,2024-02-02 14:00:00,0,810G0060,0,,259,1,0,1
B035,2024-02-02 15:00:00,0,810G0060,0.005257230074,,259,1,0,1
B035,2024-02-02 16:00:00,0,810G0060,0,,259,1,0,1
B035,2024-02-02 17:00:00,0,810G0060,0,,259,1,0,1
B035,2024-02-02 18:00:00,0,810G0060,0,,259,1,0,1
B035,2024-02-02 19:00:00,0,810G0060,0,,259,1,0,1
B035,2024-02-02 20:00:00,0,810G0060,0,,259,1,0,1
B035,2024-02-02 21:00:00,0,810G0060,0,,259,1,0,1
B035,2024-02-02 22:00:00,0,810G0060,0,,259,1,0,1
B035,2024-02-02 23:00:00,0,810G0060,0,,259,1,0,1
B035,2024-02-03 00:00:00,0,810G0060,0,,259,1,0,1
B035,2024-02-03 01:00:00,0,810G0060,0,,259,1,0,1
B035,2024-02-03 02:00:00,0,810G0060,0.04110355744,,259,1,0,1
B035,2024-02-03 03:00:00,0,810G0060,0,,259,1,0,1
B035,2024-02-03 04:00:00,0,810G0060,0,,259,1,0,1
B035,2024-02-03 05:00:00,0,810G0060,0.002451770002,,259,1,0,1
B035,2024-02-03 06:00:00,0,810G0060,0.04057817269,,259,1,0,1
B035,2024-02-03 07:00:00,0,810G0060,0.1050402229,,259,1,0,1
B035,2024-02-03 08:00:00,0,810G0060,0.04057817269,,259,1,0,1
B035,2024-02-03 09:00:00,0,810G0060,0,,259,1,0,1
B035,2024-02-03 10:00:00,0,810G0060,0,,259,1,0,1
B035,2024-02-03 11:00:00,0,810G0060,0,,259,1,0,1
B035,2024-02-03 12:00:00,0,810G0060,0,,259,1,0,1
B035,2024-02-03 13:00:00,0,810G0060,0,,259,1,0,1
B035,2024-02-03 14:00:00,0,810G0060,0,,259,1,0,1
B035,2024-02-03 15:00:00,0,810G0060,0,,259,1,0,1
B035,2024-02-03 16:00:00,0,810G0060,0,,259,1,0,1
B035,2024-02-03 17:00:00,0,810G0060,0,,259,1,0,1
B035,2024-02-03 18:00:00,0,810G0060,0,,259,1,0,1
B035,2024-02-03 19:00:00,0,810G0060,0.0003219270996,,259,1,0,1
B035,2024-02-03 20:00:00,0,810G0060,0.04110355744,,259,1,0,1
B035,2024-02-03 21:00:00,0,810G0060,0.06523392019,,259,1,0,1
B035,2024-02-03 22:00:00,0,810G0060,0,,259.53,1,0,1
B035,2024-02-03 23:00:00,0,810G0060,0,,259.56,1,0,1
B035,2024-02-04 00:00:00,0,810G0060,0.0197522075,,259.58,1,0,1
B035,2024-02-04 01:00:00,0,810G0060,0.004903540004,,259.59,1,0,1
B035,2024-02-04 02:00:00,0,810G0060,0,,259.6,1,0,1
B035,2024-02-04 03:00:00,0,810G0060,0.04110355744,,259.6,1,0,1
B035,2024-02-04 04:00:00,0,810G0060,0.1235197793,,259.61,1,0,1
B035,2024-02-04 05:00:00,0,810G0060,0.324574423,,259.62,1,0,1
B035,2024-02-04 06:00:00,0,810G0060,0.6719420419,,259.65,1,0,1
B035,2024-02-04 07:00:00,0,810G0060,1.212132097,,259.69,1,0,1
B035,2024-02-04 08:00:00,0,810G0060,0.9026450341,,259.8,1,0,1
B035,2024-02-04 09:00:00,0,810G0060,1.082496846,,260.25,1,0,1
B035,2024-02-04 10:00:00,0,810G0060,0.858266154,,260.24,1,0,1
B035,2024-02-04 11:00:00,0,810G0060,0.3571103301,,260.25,1,0,1
B035,2024-02-04 12:00:00,0,810G0060,0.4219918098,,260.26,1,0,1
B035,2024-02-04 13:00:00,0,810G0060,0.1218234371,,260.25,1,0,1
B035,2024-02-04 14:00:00,0,810G0060,0.1354080793,,260.23,1,0,1
B035,2024-02-04 15:00:00,0,810G0060,0,,260.14,1,0,1
B035,2024-02-04 16:00:00,0,810G0060,0,,259.81,1,0,1
B035,2024-02-04 17:00:00,0,810G0060,0,,259.45,1,0,1
B035,2024-02-04 18:00:00,0,810G0060,0,,259.39,1,0,1
B035,2024-02-04 19:00:00,0,810G0060,0,,259.39,1,0,1
B035,2024-02-04 20:00:00,0,810G0060,0,,259.39,1,0,1
B035,2024-02-04 21:00:00,0,810G0060,0,,259.37,1,0,1
B035,2024-02-04 22:00:00,0,810G0060,0,,259.36,1,0,1
B035,2024-02-04 23:00:00,0,810G0060,0,,259.35,1,0,1
B035,2024-02-05 00:00:00,0,810G0060,0,,259.33,1,0,1
B035,2024-02-05 01:00:00,0,810G0060,0,,259.32,1,0,1
B035,2024-02-05 02:00:00,0,810G0060,0,,259.32,1,0,1
B035,2024-02-05 03:00:00,0,810G0060,0.0006438541992,,259.31,1,0,1
B035,2024-02-05 04:00:00,0,810G0060,0,,259.31,1,0,1
B035,2024-02-05 05:00:00,0,810G0060,0,,259.3,1,0,1
B035,2024-02-05 06:00:00,0,810G0060,0.04057817269,,259.3,1,0,1
B035,2024-02-05 07:00:00,0,810G0060,3.275404503,,259.29,1,0,1
B035,2024-02-05 08:00:00,0,810G0060,0,,259.29,1,0,1
B035,2024-02-05 09:00:00,0,810G0060,0.08220711489,,259.28,1,0,1
B035,2024-02-05 10:00:00,0,810G0060,0.04302994269,,259.28,1,0,1
B035,2024-02-05 11:00:00,0,810G0060,1.291510106,,259.28,1,0,1
B035,2024-02-05 12:00:00,0,810G0060,0.08937291125,,259.27,1,0,1
B035,2024-02-05 13:00:00,0,810G0060,0,,,1,0,0
B035,2024-02-05 14:00:00,0,810G0060,0,,259.27,1,0,1
B035,2024-02-05 15:00:00,0,810G0060,0.005257230074,,259.26,1,0,1
B035,2024-02-05 16:00:00,0,810G0060,0.0003219270996,,259.49,1,0,1
B035,2024-02-05 17:00:00,0,810G0060,0.04783370762,,259.74,1,0,1
B035,2024-02-05 18:00:00,0,810G0060,0,,259.85,1,0,1
B035,2024-02-05 19:00:00,0,810G0060,0,,259.9,1,0,1
B035,2024-02-05 20:00:00,0,810G0060,0,,260,1,0,1
B035,2024-02-05 21:00:00,0,810G0060,0.0003219270996,,260.07,1,0,1
B035,2024-02-05 22:00:00,0,810G0060,0,,260.09,1,0,1
B035,2024-02-05 23:00:00,0,810G0060,0,,260.09,1,0,1
B035,2024-02-06 00:00:00,0,810G0060,0,,260.09,1,0,1
B035,2024-02-06 01:00:00,0,810G0060,0,,260.09,1,0,1
B035,2024-02-06 02:00:00,0,810G0060,0,,260.09,1,0,1
B035,2024-02-06 03:00:00,0,810G0060,0,,260.09,1,0,1
B035,2024-02-06 04:00:00,0,810G0060,0.0003219270996,,260.08,1,0,1
B035,2024-02-06 05:00:00,0,810G0060,0,,260.08,1,0,1
B035,2024-02-06 06:00:00,0,810G0060,0,,260.08,1,0,1
B035,2024-02-06 07:00:00,0,810G0060,1.538742296,,260.08,1,0,1
B035,2024-02-06 08:00:00,0,810G0060,0,,260.15,1,0,1
B035,2024-02-06 09:00:00,0,810G0060,0,,260.13,1,0,1
B035,2024-02-06 10:00:00,0,810G0060,0.0197522075,,260.13,1,0,1
B035,2024-02-06 11:00:00,0,810G0060,0.02855831006,,260.12,1,0,1
B035,2024-02-06 12:00:00,0,810G0060,0,,260.13,1,0,1
B035,2024-02-06 13:00:00,0,810G0060,0.04335186979,,260.14,1,0,1
B035,2024-02-06 14:00:00,0,810G0060,0.0006438541992,,260.14,1,0,1
B035,2024-02-06 15:00:00,0,810G0060,0.1812052996,,260.14,1,0,1
B035,2024-06-06 23:00:00,0,810G0060,0,,259.17,1,0,1
B035,2024-06-07 00:00:00,0,810G0060,0,,259.17,1,0,1
B035,2024-06-07 01:00:00,0,810G0060,0,,259.17,1,0,1
B035,2024-06-07 02:00:00,0,810G0060,0,,259.17,1,0,1
B035,2024-06-07 03:00:00,0,810G0060,0,,259.16,1,0,1
B035,2024-06-07 04:00:00,0,810G0060,0.106630501,,259.16,1,0,1
B035,2024-06-07 05:00:00,0,810G0060,0,,259.16,1,0,1
B035,2024-06-07 06:00:00,0,810G0060,0,,259.16,1,0,1
B035,2024-06-07 07:00:00,0,810G0060,0.1253852564,,259.16,1,0,1
B035,2024-06-07 08:00:00,0,810G0060,0.01349752537,,259.16,1,0,1
B035,2024-06-07 09:00:00,0,810G0060,0.04783370762,,259.17,1,0,1
B035,2024-06-07 10:00:00,0,810G0060,0,,259.16,1,0,1
B035,2024-06-07 11:00:00,0,810G0060,0.01349752537,,259.16,1,0,1
B035,2024-06-07 12:00:00,0,810G0060,0,,259.16,1,0,1
B035,2024-06-07 13:00:00,0,810G0060,0.01349752537,,259.16,1,0,1
B035,2024-06-07 14:00:00,0,810G0060,0.01349752537,,259.16,1,0,1
B035,2024-06-07 15:00:00,0,810G0060,0,,259.16,1,0,1
B035,2024-06-07 16:00:00,0,810G0060,0.02699505074,,259.16,1,0,1
B035,2024-06-07 17:00:00,0,810G0060,0.01349752537,,259.15,1,0,1
B035,2024-06-07 18:00:00,0,810G0060,0,,259.15,1,0,1
B035,2024-06-07 19:00:00,0,810G0060,0.01349752537,,259.16,1,0,1
B035,2024-06-07 20:00:00,0,810G0060,0.01349752537,,259.16,1,0,1
B035,2024-06-07 21:00:00,0,810G0060,0,,259.16,1,0,1
B035,2024-06-07 22:00:00,0,810G0060,0.01349752537,,259.15,1,0,1
B035,2024-06-07 23:00:00,0,810G0060,0,,259.15,1,0,1
B035,2024-06-08 00:00:00,0,810G0060,0,,259.15,1,0,1
B035,2024-06-08 01:00:00,0,810G0060,0,,259.15,1,0,1
B035,2024-06-08 02:00:00,0,810G0060,0,,259.15,1,0,1
B035,2024-06-08 03:00:00,0,810G0060,0,,259.15,1,0,1
B035,2024-06-08 04:00:00,0,810G0060,0,,259.15,1,0,1
B035,2024-06-08 05:00:00,0,810G0060,0,,259.15,1,0,1
B035,2024-06-08 06:00:00,0,810G0060,0,,,1,0,0
B035,2024-06-08 07:00:00,0,810G0060,0.1828089613,,259.15,1,0,1
B035,2024-06-08 08:00:00,0,810G0060,0.0490344753,,259.15,1,0,1
B035,2024-06-08 09:00:00,0,810G0060,0,,259.15,1,0,1
B035,2024-06-08 10:00:00,0,810G0060,0,,259.15,1,0,1
B035,2024-06-08 11:00:00,0,810G0060,0,,259.15,1,0,1
B035,2024-06-08 12:00:00,0,810G0060,0,,259.15,1,0,1
B035,2024-06-08 13:00:00,0,810G0060,0,,259.15,1,0,1
B035,2024-06-08 14:00:00,0,810G0060,0,,259.15,1,0,1
B035,2024-06-08 15:00:00,0,810G0060,0,,259.15,1,0,1
B035,2024-06-08 16:00:00,0,810G0060,0,,259.14,1,0,1
B035,2024-06-08 17:00:00,0,810G0060,0,,259.15,1,0,1
B035,2024-06-08 18:00:00,0,810G0060,0,,259.14,1,0,1
B035,2024-06-08 19:00:00,0,810G0060,0,,259.14,1,0,1
B035,2024-06-08 20:00:00,0,810G0060,0,,259.15,1,0,1
B035,2024-06-08 21:00:00,0,810G0060,0,,259.82,1,0,1
B035,2024-06-08 22:00:00,0,810G0060,0,,260.3,1,0,1
B035,2024-06-08 23:00:00,0,810G0060,0.04110355744,,260.36,1,0,1
B035,2024-06-09 00:00:00,0,810G0060,0.2564890866,,260.36,1,0,1
B035,2024-06-09 01:00:00,0,810G0060,2.385095412,,260.36,1,0,1
B035,2024-06-09 02:00:00,0,810G0060,0.2185409969,,260.37,1,0,1
B035,2024-06-09 03:00:00,0,810G0060,0.005257230074,,260.38,1,0,1
B035,2024-06-09 04:00:00,0,810G0060,0.02855831006,,260.38,1,0,1
B035,2024-06-09 05:00:00,0,810G0060,0,,260.38,1,0,1
B035,2024-06-09 06:00:00,0,810G0060,0.2660638053,,260.39,1,0,1
B035,2024-06-09 07:00:00,0,810G0060,0.9347217267,,259.2,1,0,1
B035,2024-06-09 08:00:00,0,810G0060,0.207615813,,259.17,1,0,1
B035,2024-06-09 09:00:00,0,810G0060,0.6684880682,,259.17,1,0,1
B035,2024-06-09 10:00:00,0,810G0060,0.5954196938,,259.17,1,0,1
B035,2024-06-09 11:00:00,0,810G0060,0.6380723048,,259.17,1,0,1
B035,2024-06-09 12:00:00,0,810G0060,0.02855831006,,259.19,1,0,1
B035,2024-06-09 13:00:00,0,810G0060,0.08445247909,,259.2,1,0,1
B035,2024-06-09 14:00:00,0,810G0060,0.061331233,,259.2,1,0,1
B035,2024-06-09 15:00:00,0,810G0060,0.04234521748,,259.2,1,0,1
B035,2024-06-09 16:00:00,0,810G0060,0.01349752537,,259.19,1,0,1
B035,2024-06-09 17:00:00,0,810G0060,0.05273724763,,259.19,1,0,1
B035,2024-06-09 18:00:00,0,810G0060,0.1039285949,,259.19,1,0,1
B035,2024-06-09 19:00:00,0,810G0060,0.01594929537,,259.19,1,0,1
B035,2024-06-09 20:00:00,0,810G0060,7.082455313,,259.18,1,0,1
B035,2024-06-09 21:00:00,0,810G0060,2.764461017,,259.9,1,0,1
B035,2024-06-09 22:00:00,0,810G0060,0.8289047856,,260.38,1,0,1
B035,2024-06-09 23:00:00,0,810G0060,0.05356774763,,260.46,1,0,1
B035,2024-06-10 00:00:00,0,810G0060,0.1607721328,,260.51,1,0,1
B035,2024-06-10 01:00:00,0,810G0060,0.3168445169,,260.54,1,0,1
B035,2024-06-10 02:00:00,0,810G0060,0.2579714347,,260.55,1,0,1
B035,2024-06-10 03:00:00,0,810G0060,0.2185326071,,260.54,1,0,1
B035,2024-06-10 04:00:00,0,810G0060,0.01090823147,,260.54,1,0,1
B035,2024-06-10 05:00:00,0,810G0060,0.02920216426,,260.53,1,0,1
B035,2024-06-10 06:00:00,0,810G0060,0.08220711489,,260.52,1,0,1
B035,2024-06-10 07:00:00,0,810G0060,9.428659707,,259.24,1,0,1
B035,2024-06-10 08:00:00,0,810G0060,0.1922592873,,259.25,1,0,1
B035,2024-06-10 09:00:00,0,810G0060,0.04205583543,,259.25,1,0,1
B035,2024-06-10 10:00:00,0,810G0060,0.08635372277,,259.25,1,0,1
B035,2024-06-10 11:00:00,0,810G0060,0.01349752537,,259.25,1,0,1
B035,2024-06-10 12:00:00,0,810G0060,0,,259.24,1,0,1
B035,2024-06-10 13:00:00,0,810G0060,0.1091649406,,259.24,1,0,1
B035,2024-06-10 14:00:00,0,810G0060,0.01349752537,,259.23,1,0,1
B035,2024-06-10 15:00:00,0,810G0060,1.200825214,,259.23,1,0,1
B035,2024-06-10 16:00:00,0,810G0060,0.5366927595,,259.23,1,0,1
B035,2024-06-10 17:00:00,0,810G0060,0.02502248978,,259.24,1,0,1
B035,2024-06-10 18:00:00,0,810G0060,0.01349752537,,259.23,1,0,1
B035,2024-06-10 19:00:00,0,810G0060,0,,,1,0,0
B035,2024-06-10 20:00:00,0,810G0060,0.01414137957,,,1,0,0
B035,2024-06-10 21:00:00,0,810G0060,0.01478523377,,260.05,1,0,1
B035,2024-06-10 22:00:00,0,810G0060,0.0006438541992,,260.44,1,0,1
B035,2024-06-10 23:00:00,0,810G0060,0,,260.45,1,0,1
B035,2024-06-11 00:00:00,0,810G0060,0,,260.45,1,0,1
B035,2024-06-11 01:00:00,0,810G0060,0.04726590211,,260.44,1,0,1
B035,2024-06-11 02:00:00,0,810G0060,0,,260.44,1,0,1
B035,2024-06-11 03:00:00,0,810G0060,0.005257230074,,260.43,1,0,1
B035,2024-06-11 04:00:00,0,810G0060,0.04110355744,,260.43,1,0,1
B035,2024-06-11 05:00:00,0,810G0060,0.0003219270996,,260.43,1,0,1
B035,2024-06-11 06:00:00,0,810G0060,0.0003639416916,,260.43,1,0,1
B035,2024-06-11 07:00:00,0,810G0060,2.294550824,,259.21,1,0,1
B035,2024-06-11 08:00:00,0,810G0060,0.2180222062,,259.2,1,0,1
B035,2024-06-11 09:00:00,0,810G0060,0.01349752537,,259.2,1,0,1
B035,2024-06-11 10:00:00,0,810G0060,0,,259.2,1,0,1
B035,2024-06-11 11:00:00,0,810G0060,0.061331233,,259.2,1,0,1
B035,2024-06-11 12:00:00,0,810G0060,0.01349752537,,259.2,1,0,1
B035,2024-06-11 13:00:00,0,810G0060,0,,259.2,1,0,1
B035,2024-06-11 14:00:00,0,810G0060,0.05979764618,,259.19,1,0,1
B035,2024-06-11 15:00:00,0,810G0060,0,,259.19,1,0,1
B035,2024-06-11 16:00:00,0,810G0060,0.0003219270996,,259.19,1,0,1
B035,2024-06-11 17:00:00,0,810G0060,0,,259.19,1,0,1
B035,2024-06-11 18:00:00,0,810G0060,0,,259.19,1,0,1
B035,2024-06-11 19:00:00,0,810G0060,0.05399010149,,259.18,1,0,1
B035,2024-06-11 20:00:00,0,810G0060,0.0003639416916,,259.18,1,0,1
B035,2024-06-11 21:00:00,0,810G0060,0.01349752537,,259.18,1,0,1
B035,2024-06-11 22:00:00,0,810G0060,0.01349752537,,259.18,1,0,1
B035,2024-06-11 23:00:00,0,810G0060,0.01381945247,,259.18,1,0,1
B035,2024-06-12 00:00:00,0,810G0060,0,,259.18,1,0,1
B035,2024-06-12 01:00:00,0,810G0060,0,,259.18,1,0,1
B035,2024-06-12 02:00:00,0,810G0060,0,,259.18,1,0,1
B035,2024-06-12 03:00:00,0,810G0060,0,,259.17,1,0,1
B035,2024-06-12 04:00:00,0,810G0060,0,,259.18,1,0,1
B035,2024-06-12 05:00:00,0,810G0060,0,,259.18,1,0,1
B035,2024-06-12 06:00:00,0,810G0060,0,,259.18,1,0,1
B035,2024-06-12 07:00:00,0,810G0060,0.4149725471,,259.18,1,0,1
B035,2024-06-12 08:00:00,0,810G0060,0.01349752537,,259.17,1,0,1
B035,2024-06-12 09:00:00,0,810G0060,0.01349752537,,259.17,1,0,1
B035,2024-06-12 10:00:00,0,810G0060,0,,259.17,1,0,1
B035,2024-06-12 11:00:00,0,810G0060,0.01349752537,,259.17,1,0,1
B035,2024-06-12 12:00:00,0,810G0060,0.01349752537,,259.17,1,0,1
B035,2024-06-12 13:00:00,0,810G0060,0,,259.17,1,0,1
B035,2024-06-12 14:00:00,0,810G0060,0.01349752537,,259.17,1,0,1
B035,2024-06-12 15:00:00,0,810G0060,0,,259.17,1,0,1
B035,2024-06-12 16:00:00,0,810G0060,0.01349752537,,259.17,1,0,1
B035,2024-06-12 17:00:00,0,810G0060,0.01349752537,,259.16,1,0,1
B035,2024-06-12 18:00:00,0,810G0060,0,,259.17,1,0,1
B035,2024-06-12 19:00:00,0,810G0060,0.01349752537,,259.17,1,0,1
B035,2024-06-12 20:00:00,0,810G0060,0.1529306218,,259.17,1,0,1
B035,2024-06-12 21:00:00,0,810G0060,0.007709000076,,259.81,1,0,1
B035,2024-06-12 22:00:00,0,810G0060,0.07617391463,,260.32,1,0,1
B035,2024-06-12 23:00:00,0,810G0060,0,,260.37,1,0,1
B035,2024-06-13 00:00:00,0,810G0060,0.0985619926,,260.37,1,0,1
B035,2024-06-13 01:00:00,0,810G0060,0,,260.37,1,0,1
B035,2024-06-13 02:00:00,0,810G0060,0.04057817269,,260.37,1,0,1
B035,2024-06-13 03:00:00,0,810G0060,0,,260.37,1,0,1
B035,2024-06-13 04:00:00,0,810G0060,0.09296418331,,260.37,1,0,1
B035,2024-06-13 05:00:00,0,810G0060,0.1951260043,,260.37,1,0,1
B035,2024-06-13 06:00:00,0,810G0060,0,,260.37,1,0,1
B035,2024-06-13 07:00:00,0,810G0060,0.708332942,,260.37,1,0,1
B035,2024-06-13 08:00:00,0,810G0060,0,,260.37,1,0,1
B035,2024-06-13 09:00:00,0,810G0060,0,,260.37,1,0,1
B035,2024-06-13 10:00:00,0,810G0060,0,,260.37,1,0,1
B035,2024-06-13 11:00:00,0,810G0060,0,,260.37,1,0,1
B035,2024-06-13 12:00:00,0,810G0060,0.04702800419,,260.37,1,0,1
B035,2024-06-13 13:00:00,0,810G0060,0,,260.37,1,0,1
B035,2024-06-13 14:00:00,0,810G0060,0.04057817269,,260.37,1,0,1
B035,2024-06-13 15:00:00,0,810G0060,0,,260.37,1,0,1
B035,2024-06-13 16:00:00,0,810G0060,0,,260.37,1,0,1
B035,2024-06-13 17:00:00,0,810G0060,0,,260.36,1,0,1
B035,2024-06-13 18:00:00,0,810G0060,0,,260.36,1,0,1
B035,2024-06-13 19:00:00,0,810G0060,0,,260.36,1,0,1
B035,2024-06-13 20:00:00,0,810G0060,0,,260.36,1,0,1
B035,2024-06-13 21:00:00,0,810G0060,0,,260.36,1,0,1
B035,2024-06-13 22:00:00,0,810G0060,0,,260.36,1,0,1
B035,2024-06-13 23:00:00,0,810G0060,0,,260.36,1,0,1
B035,2024-06-14 00:00:00,0,810G0060,0,,260.36,1,0,1
